233158,3219.202558,1196,848,4.349874334,0.282724586,Alpinia Galanga (Rasna)
192148,2810.374137,913,945,4.490210671,0.305715496,Alpinia Galanga (Rasna)
283368.5,3965.002762,1481,1125,5.879711401,0.226503255,Alpinia Galanga (Rasna)
227114,4199.744952,1597,1192,8.381799449,0.161810961,Alpinia Galanga (Rasna)
330718.5,3988.233204,1473,1139,5.073036434,0.26128066,Alpinia Galanga (Rasna)
278890,3859.446414,1423,1117,5.699347413,0.235284206,Alpinia Galanga (Rasna)
230327,4077.696186,1516,1156,7.608730197,0.174070423,Alpinia Galanga (Rasna)
403539.5,4014.895119,1471,1113,4.057156734,0.314591878,Alpinia Galanga (Rasna)
224634.5,3344.939704,1208,1000,5.377624541,0.252295633,Alpinia Galanga (Rasna)
320837,4098.416977,1533,1145,5.470955657,0.240028067,Alpinia Galanga (Rasna)
325540,3356.33964,1185,948,3.450820176,0.363146965,Alpinia Galanga (Rasna)
471036.5,3437.798449,1222,900,2.334850909,0.5008453,Alpinia Galanga (Rasna)
246091,3964.867754,1475,1162,6.96470005,0.196719849,Alpinia Galanga (Rasna)
302086.5,3909.429168,1439,1149,5.473303176,0.248378777,Alpinia Galanga (Rasna)
228837,3252.790432,1204,924,4.86152152,0.271784035,Alpinia Galanga (Rasna)
304500,3813.824042,1379,1117,5.058597701,0.263072745,Alpinia Galanga (Rasna)
260646.5,3840.208818,1405,1100,5.929486872,0.222101801,Alpinia Galanga (Rasna)
259383,3996.21595,1482,1143,6.53059761,0.204104921,Alpinia Galanga (Rasna)
329545,4205.495172,1572,1162,5.542988059,0.234147925,Alpinia Galanga (Rasna)
368475.5,3789.532635,1390,1068,4.028816027,0.322438712,Alpinia Galanga (Rasna)
472508,3293.423774,1160,817,2.005722654,0.547423954,Alpinia Galanga (Rasna)
247125.5,3218.783291,1176,902,4.292361573,0.299739479,Alpinia Galanga (Rasna)
418791.5,4072.576356,1447,1172,4.049470918,0.3172994,Alpinia Galanga (Rasna)
468989.5,4058.326576,1473,1134,3.561661828,0.357831855,Alpinia Galanga (Rasna)
462565.5,3091.534389,1023,786,1.738300846,0.608183927,Alpinia Galanga (Rasna)
203075,3857.210912,1421,1147,8.026034716,0.17152189,Alpinia Galanga (Rasna)
394945.5,3095.323271,1051,828,2.203412876,0.51800626,Alpinia Galanga (Rasna)
206861,2988.967062,1051,927,4.709814803,0.290968668,Alpinia Galanga (Rasna)
291983.5,4186.046461,1573,1193,6.427037829,0.209392,Alpinia Galanga (Rasna)
355184,4398.999799,1593,1183,5.305754201,0.230651017,Alpinia Galanga (Rasna)
321312,4028.735727,1530,1084,5.161711981,0.248770712,Alpinia Galanga (Rasna)
465098.5,3471.538561,1275,880,2.412392214,0.484965468,Alpinia Galanga (Rasna)
277723.5,4137.630163,1580,1119,6.366115939,0.203853961,Alpinia Galanga (Rasna)
430684,2991.978042,983,799,1.823650287,0.604577246,Alpinia Galanga (Rasna)
490095.5,3295.95069,1075,908,1.991652647,0.566929646,Alpinia Galanga (Rasna)
303616,3899.706293,1426,1128,5.297902614,0.250882703,Alpinia Galanga (Rasna)
328768,3826.770227,1403,1092,4.660052073,0.282120491,Alpinia Galanga (Rasna)
343306,4013.304279,1494,1133,4.930592533,0.267847182,Alpinia Galanga (Rasna)
233934.5,4037.713425,1532,1129,7.393642237,0.180315539,Alpinia Galanga (Rasna)
291848.5,3904.718486,1436,1135,5.584609823,0.240540313,Alpinia Galanga (Rasna)
330274,3424.353926,1119,1121,3.798055554,0.353937811,Alpinia Galanga (Rasna)
403085,4116.593606,1502,1148,4.27774787,0.298903163,Alpinia Galanga (Rasna)
480563.5,3287.656319,1077,967,2.167162092,0.558711773,Alpinia Galanga (Rasna)
258352.5,3293.057463,1172,984,4.463854617,0.299380779,Alpinia Galanga (Rasna)
239432,4012.323599,1497,1157,7.233907748,0.186896063,Alpinia Galanga (Rasna)
382780.5,3506.204648,1196,1048,3.274482373,0.391277745,Alpinia Galanga (Rasna)
263357,3751.539779,1394,1058,5.600200488,0.23514493,Alpinia Galanga (Rasna)
299670.5,4109.22815,1553,1142,5.918253548,0.223014627,Alpinia Galanga (Rasna)
331681.5,4264.448498,1599,1191,5.741679895,0.229195119,Alpinia Galanga (Rasna)
251554.5,3674.953995,1368,1061,5.769914671,0.234065896,Alpinia Galanga (Rasna)
233158,3219.202558,1196,848,4.349874334,0.282724586,Alpinia Galanga (Rasna)
471036.5,3437.798449,1222,900,2.334850909,0.5008453,Alpinia Galanga (Rasna)
418791.5,4072.576356,1447,1172,4.049470918,0.3172994,Alpinia Galanga (Rasna)
430684,2991.978042,983,799,1.823650287,0.604577246,Alpinia Galanga (Rasna)
239432,4012.323599,1497,1157,7.233907748,0.186896063,Alpinia Galanga (Rasna)
263357,3751.539779,1394,1058,5.600200488,0.23514493,Alpinia Galanga (Rasna)
299670.5,4109.22815,1553,1142,5.918253548,0.223014627,Alpinia Galanga (Rasna)
331681.5,4264.448498,1599,1191,5.741679895,0.229195119,Alpinia Galanga (Rasna)
251554.5,3674.953995,1368,1061,5.769914671,0.234065896,Alpinia Galanga (Rasna)
192148,2810.374137,913,945,4.490210671,0.305715496,Alpinia Galanga (Rasna)
283368.5,3965.002762,1481,1125,5.879711401,0.226503255,Alpinia Galanga (Rasna)
227114,4199.744952,1597,1192,8.381799449,0.161810961,Alpinia Galanga (Rasna)
330718.5,3988.233204,1473,1139,5.073036434,0.26128066,Alpinia Galanga (Rasna)
278890,3859.446414,1423,1117,5.699347413,0.235284206,Alpinia Galanga (Rasna)
230327,4077.696186,1516,1156,7.608730197,0.174070423,Alpinia Galanga (Rasna)
403539.5,4014.895119,1471,1113,4.057156734,0.314591878,Alpinia Galanga (Rasna)
224634.5,3344.939704,1208,1000,5.377624541,0.252295633,Alpinia Galanga (Rasna)
320837,4098.416977,1533,1145,5.470955657,0.240028067,Alpinia Galanga (Rasna)
325540,3356.33964,1185,948,3.450820176,0.363146965,Alpinia Galanga (Rasna)
246091,3964.867754,1475,1162,6.96470005,0.196719849,Alpinia Galanga (Rasna)
302086.5,3909.429168,1439,1149,5.473303176,0.248378777,Alpinia Galanga (Rasna)
228837,3252.790432,1204,924,4.86152152,0.271784035,Alpinia Galanga (Rasna)
304500,3813.824042,1379,1117,5.058597701,0.263072745,Alpinia Galanga (Rasna)
260646.5,3840.208818,1405,1100,5.929486872,0.222101801,Alpinia Galanga (Rasna)
259383,3996.21595,1482,1143,6.53059761,0.204104921,Alpinia Galanga (Rasna)
329545,4205.495172,1572,1162,5.542988059,0.234147925,Alpinia Galanga (Rasna)
368475.5,3789.532635,1390,1068,4.028816027,0.322438712,Alpinia Galanga (Rasna)
472508,3293.423774,1160,817,2.005722654,0.547423954,Alpinia Galanga (Rasna)
247125.5,3218.783291,1176,902,4.292361573,0.299739479,Alpinia Galanga (Rasna)
468989.5,4058.326576,1473,1134,3.561661828,0.357831855,Alpinia Galanga (Rasna)
462565.5,3091.534389,1023,786,1.738300846,0.608183927,Alpinia Galanga (Rasna)
203075,3857.210912,1421,1147,8.026034716,0.17152189,Alpinia Galanga (Rasna)
394945.5,3095.323271,1051,828,2.203412876,0.51800626,Alpinia Galanga (Rasna)
206861,2988.967062,1051,927,4.709814803,0.290968668,Alpinia Galanga (Rasna)
291983.5,4186.046461,1573,1193,6.427037829,0.209392,Alpinia Galanga (Rasna)
355184,4398.999799,1593,1183,5.305754201,0.230651017,Alpinia Galanga (Rasna)
321312,4028.735727,1530,1084,5.161711981,0.248770712,Alpinia Galanga (Rasna)
465098.5,3471.538561,1275,880,2.412392214,0.484965468,Alpinia Galanga (Rasna)
277723.5,4137.630163,1580,1119,6.366115939,0.203853961,Alpinia Galanga (Rasna)
490095.5,3295.95069,1075,908,1.991652647,0.566929646,Alpinia Galanga (Rasna)
303616,3899.706293,1426,1128,5.297902614,0.250882703,Alpinia Galanga (Rasna)
328768,3826.770227,1403,1092,4.660052073,0.282120491,Alpinia Galanga (Rasna)
343306,4013.304279,1494,1133,4.930592533,0.267847182,Alpinia Galanga (Rasna)
233934.5,4037.713425,1532,1129,7.393642237,0.180315539,Alpinia Galanga (Rasna)
291848.5,3904.718486,1436,1135,5.584609823,0.240540313,Alpinia Galanga (Rasna)
330274,3424.353926,1119,1121,3.798055554,0.353937811,Alpinia Galanga (Rasna)
403085,4116.593606,1502,1148,4.27774787,0.298903163,Alpinia Galanga (Rasna)
480563.5,3287.656319,1077,967,2.167162092,0.558711773,Alpinia Galanga (Rasna)
258352.5,3293.057463,1172,984,4.463854617,0.299380779,Alpinia Galanga (Rasna)
382780.5,3506.204648,1196,1048,3.274482373,0.391277745,Alpinia Galanga (Rasna)
673495.5,3476.176078,1126,938,1.568218347,0.700391762,Arive-Dantu
681558,3635.285818,1110,1058,1.723081528,0.648090357,Arive-Dantu
572235,3231.247149,1042,917,1.669793005,0.688721954,Arive-Dantu
589500,3322.952779,1001,973,1.652201866,0.670880755,Arive-Dantu
618796,3289.188275,992,972,1.558225974,0.718753371,Arive-Dantu
620710,3367.850174,1029,940,1.558312255,0.687690588,Arive-Dantu
703532,3650.658406,1195,989,1.679888051,0.663363123,Arive-Dantu
556410.5,3197.181135,954,886,1.519101455,0.684022988,Arive-Dantu
458583.5,3080.328326,791,943,1.62655874,0.607343334,Arive-Dantu
606867,3319.864467,1074,998,1.766205775,0.691930824,Arive-Dantu
530761,3422.300972,939,950,1.680699976,0.569472119,Arive-Dantu
549206.5,3211.950685,1018,895,1.658957059,0.668971776,Arive-Dantu
490414,3015.350619,780,949,1.509377791,0.677793012,Arive-Dantu
572918.5,3213.514173,962,997,1.674084534,0.697175747,Arive-Dantu
618086,3108.203433,923,920,1.373854124,0.803970103,Arive-Dantu
709995,3701.580192,1136,1014,1.622411425,0.65116467,Arive-Dantu
652309,3364.075578,970,1024,1.522713929,0.724322117,Arive-Dantu
623446,3238.761871,969,994,1.544938936,0.746879727,Arive-Dantu
704553.5,3592.852268,1064,1050,1.585685118,0.685875233,Arive-Dantu
583415,3314.654227,975,986,1.64779788,0.667284432,Arive-Dantu
378494.5,2708.397301,733,866,1.677112877,0.648402518,Arive-Dantu
490195.5,2985.298887,919,888,1.664788844,0.691199708,Arive-Dantu
509227.5,3011.122259,867,996,1.695768591,0.705772829,Arive-Dantu
628022,3547.898951,969,975,1.504366089,0.62696347,Arive-Dantu
444467.5,2887.323267,915,856,1.762198586,0.669975703,Arive-Dantu
493900,2929.766918,892,914,1.65071472,0.723074005,Arive-Dantu
732973,3515.295918,1120,1037,1.584560414,0.745373694,Arive-Dantu
643759.5,3309.867426,1056,908,1.489450641,0.738435076,Arive-Dantu
571174,3253.306025,1026,914,1.64181843,0.678154205,Arive-Dantu
592654.5,3070.494843,979,883,1.458618807,0.789941091,Arive-Dantu
613616.5,3262.980122,1035,892,1.50455537,0.724232545,Arive-Dantu
677168.5,3487.430913,1136,949,1.592017349,0.699673437,Arive-Dantu
501782.5,3041.808554,915,941,1.715912771,0.681493348,Arive-Dantu
556305.5,3236.647084,929,937,1.564739159,0.667317513,Arive-Dantu
654796.5,3309.524278,1001,965,1.475214055,0.751251013,Arive-Dantu
677412,3357.805594,1110,959,1.571407061,0.755008174,Arive-Dantu
588246,3245.756816,982,1000,1.669369617,0.701676434,Arive-Dantu
533301.5,3154.779117,992,937,1.742924031,0.673356031,Arive-Dantu
630156,3261.247151,1057,907,1.521367725,0.744544251,Arive-Dantu
532272.5,3078.210573,957,928,1.668498748,0.705906599,Arive-Dantu
557771.5,3064.435964,947,922,1.5653973,0.746388746,Arive-Dantu
518035.5,3045.524279,941,932,1.692957336,0.701851535,Arive-Dantu
571833,3143.53142,969,953,1.6149068,0.727182582,Arive-Dantu
572932.5,3120.779112,961,932,1.563276651,0.739243069,Arive-Dantu
678595.5,3470.685756,1110,925,1.51305159,0.707929895,Arive-Dantu
560546.5,3469.999456,987,977,1.720283687,0.5850092,Arive-Dantu
537319,3166.595351,1017,888,1.680744586,0.673374897,Arive-Dantu
617175,3379.129402,1113,901,1.624843845,0.679216994,Arive-Dantu
523869.5,2971.666416,900,927,1.592572196,0.745474627,Arive-Dantu
683175,3318.418722,1051,953,1.466100194,0.779613695,Arive-Dantu
496826,2976.678607,943,902,1.71204003,0.704612408,Arive-Dantu
632895,3307.330413,1079,918,1.565065295,0.727086966,Arive-Dantu
642888.5,3291.372042,1065,910,1.507493135,0.745747094,Arive-Dantu
507984.5,3034.033947,926,933,1.700756618,0.693456868,Arive-Dantu
616932,3396.835025,1037,981,1.648961312,0.671890115,Arive-Dantu
717281.5,3525.430915,1151,925,1.484319615,0.725228857,Arive-Dantu
560723.5,3055.558771,853,953,1.449750189,0.754705194,Arive-Dantu
554320,3250.300974,981,925,1.637005701,0.659361001,Arive-Dantu
515303.5,2873.049106,824,911,1.456741513,0.784489,Arive-Dantu
598698.5,3384.165972,1057,980,1.730186396,0.65692339,Arive-Dantu
711500.5,3648.945635,1139,911,1.458367211,0.671506603,Arive-Dantu
541740,3117.281645,942,859,1.493664858,0.700565397,Arive-Dantu
741632,3696.942674,1209,1007,1.641599877,0.681887755,Arive-Dantu
561487,3155.448159,948,967,1.632657568,0.708642949,Arive-Dantu
565377.5,3243.323271,1090,863,1.663791007,0.675410657,Arive-Dantu
553158,3194.962877,965,924,1.611944508,0.680969137,Arive-Dantu
668091.5,3434.93553,1124,971,1.633614557,0.711555254,Arive-Dantu
570060,3232.325358,979,1014,1.741406168,0.685646548,Arive-Dantu
537395.5,3205.406532,986,932,1.710010597,0.657260684,Arive-Dantu
475013.5,2853.676519,870,836,1.531156483,0.73300398,Arive-Dantu
677594,3256.820744,1041,934,1.434921207,0.802771054,Arive-Dantu
560423,3257.389291,1010,950,1.71209961,0.663722417,Arive-Dantu
609994.5,3268.685752,1046,962,1.649608316,0.717446371,Arive-Dantu
607909,3376.560857,1073,881,1.55502386,0.670037754,Arive-Dantu
571605.5,3124.14159,996,958,1.66927715,0.735944131,Arive-Dantu
559933.5,3160.293833,944,966,1.628593395,0.704516856,Arive-Dantu
622136,3438.904,1033,970,1.610596397,0.661081634,Arive-Dantu
537075,3091.683665,924,956,1.644731183,0.706081282,Arive-Dantu
664071.5,3807.018794,1070,1036,1.669278082,0.575777467,Arive-Dantu
560692,3114.879617,984,922,1.618086222,0.726192384,Arive-Dantu
604603,3474.536474,1087,932,1.675618546,0.629341559,Arive-Dantu
600888,3487.153785,1099,902,1.649721745,0.620956524,Arive-Dantu
715375.5,3951.445197,1319,937,1.727628357,0.57574742,Arive-Dantu
606850,3518.398518,1212,918,1.83342836,0.616029007,Arive-Dantu
625662.5,3261.160928,1018,1039,1.690531237,0.739274164,Arive-Dantu
691214,3458.124349,1199,898,1.557697037,0.726342035,Arive-Dantu
545403.5,3082.387201,881,974,1.57331957,0.72136223,Arive-Dantu
409350,3170.9385,1168,682,1.945953341,0.511598215,Arive-Dantu
800904.5,3623.146647,1075,1042,1.398606201,0.766688189,Arive-Dantu
663740,3859.785381,1224,936,1.726073463,0.559862709,Arive-Dantu
735933,3491.972114,1140,1017,1.575387977,0.758414465,Arive-Dantu
605600,3794.18322,1231,916,1.861948481,0.528638918,Arive-Dantu
640374,3633.310209,1327,941,1.949965177,0.60959107,Arive-Dantu
698963,3756.197507,1297,958,1.777670635,0.622539927,Arive-Dantu
779091,3732.516264,1245,1033,1.650750683,0.702739935,Arive-Dantu
673451.5,3462.023841,1083,1027,1.65155323,0.706083528,Arive-Dantu
627688,3445.864465,1123,1010,1.80699647,0.664289376,Arive-Dantu
611943.5,3426.734519,1198,926,1.812827491,0.654877804,Arive-Dantu
607007.5,3533.087772,932,1054,1.618312789,0.611075776,Arive-Dantu
646982.5,3498.925434,1284,903,1.792091749,0.664099301,Arive-Dantu
711683.5,3537.989353,1228,964,1.663368618,0.714469539,Arive-Dantu
712079,3809.275718,1249,1039,1.822425602,0.616670574,Arive-Dantu
597122,3789.722327,1325,859,1.906101266,0.522466147,Arive-Dantu
682025.5,3610.959919,1262,948,1.754151421,0.657302283,Arive-Dantu
861730.5,3887.72947,1266,1076,1.58079121,0.716455557,Arive-Dantu
706486,3801.251327,1333,910,1.716990853,0.6144128,Arive-Dantu
675924.5,3615.587335,1190,1033,1.818649864,0.649756061,Arive-Dantu
583518,4038.8392,1278,908,1.98866873,0.449522046,Arive-Dantu
625250.5,3448.901051,1296,864,1.790872618,0.66054505,Arive-Dantu
551794.5,3577.479684,1275,857,1.980220897,0.541792363,Arive-Dantu
716764,3755.913233,1278,1020,1.818673929,0.638491245,Arive-Dantu
693369.5,3542.58228,1160,1016,1.699757489,0.694280082,Arive-Dantu
640824.5,3679.420809,1173,937,1.715135735,0.594826147,Arive-Dantu
702179,3446.315252,1227,921,1.609371684,0.742929659,Arive-Dantu
671355,3542.148734,1237,937,1.726462155,0.67240124,Arive-Dantu
684575,3568.859408,1110,1063,1.723594931,0.67541705,Arive-Dantu
745188.5,3976.381267,1205,999,1.61542348,0.592243046,Arive-Dantu
650795.5,3408.509126,1089,995,1.664970025,0.703923531,Arive-Dantu
711232,3703.653345,1190,1064,1.78023486,0.651569116,Arive-Dantu
547729.5,3469.455305,1291,783,1.845533242,0.57181218,Arive-Dantu
581744,3582.006596,1238,865,1.840792514,0.56975614,Arive-Dantu
645910,3519.025938,1273,923,1.819106377,0.655446029,Arive-Dantu
821455.5,3931.822835,1046,1085,1.381584273,0.667737896,Basale
765299,3787.663453,994,1065,1.383263274,0.670344797,Basale
785670.5,3694.234961,983,1113,1.392541784,0.723437943,Basale
837994.5,3585.219802,1078,1073,1.380312162,0.819255677,Basale
897922.5,3733.278683,1126,1076,1.349310213,0.809595149,Basale
896555.5,3987.327446,1147,1075,1.375291323,0.708636045,Basale
848111.5,3751.763955,1024,1113,1.343823306,0.757167218,Basale
578591,3029.801415,886,921,1.410333033,0.792051115,Basale
923599,3881.521315,1195,1095,1.41676745,0.770352271,Basale
913209,3788.408617,1156,1042,1.319032116,0.799588272,Basale
1031228.5,4063.812724,1266,1121,1.376209056,0.784688702,Basale
962958,3972.256376,1209,1129,1.417466805,0.76690694,Basale
862543.5,3843.39643,1072,1070,1.329834379,0.733770936,Basale
847060,3795.614679,1082,1096,1.399985833,0.738855997,Basale
495845.5,2854.161803,826,821,1.367655852,0.764890137,Basale
748944.5,3444.431791,892,1075,1.280335192,0.793276012,Basale
511667.5,2841.593261,810,838,1.326603703,0.796294779,Basale
634829,3299.340515,825,1053,1.368439375,0.732845359,Basale
503999.5,2917.877535,877,788,1.3711839,0.743885081,Basale
895533.5,3782.842169,1177,1081,1.420758687,0.786421281,Basale
838616.5,3647.646209,1091,1060,1.379009356,0.792041339,Basale
533414.5,2895.049103,851,832,1.327357993,0.79976577,Basale
683237,3354.193335,1002,948,1.390287704,0.763141476,Basale
930270,3802.918281,1170,1097,1.379696217,0.80832292,Basale
1050529,4179.511214,1313,1124,1.404827473,0.755730448,Basale
823512.5,3695.337554,1025,1105,1.375358601,0.757830061,Basale
897576,3692.041089,1130,1075,1.353367291,0.827461973,Basale
1087635,4224.089863,1279,1117,1.313531654,0.765996422,Basale
960548.5,4348.180259,1208,1112,1.398467646,0.63843117,Basale
935509.5,3823.680694,1220,1065,1.388868846,0.804071797,Basale
778341,3628.30097,1025,1057,1.391967017,0.742973224,Basale
650309.5,3295.583157,935,985,1.416210281,0.752428805,Basale
670182,3362.904,921,1025,1.4086099,0.744686848,Basale
674521,3248.051196,914,1033,1.399751824,0.803451392,Basale
759424.5,3668.51923,893,1093,1.285248237,0.709108789,Basale
652767,3399.389285,834,1078,1.377293889,0.709849454,Basale
590054.5,3031.142468,725,1031,1.266789763,0.807029281,Basale
603232.5,3055.225733,752,1032,1.286508933,0.812097155,Basale
678922,3416.418726,966,1033,1.469797709,0.730949812,Basale
724219.5,3523.372055,993,1061,1.454770273,0.733099743,Basale
712761.5,3381.441025,907,1044,1.328506099,0.783340286,Basale
670955.5,3240.636979,931,1028,1.426425448,0.802865533,Basale
741568.5,3439.926306,901,1088,1.321911597,0.7875223,Basale
682565,3297.80141,783,1103,1.265299276,0.78868736,Basale
622678,3265.624787,794,1104,1.407751679,0.733737674,Basale
674095.5,3274.588212,777,1097,1.26446327,0.789983287,Basale
606303,3145.801414,1005,906,1.501773866,0.769904707,Basale
600477.5,3098.033953,912,952,1.445889313,0.786202203,Basale
747586,3634.359846,1074,1037,1.489779102,0.711238361,Basale
676398,3301.056246,874,1046,1.35157703,0.780021064,Basale
666096.5,3235.950687,911,1020,1.395023094,0.799361498,Basale
646587.5,3173.985175,998,885,1.365986815,0.80654273,Basale
665844.5,3192.161803,916,1002,1.378447971,0.821131831,Basale
592846.5,3048.789218,831,981,1.375079384,0.801488554,Basale
556562.5,3054.470461,755,1030,1.397237507,0.749638609,Basale
675319,3291.316131,790,1101,1.287969093,0.783392909,Basale
702678.5,3358.612591,899,1027,1.313933755,0.78279259,Basale
646157.5,3255.46541,875,1025,1.388012984,0.766164602,Basale
695955,3374.335464,921,1053,1.39349958,0.768094244,Basale
630660,3240.629841,766,1086,1.319056227,0.754651252,Basale
663684,3184.938497,902,1010,1.372671332,0.822184171,Basale
708006,3366.099961,937,1061,1.404164654,0.785222588,Basale
687289.5,3246.435969,918,1035,1.382430548,0.819475342,Basale
619925.5,3183.323271,857,1026,1.418367207,0.768754864,Basale
729491,3418.359848,935,1089,1.395788296,0.784502343,Basale
651801,3339.399392,957,1009,1.481453695,0.734493842,Basale
707846,3433.815695,897,1098,1.391412821,0.754387847,Basale
649548,3252.76187,880,1033,1.399496265,0.771465614,Basale
615468.5,3174.23496,845,1051,1.442957682,0.767604573,Basale
701298.5,3344.671475,905,1015,1.309820283,0.787781615,Basale
747531.5,3591.666417,1015,1076,1.460995289,0.728194466,Basale
678269.5,3225.097869,861,1043,1.323991422,0.819457352,Basale
721844,3656.727385,1024,1061,1.505122991,0.678372207,Basale
696204.5,3358.377096,952,1022,1.397497431,0.775689247,Basale
593283,3115.31613,883,946,1.407958765,0.768188004,Basale
692797.5,3450.51923,950,1050,1.439814664,0.73121867,Basale
670782,3366.203428,831,1075,1.331766505,0.743893131,Basale
752660,3575.874571,945,1095,1.374823958,0.73968046,Basale
736095,3581.791306,982,1084,1.446128557,0.721013134,Basale
635510,3335.173994,799,1063,1.336465201,0.717951755,Basale
703322.5,3481.288774,912,1069,1.386174906,0.729263162,Basale
742896,3681.982218,1052,1070,1.515205358,0.688611879,Basale
721731,3368.33546,888,1080,1.328805331,0.799382339,Basale
647856.5,3278.647086,910,1020,1.432724685,0.757354728,Basale
705772.5,3462.234957,1023,1057,1.532095682,0.7398804,Basale
834386,3693.330417,1015,1108,1.347841407,0.76867109,Basale
640453,3283.57602,854,1037,1.382768134,0.746453876,Basale
605783.5,3229.711012,884,999,1.457807946,0.729793474,Basale
585073,3220.286693,799,1023,1.397051308,0.708974877,Basale
598742.5,3206.647083,791,1038,1.371304025,0.73172454,Basale
572730,3117.385108,863,962,1.449559129,0.740591773,Basale
657598.5,3348.921251,988,1012,1.520465755,0.736818985,Basale
921655,3916.349749,1096,1138,1.353269933,0.755118845,Basale
709696.5,3499.24001,916,1068,1.378459666,0.728341514,Basale
612264.5,3215.465409,879,979,1.4055053,0.744151325,Basale
616274.5,3203.735397,819,1025,1.362177082,0.754520046,Basale
822461,3716.727383,1000,1109,1.348392203,0.748175983,Basale
722738.5,3456.186191,992,1023,1.404126112,0.760320662,Basale
757570,3599.011649,1116,1046,1.540895231,0.734964102,Basale
697800.5,3441.715188,1060,1003,1.523615991,0.740271933,Basale
744382,3364.536473,943,1056,1.33776475,0.826333283,Basale
797255,3638.262307,1069,1035,1.387780572,0.756866183,Basale
729232.5,3317.867429,934,1042,1.334592191,0.832449356,Basale
631058,3245.18828,935,981,1.453487635,0.753007572,Betel
782890,3594.349744,1016,1082,1.404171723,0.761500062,Betel
839423,3753.639064,1045,1141,1.420434036,0.748661859,Betel
711162,3572.776155,952,1133,1.516695211,0.700110824,Betel
712485.5,3457.077671,966,1099,1.490042955,0.749147993,Betel
742448.5,3607.018796,961,1151,1.489815118,0.717099446,Betel
800889,3895.109194,1003,1146,1.435202631,0.663350283,Betel
675835.5,3294.602491,888,1119,1.470286778,0.782428785,Betel
744134.5,3547.621831,930,1149,1.435990402,0.742996327,Betel
684653,3310.134457,919,1075,1.442957235,0.785215944,Betel
726127.5,3741.989356,939,1137,1.470324426,0.651654882,Betel
686249,3606.325356,892,1136,1.47659523,0.663073663,Betel
675005,3941.628968,904,1142,1.529422745,0.545965716,Betel
764994,3740.433007,964,1139,1.435300146,0.687106618,Betel
568117.5,3183.465403,837,1045,1.539584681,0.704446089,Betel
670887.5,3570.793394,914,1149,1.565368262,0.66119585,Betel
780362,3585.722336,972,1153,1.436148864,0.762698099,Betel
582434,3468.761868,760,1126,1.469282356,0.608285705,Betel
772470,3815.72233,957,1164,1.442059886,0.666711519,Betel
940268.5,3948.734529,1394,1006,1.49145058,0.757784777,Betel
532317,3037.115122,740,1115,1.55001625,0.725199827,Betel
754763,3451.178172,1156,967,1.481063592,0.796316481,Betel
524280.5,3026.754731,777,1061,1.572434985,0.719149378,Betel
534749.5,2996.754735,766,1062,1.521258084,0.748269168,Betel
520070,3023.541532,766,1066,1.570088642,0.714890934,Betel
586527.5,3100.553725,809,1085,1.496545345,0.766689863,Betel
800913.5,3650.048237,1289,964,1.551473411,0.755437032,Betel
814838.5,3804.048231,1322,955,1.549399053,0.707602527,Betel
809709.5,3737.420811,1317,948,1.541930779,0.728442204,Betel
689058.5,3867.351833,937,1135,1.543403064,0.578946711,Betel
754292.5,3725.361945,1144,1045,1.584902409,0.682987422,Betel
752258.5,3502.876657,1085,1049,1.512997194,0.770419519,Betel
721734,3355.614682,937,1084,1.407316269,0.805457922,Betel
742071.5,3595.562948,1101,1067,1.583091387,0.721309785,Betel
695764,3428.491881,1065,1023,1.565897345,0.743816088,Betel
738992.5,3576.239143,1098,1112,1.652217039,0.726100591,Betel
625420,3278.384237,894,1058,1.512346903,0.73124334,Betel
736997,3581.840076,1083,1055,1.550298034,0.721876994,Betel
664768.5,3401.396428,1060,987,1.573811033,0.722047542,Betel
651906,3403.438069,1024,1020,1.602194181,0.707227497,Betel
584104,3128.688712,785,1043,1.401728117,0.749851619,Betel
754983,3626.751767,1061,1063,1.493865425,0.72129243,Betel
640169.5,3414.734528,1023,979,1.564455976,0.689907635,Betel
690953.5,3467.229908,964,1088,1.517948748,0.722259736,Betel
725077.5,3590.793405,1144,1016,1.603006575,0.706664794,Betel
696217.5,3560.758905,1046,1079,1.621093983,0.690032683,Betel
725716,3476.207611,1009,1077,1.497408077,0.754684013,Betel
740298.5,3599.763954,1055,1054,1.502056265,0.717907823,Betel
678677,3369.448161,1168,842,1.449078133,0.751199754,Citrus Limon (Lemon)
721645,3936.658396,1147,967,1.536973165,0.585164552,Citrus Limon (Lemon)
781124.5,3566.744628,1242,911,1.448504048,0.771589115,Citrus Limon (Lemon)
708459,4014.634008,1412,826,1.646266051,0.552373287,Citrus Limon (Lemon)
760694.5,3488.176084,1160,917,1.398353741,0.785639553,Citrus Limon (Lemon)
717130.5,4084.21475,1215,947,1.604456929,0.540245202,Citrus Limon (Lemon)
819860,3645.555806,1239,954,1.441716878,0.775214809,Citrus Limon (Lemon)
612104.5,3511.916197,1133,840,1.554832549,0.623658934,Citrus Limon (Lemon)
469499.5,2903.759781,936,770,1.535081507,0.699718936,Citrus Limon (Lemon)
947697,4236.908177,1410,1040,1.547330001,0.663408858,Citrus Limon (Lemon)
670427,3254.39434,1115,856,1.423630015,0.795464877,Citrus Limon (Lemon)
815717.5,4193.753841,1260,940,1.451973263,0.582832516,Citrus Limon (Lemon)
911245.5,4676.395542,1399,1076,1.651941217,0.523627908,Citrus Limon (Lemon)
517712.5,3152.636978,969,811,1.517944805,0.654561692,Citrus Limon (Lemon)
837333,4169.760993,1267,1023,1.547939709,0.605181644,Citrus Limon (Lemon)
402051,2802.463318,960,710,1.695307312,0.643296424,Citrus Limon (Lemon)
685920,4286.280757,1257,943,1.728118439,0.469161214,Citrus Limon (Lemon)
607018.5,3224.092824,1023,881,1.484737286,0.733832121,Citrus Limon (Lemon)
909591.5,4507.11633,1410,1062,1.646255489,0.562676429,Citrus Limon (Lemon)
484088.5,3150.43597,933,819,1.578486165,0.612905213,Citrus Limon (Lemon)
775357,4406.447281,1291,952,1.585117565,0.501804347,Citrus Limon (Lemon)
476262,3020.286697,1036,746,1.622753862,0.656084014,Citrus Limon (Lemon)
661444,3284.300972,1121,883,1.496487987,0.770578784,Citrus Limon (Lemon)
764093,4192.457385,1299,969,1.647353136,0.546284366,Citrus Limon (Lemon)
488541,2879.031858,887,821,1.490615936,0.740658378,Citrus Limon (Lemon)
702348.5,3964.47463,1169,916,1.52460495,0.561553628,Citrus Limon (Lemon)
313142,2556.924213,825,609,1.60446379,0.601887707,Citrus Limon (Lemon)
877945,4740.755934,1350,1013,1.557671608,0.490887507,Citrus Limon (Lemon)
392724.5,2800.102928,895,726,1.654518626,0.629433521,Citrus Limon (Lemon)
683971.5,4090.214744,1370,838,1.678520231,0.513754513,Citrus Limon (Lemon)
517332,3227.624786,987,835,1.593067895,0.624040998,Citrus Limon (Lemon)
852785.5,4693.317335,1353,1034,1.640508662,0.486507827,Citrus Limon (Lemon)
588258.5,3264.435967,995,871,1.473238381,0.693684143,Citrus Limon (Lemon)
616242,3743.521314,1201,828,1.613697216,0.55258684,Citrus Limon (Lemon)
855134.5,4263.729464,1331,984,1.531576612,0.591105514,Citrus Limon (Lemon)
547198,3224.14456,971,811,1.439115275,0.661493154,Citrus Limon (Lemon)
756070,4139.393459,1245,981,1.615386141,0.554496044,Citrus Limon (Lemon)
393088.5,2766.161799,985,665,1.666355032,0.645572532,Citrus Limon (Lemon)
895852.5,4424.890926,1325,1035,1.530804457,0.574964769,Citrus Limon (Lemon)
471597,3095.482651,1024,775,1.682792723,0.618477848,Citrus Limon (Lemon)
518882,3800.325352,1259,719,1.74456042,0.451478332,Citrus Limon (Lemon)
657757.5,3424.636984,1083,902,1.485146121,0.704768667,Citrus Limon (Lemon)
588482,3859.746712,1244,849,1.794712498,0.496392757,Citrus Limon (Lemon)
526735,3022.286692,908,854,1.472148234,0.724654049,Citrus Limon (Lemon)
781649.5,3614.484738,1208,939,1.451177286,0.751846406,Citrus Limon (Lemon)
668858.5,3888.911144,1115,968,1.613674641,0.555761009,Citrus Limon (Lemon)
367537,2965.517144,882,687,1.648634015,0.525182265,Citrus Limon (Lemon)
767932,4482.305142,1437,888,1.661678378,0.480319028,Citrus Limon (Lemon)
939757.5,4806.135658,1433,1027,1.566032727,0.511250345,Citrus Limon (Lemon)
927409,4633.844244,1381,1038,1.545680493,0.542748093,Citrus Limon (Lemon)
650649.5,3817.62182,1316,821,1.660549958,0.561010715,Citrus Limon (Lemon)
786748.5,4066.204645,1333,952,1.61298814,0.597953377,Citrus Limon (Lemon)
838480.5,4552.405645,1307,1006,1.568124721,0.508418008,Citrus Limon (Lemon)
693476.5,3963.930475,1157,925,1.543275079,0.554612375,Citrus Limon (Lemon)
831406.5,3648.401479,1199,961,1.385891258,0.784906695,Citrus Limon (Lemon)
537108.5,3416.245059,1187,719,1.588976901,0.578327516,Citrus Limon (Lemon)
661830.5,3327.063388,1142,828,1.428728353,0.751336506,Citrus Limon (Lemon)
678677,3369.448161,1168,842,1.449078133,0.751199754,Citrus Limon (Lemon)
815717.5,4193.753841,1260,940,1.451973263,0.582832516,Citrus Limon (Lemon)
661444,3284.300972,1121,883,1.496487987,0.770578784,Citrus Limon (Lemon)
616242,3743.521314,1201,828,1.613697216,0.55258684,Citrus Limon (Lemon)
781649.5,3614.484738,1208,939,1.451177286,0.751846406,Citrus Limon (Lemon)
693476.5,3963.930475,1157,925,1.543275079,0.554612375,Citrus Limon (Lemon)
831406.5,3648.401479,1199,961,1.385891258,0.784906695,Citrus Limon (Lemon)
537108.5,3416.245059,1187,719,1.588976901,0.578327516,Citrus Limon (Lemon)
661830.5,3327.063388,1142,828,1.428728353,0.751336506,Citrus Limon (Lemon)
721645,3936.658396,1147,967,1.536973165,0.585164552,Citrus Limon (Lemon)
781124.5,3566.744628,1242,911,1.448504048,0.771589115,Citrus Limon (Lemon)
708459,4014.634008,1412,826,1.646266051,0.552373287,Citrus Limon (Lemon)
760694.5,3488.176084,1160,917,1.398353741,0.785639553,Citrus Limon (Lemon)
717130.5,4084.21475,1215,947,1.604456929,0.540245202,Citrus Limon (Lemon)
819860,3645.555806,1239,954,1.441716878,0.775214809,Citrus Limon (Lemon)
612104.5,3511.916197,1133,840,1.554832549,0.623658934,Citrus Limon (Lemon)
469499.5,2903.759781,936,770,1.535081507,0.699718936,Citrus Limon (Lemon)
947697,4236.908177,1410,1040,1.547330001,0.663408858,Citrus Limon (Lemon)
670427,3254.39434,1115,856,1.423630015,0.795464877,Citrus Limon (Lemon)
911245.5,4676.395542,1399,1076,1.651941217,0.523627908,Citrus Limon (Lemon)
517712.5,3152.636978,969,811,1.517944805,0.654561692,Citrus Limon (Lemon)
837333,4169.760993,1267,1023,1.547939709,0.605181644,Citrus Limon (Lemon)
402051,2802.463318,960,710,1.695307312,0.643296424,Citrus Limon (Lemon)
685920,4286.280757,1257,943,1.728118439,0.469161214,Citrus Limon (Lemon)
607018.5,3224.092824,1023,881,1.484737286,0.733832121,Citrus Limon (Lemon)
909591.5,4507.11633,1410,1062,1.646255489,0.562676429,Citrus Limon (Lemon)
484088.5,3150.43597,933,819,1.578486165,0.612905213,Citrus Limon (Lemon)
775357,4406.447281,1291,952,1.585117565,0.501804347,Citrus Limon (Lemon)
476262,3020.286697,1036,746,1.622753862,0.656084014,Citrus Limon (Lemon)
764093,4192.457385,1299,969,1.647353136,0.546284366,Citrus Limon (Lemon)
488541,2879.031858,887,821,1.490615936,0.740658378,Citrus Limon (Lemon)
702348.5,3964.47463,1169,916,1.52460495,0.561553628,Citrus Limon (Lemon)
313142,2556.924213,825,609,1.60446379,0.601887707,Citrus Limon (Lemon)
877945,4740.755934,1350,1013,1.557671608,0.490887507,Citrus Limon (Lemon)
392724.5,2800.102928,895,726,1.654518626,0.629433521,Citrus Limon (Lemon)
683971.5,4090.214744,1370,838,1.678520231,0.513754513,Citrus Limon (Lemon)
517332,3227.624786,987,835,1.593067895,0.624040998,Citrus Limon (Lemon)
852785.5,4693.317335,1353,1034,1.640508662,0.486507827,Citrus Limon (Lemon)
588258.5,3264.435967,995,871,1.473238381,0.693684143,Citrus Limon (Lemon)
855134.5,4263.729464,1331,984,1.531576612,0.591105514,Citrus Limon (Lemon)
547198,3224.14456,971,811,1.439115275,0.661493154,Citrus Limon (Lemon)
756070,4139.393459,1245,981,1.615386141,0.554496044,Citrus Limon (Lemon)
393088.5,2766.161799,985,665,1.666355032,0.645572532,Citrus Limon (Lemon)
895852.5,4424.890926,1325,1035,1.530804457,0.574964769,Citrus Limon (Lemon)
471597,3095.482651,1024,775,1.682792723,0.618477848,Citrus Limon (Lemon)
518882,3800.325352,1259,719,1.74456042,0.451478332,Citrus Limon (Lemon)
657757.5,3424.636984,1083,902,1.485146121,0.704768667,Citrus Limon (Lemon)
588482,3859.746712,1244,849,1.794712498,0.496392757,Citrus Limon (Lemon)
526735,3022.286692,908,854,1.472148234,0.724654049,Citrus Limon (Lemon)
668858.5,3888.911144,1115,968,1.613674641,0.555761009,Citrus Limon (Lemon)
367537,2965.517144,882,687,1.648634015,0.525182265,Citrus Limon (Lemon)
767932,4482.305142,1437,888,1.661678378,0.480319028,Citrus Limon (Lemon)
939757.5,4806.135658,1433,1027,1.566032727,0.511250345,Citrus Limon (Lemon)
927409,4633.844244,1381,1038,1.545680493,0.542748093,Citrus Limon (Lemon)
650649.5,3817.62182,1316,821,1.660549958,0.561010715,Citrus Limon (Lemon)
786748.5,4066.204645,1333,952,1.61298814,0.597953377,Citrus Limon (Lemon)
838480.5,4552.405645,1307,1006,1.568124721,0.508418008,Citrus Limon (Lemon)
802018.5,3853.989365,1413,912,1.606765929,0.678536519,Crape_Jasmine
734249.5,4004.239144,1407,913,1.749529281,0.575457838,Crape_Jasmine
833224,4113.951901,1459,954,1.670482367,0.618661678,Crape_Jasmine
740903,3837.192454,1350,921,1.6781549,0.632330389,Crape_Jasmine
922217.5,4405.175208,1404,1069,1.627464237,0.597195945,Crape_Jasmine
899612,3985.535602,1347,1078,1.614102524,0.7116914,Crape_Jasmine
884930,3924.138638,1476,946,1.577860396,0.72215446,Crape_Jasmine
687857,3985.251324,1535,853,1.903527914,0.544247692,Crape_Jasmine
762210,3896.030991,1423,935,1.745588486,0.631015026,Crape_Jasmine
716257,4006.575144,1246,1033,1.797005823,0.560702069,Crape_Jasmine
912655.5,3890.724425,1348,1028,1.518364816,0.757627616,Crape_Jasmine
711403,3752.089864,1454,813,1.661648883,0.635007849,Crape_Jasmine
945295.5,4241.303064,1391,1024,1.506813478,0.660357085,Crape_Jasmine
642833,3676.183223,1470,709,1.621307556,0.597741941,Crape_Jasmine
731716,4021.91323,1507,799,1.645574239,0.56844313,Crape_Jasmine
738501,3830.315258,1457,844,1.665140602,0.632545704,Crape_Jasmine
807675,3994.217712,1455,854,1.538452967,0.636184433,Crape_Jasmine
633165,3810.148737,1486,730,1.713265894,0.548078675,Crape_Jasmine
833406.5,4007.459482,1524,923,1.687834208,0.652121423,Crape_Jasmine
791172,3859.251326,1485,883,1.657357692,0.667535934,Crape_Jasmine
835384,4239.903125,1462,874,1.529581606,0.583961411,Crape_Jasmine
703559.5,4085.812731,1460,924,1.917449768,0.529607078,Crape_Jasmine
672159,3629.462439,1428,773,1.642236435,0.641205545,Crape_Jasmine
843761,3691.403571,1370,918,1.490540568,0.778119422,Crape_Jasmine
649345.5,3771.254288,1483,767,1.751703831,0.573738595,Crape_Jasmine
692611.5,3819.680698,1475,763,1.624900828,0.596548066,Crape_Jasmine
662536,3830.727388,1472,731,1.624110992,0.567357568,Crape_Jasmine
881919,4135.937622,1531,955,1.657867673,0.647874077,Crape_Jasmine
660652,3689.011656,1416,810,1.736103122,0.610045971,Crape_Jasmine
885223.5,4229.400607,1513,998,1.705754535,0.621877941,Crape_Jasmine
786251,3923.046141,1391,887,1.569240611,0.641984057,Crape_Jasmine
520319.5,3672.366989,1440,763,2.111625645,0.484828138,Crape_Jasmine
733477.5,4061.008694,1496,878,1.790767951,0.558893195,Crape_Jasmine
759180,4007.594478,1505,870,1.724689797,0.594000873,Crape_Jasmine
814143,3970.918288,1497,889,1.634642808,0.648826615,Crape_Jasmine
754378.5,3799.361939,1458,851,1.644741996,0.656716353,Crape_Jasmine
758151.5,3824.440147,1383,924,1.685536466,0.651373559,Crape_Jasmine
897713.5,4009.077674,1528,850,1.446786753,0.701873231,Crape_Jasmine
641320.5,3749.430917,1524,726,1.72522787,0.573263478,Crape_Jasmine
831949.5,4040.381271,1507,910,1.648381302,0.640415936,Crape_Jasmine
791523,4220.114254,1553,878,1.722671356,0.558502324,Crape_Jasmine
946925.5,4139.753848,1382,1032,1.50616284,0.694347121,Crape_Jasmine
919594,4167.878739,1397,977,1.484208248,0.665236152,Crape_Jasmine
729075,3653.545703,1340,926,1.701937386,0.686361606,Crape_Jasmine
866569.5,4019.292964,1539,949,1.685393959,0.674083874,Crape_Jasmine
784857.5,3490.651264,1115,1039,1.476045015,0.809445759,Crape_Jasmine
656070,3676.585246,1405,784,1.678967183,0.609917035,Crape_Jasmine
723748,3774.658404,1424,880,1.731431382,0.638325112,Crape_Jasmine
658161.5,3841.930481,1471,783,1.750015764,0.560329302,Crape_Jasmine
765587.5,3828.724419,1379,956,1.721976913,0.65629105,Crape_Jasmine
794501.5,3954.700029,1519,862,1.648049752,0.638377382,Crape_Jasmine
704643.5,3989.621824,1479,795,1.668652304,0.556308701,Crape_Jasmine
690335.5,3695.621829,1449,790,1.658193733,0.63517738,Crape_Jasmine
715617.5,3952.474638,1548,733,1.585601246,0.575642211,Crape_Jasmine
721272.5,3819.906097,1375,827,1.576553938,0.621160548,Crape_Jasmine
768354,3656.290864,1286,963,1.611780507,0.722253651,Crape_Jasmine
204722,2398.341394,741,648,2.345463604,0.447252085,Curry
432352,3112.227823,1234,629,1.795264044,0.560924713,Curry
392572,2997.281646,1170,672,2.002791845,0.549128616,Curry
441812,3318.688714,1212,652,1.788597865,0.504097258,Curry
181984,2101.502861,450,779,1.926268243,0.517825102,Curry
168443,1655.297673,462,534,1.464637889,0.772521584,Curry
453413,3092.904002,1168,708,1.823820667,0.595622302,Curry
311325.5,2263.187065,736,611,1.444456044,0.763807035,Curry
281340.5,2123.128186,723,561,1.441680099,0.784313494,Curry
357547.5,2680.161798,990,663,1.835756088,0.625491748,Curry
296095,2640.757693,1099,482,1.789013661,0.533560696,Curry
300176.5,2620.785042,967,507,1.633269093,0.549191429,Curry
247633.5,2400.941455,967,518,2.022771556,0.539828886,Curry
148526.5,1784.535262,374,656,1.651853373,0.586088964,Curry
126914,1663.332164,314,674,1.667554407,0.57644971,Curry
157941,1720.209362,403,643,1.640669617,0.670721354,Curry
175027.5,1780.192117,451,636,1.638805331,0.694036653,Curry
247433,2320.154664,678,719,1.970157578,0.577608548,Curry
193855.5,1899.412461,481,699,1.734379473,0.675226418,Curry
365828.5,2762.789219,583,1085,1.729102571,0.602270921,Curry
273959.5,2412.705963,582,934,1.984191094,0.591408325,Curry
283077,2500.983087,544,985,1.892912529,0.568712716,Curry
238467.5,2072.726165,533,733,1.638332267,0.697517653,Curry
216953,1873.512964,559,597,1.538227174,0.776715762,Curry
225288,2037.429706,735,497,1.621457867,0.681997301,Curry
280162.5,2399.735398,618,864,1.905865346,0.611354556,Curry
323197,2737.468372,1094,533,1.804168974,0.541974639,Curry
189590.5,1940.653011,445,660,1.549128253,0.632602137,Curry
242901.5,2155.04493,822,461,1.560064471,0.657245169,Curry
710753,3714.737483,1145,891,1.435372063,0.647250373,Curry
737705,3739.732427,1329,867,1.561929226,0.662844307,Curry
602117,3287.070528,1094,926,1.68247035,0.700281588,Curry
651919.5,3809.680693,1215,872,1.625169979,0.564451565,Curry
817711.5,4110.131485,1351,991,1.637302398,0.608272999,Curry
631257,3480.477595,1106,883,1.547068785,0.654844804,Curry
690049.5,3766.391372,1320,916,1.752222123,0.611278635,Curry
629626.5,3535.489792,1159,892,1.641970279,0.632985392,Curry
574167,3606.345567,1242,712,1.54015121,0.554770569,Curry
626702.5,3232.033947,1013,964,1.558206645,0.75390993,Curry
611490,3565.492753,1287,730,1.536427415,0.604449617,Curry
651101,3484.217709,1219,869,1.626953422,0.673981008,Curry
774595,3844.491876,1248,979,1.577330089,0.65857715,Curry
654115,3430.786255,1105,952,1.608218738,0.698355647,Curry
511242,3202.321184,1073,712,1.494352968,0.626479137,Curry
763278,4023.697936,1296,890,1.511166312,0.592436583,Curry
888138,4377.403563,1363,907,1.391946972,0.582447978,Curry
827399.5,3917.950686,1249,973,1.468791074,0.677340724,Curry
770498,3958.859407,1441,900,1.683197101,0.617790495,Curry
757374,3814.158837,1227,967,1.566609099,0.654218327,Curry
801255,3918.977155,1366,954,1.626403579,0.655594276,Curry
764560.5,3805.386322,1378,939,1.692399751,0.663474469,Curry
743763,3771.036034,1259,950,1.608106346,0.657238611,Curry
689000.5,3592.176085,1149,906,1.510875536,0.670987094,Curry
705847,3717.673559,1211,917,1.573268711,0.641767813,Curry
795217.5,3840.165981,1277,1006,1.615485072,0.677634956,Curry
852943,4094.384231,1423,883,1.473145333,0.639370628,Curry
713221.5,3726.092827,1263,823,1.45739998,0.645545637,Curry
722653.5,3754.935531,1192,954,1.573600626,0.644072868,Curry
775123,3847.188281,1250,919,1.482022853,0.658102598,Curry
581392.5,3386.470452,1264,740,1.608827083,0.637066411,Curry
416835.5,2491.98518,860,732,1.510236052,0.843497213,Drumstick
610814,3008.820743,959,919,1.44286313,0.847864043,Drumstick
354514.5,2263.260221,672,733,1.389438232,0.869710846,Drumstick
367594.5,2310.799325,734,705,1.407719648,0.865076282,Drumstick
437185.5,2568.872477,856,760,1.488063991,0.832512038,Drumstick
502812,2802.168948,949,802,1.513683047,0.804686779,Drumstick
404466,2429.634893,768,762,1.446885523,0.861013284,Drumstick
517852,2726.272413,813,833,1.307765539,0.87554208,Drumstick
551848,2868.820745,962,834,1.453856859,0.84260205,Drumstick
437424,2575.27747,664,847,1.285727349,0.828828001,Drumstick
479125,2663.718148,825,840,1.446386642,0.848559221,Drumstick
342749.5,2237.721115,684,698,1.392947327,0.86015115,Drumstick
328228,2184.802289,696,613,1.299852542,0.864094431,Drumstick
241301,1880.542406,620,548,1.408033949,0.857437993,Drumstick
632583,3027.188278,977,919,1.419359989,0.867458116,Drumstick
495904.5,2815.284606,764,904,1.392719768,0.786254786,Drumstick
581580.5,2935.441019,933,871,1.397300976,0.848150619,Drumstick
324063.5,2149.069319,694,617,1.321339799,0.88173714,Drumstick
438785.5,2553.107982,809,779,1.436262137,0.845909232,Drumstick
224274.5,1889.956615,651,516,1.497789539,0.789016511,Drumstick
514772,2758.026811,869,860,1.451788365,0.850408932,Drumstick
461768,2624.002428,853,784,1.448242407,0.842762558,Drumstick
498131.5,2674.813607,849,835,1.423148305,0.874916934,Drumstick
345252.5,2338.539438,805,659,1.536542096,0.79333625,Drumstick
553748,2855.565914,969,830,1.452411566,0.85337056,Drumstick
390282,2435.811517,803,712,1.464930486,0.826610708,Drumstick
437711,2574.321188,879,717,1.439861004,0.829988094,Drumstick
479832.5,2671.181144,932,767,1.489778204,0.84507031,Drumstick
390645,2379.713977,732,678,1.270452713,0.866847321,Drumstick
378251,2336.35567,720,741,1.410491975,0.870787195,Drumstick
641050.5,3084.40148,1032,901,1.45048167,0.846759936,Drumstick
645165,3117.555815,982,944,1.436854138,0.83416543,Drumstick
595013.5,2973.573057,959,920,1.482789886,0.8456282,Drumstick
631343,3068.869518,1002,924,1.46647385,0.842400055,Drumstick
478337,2616.840954,821,771,1.323315989,0.877787079,Drumstick
479668.5,2631.970898,740,868,1.339091477,0.870139527,Drumstick
546184,2843.423775,915,873,1.462501648,0.848917833,Drumstick
690050,3173.590297,966,987,1.381699877,0.86097136,Drumstick
535391,2821.507044,904,873,1.474047939,0.845120532,Drumstick
539606,2778.438936,860,829,1.321223263,0.878385021,Drumstick
668357.5,3204.685753,997,1007,1.50215865,0.817801289,Drumstick
606977,3065.129403,1023,896,1.510119823,0.811866218,Drumstick
741383,3301.295919,1069,989,1.426038903,0.854837523,Drumstick
663448,3190.536477,938,978,1.382721781,0.819010227,Drumstick
689607.5,3195.749676,976,964,1.36434711,0.848528303,Drumstick
636825.5,3019.215624,927,905,1.3173703,0.877893935,Drumstick
461064.5,2630.42169,817,807,1.429992984,0.83737655,Drumstick
694070.5,3206.29384,1008,963,1.39856686,0.848412012,Drumstick
438858.5,2565.735399,824,780,1.464526721,0.837742688,Drumstick
469719,2637.870391,826,763,1.341734101,0.848283629,Drumstick
468852.5,2618.647083,829,808,1.428662532,0.859195821,Drumstick
672380.5,3268.058328,1019,1002,1.518541957,0.791125486,Drumstick
474129,2704.369958,926,762,1.488227887,0.814655845,Drumstick
622617,3123.413673,1033,926,1.536350598,0.801995302,Drumstick
584166,2998.016709,978,911,1.525179487,0.816729124,Drumstick
724895.5,3367.441025,1063,928,1.360836148,0.80331388,Drumstick
619575.5,3058.362816,833,983,1.321612943,0.832388536,Drumstick
747130,3405.237047,1063,1057,1.503876166,0.809676137,Drumstick
510009,2745.683665,912,816,1.45917425,0.850132666,Drumstick
690952.5,3181.382147,963,970,1.351916376,0.857879672,Drumstick
628260.5,3059.372047,984,939,1.470689308,0.843499891,Drumstick
621866,3002.213538,920,864,1.278217494,0.867008826,Drumstick
607318.5,3015.191244,920,862,1.305805767,0.839453508,Drumstick
563102,2865.703872,865,836,1.284207834,0.861656787,Drumstick
540136.5,2908.636976,942,861,1.501587099,0.802295486,Drumstick
594701.5,3039.18114,983,892,1.474413634,0.809087939,Drumstick
549052,2817.728258,873,814,1.294270852,0.869010707,Drumstick
617829,3063.105013,1042,866,1.460553001,0.827474047,Drumstick
637058,3032.522196,964,861,1.302870382,0.870524225,Drumstick
516234.5,2800.647085,848,858,1.409405997,0.827065904,Drumstick
572156.5,2941.828763,744,1010,1.31334696,0.830787436,Drumstick
646029,3124.134452,946,988,1.446758582,0.831768454,Drumstick
491233.5,2693.122266,894,817,1.486865208,0.851110011,Drumstick
558544,2930.512091,940,856,1.44060271,0.817297593,Drumstick
515539,2874.737491,956,826,1.531709531,0.783925881,Drumstick
573962.5,2947.725295,945,891,1.466986084,0.830078884,Drumstick
501349.5,2704.906972,857,800,1.367509093,0.861084524,Drumstick
500154.5,2813.274499,791,926,1.464479476,0.79412675,Fenugreek
209079.5,1849.270324,551,585,1.541686296,0.768281748,Fenugreek
182898,1745.037787,453,574,1.421677656,0.754760475,Fenugreek
197582.5,1769.256045,496,563,1.413323548,0.793189513,Fenugreek
231504.5,1999.917948,413,745,1.329067038,0.727352516,Fenugreek
200088,1781.973864,563,532,1.496921355,0.791823246,Fenugreek
83439,1179.994071,386,323,1.494241302,0.753042182,Fenugreek
190588,1787.581947,628,431,1.420173358,0.749503209,Fenugreek
232818.5,2063.280433,412,794,1.405077346,0.687243802,Fenugreek
216492.5,1891.148399,458,623,1.317985612,0.760679129,Fenugreek
223929,1990.184976,440,720,1.414734134,0.710449671,Fenugreek
163769.5,1824.202219,337,732,1.506287801,0.618439083,Fenugreek
189420.5,2032.368741,365,816,1.57237469,0.57627772,Fenugreek
207414,1912.704748,401,706,1.364931972,0.712446175,Fenugreek
205481,1815.332162,500,548,1.333456621,0.783554719,Fenugreek
264090.5,2273.128191,457,899,1.55569019,0.642265785,Fenugreek
351851.5,2437.22573,686,801,1.561698614,0.744350976,Fenugreek
196401.5,1824.192114,493,609,1.528689954,0.741674789,Fenugreek
226342.5,2209.221554,381,910,1.531793631,0.582770325,Fenugreek
260584.5,2187.26022,722,617,1.70951841,0.684474912,Fenugreek
351705.5,2345.284608,706,723,1.4513222,0.803522269,Fenugreek
286630,2242.331286,612,767,1.637665283,0.716361034,Fenugreek
326802,2397.634896,752,726,1.670589531,0.714378652,Fenugreek
332611.5,2381.304811,594,780,1.392976491,0.737084275,Fenugreek
293050.5,2286.490667,600,754,1.543761229,0.704390459,Fenugreek
223908,1912.542401,606,558,1.51020955,0.769231979,Fenugreek
342541,2383.978041,723,771,1.627346799,0.757387135,Fenugreek
318810.5,2209.377972,629,729,1.438287007,0.820734031,Fenugreek
345084.5,2470.088644,667,803,1.552086518,0.71073915,Fenugreek
231053,2304.576892,379,959,1.573063323,0.546687407,Fenugreek
283282.5,2295.589085,458,881,1.424366136,0.675524817,Fenugreek
305735.5,2247.863249,631,744,1.535523353,0.760354218,Fenugreek
324308,2442.978913,579,791,1.412203831,0.682854364,Fenugreek
198568.5,1879.751431,405,658,1.342055764,0.706186435,Fenugreek
482433,2816.605451,769,911,1.452137395,0.764178545,Fenugreek
251215.5,1974.324148,589,635,1.488821351,0.809877588,Fenugreek
1021193.5,4046.827885,1415,949,1.314966263,0.783589194,Guava
998613.5,3957.774058,1385,965,1.338380665,0.801134255,Guava
1062361,4098.810639,1458,990,1.35869069,0.794632409,Guava
997282.5,4055.82283,1424,969,1.383615976,0.761851122,Guava
1202412,4259.33041,1482,1017,1.253475514,0.832876299,Guava
1122719,4193.46244,1440,1063,1.363404378,0.802297468,Guava
30,22.48528123,7,7,1.633333333,0.745649054,Guava
893283,3804.418726,1416,865,1.371166808,0.775572339,Guava
1071473.5,4037.504077,1373,1073,1.374956077,0.825972048,Guava
933307,3858.550756,1333,977,1.395404727,0.787745539,Guava
965806.5,3883.79845,1295,998,1.3381666,0.804612212,Guava
1016777.5,4192.651263,1462,960,1.380360993,0.726872622,Guava
1061317.5,4137.538561,1406,995,1.318144665,0.779060312,Guava
1083238.5,4037.406536,1344,1001,1.24196472,0.83508174,Guava
1075027,4091.874567,1372,991,1.264760792,0.806834781,Guava
1169107,4799.618856,1393,1090,1.2987434,0.637750229,Guava
1064293.5,3983.039001,1236,1057,1.227529812,0.843028304,Guava
986905,3904.44311,1369,950,1.317806678,0.813517715,Guava
1072341,4010.041087,1345,1028,1.289384627,0.838002145,Guava
1061515,4032.585244,1339,1050,1.324474925,0.820292775,Guava
1097787.5,4162.567999,1368,1068,1.330880521,0.796169366,Guava
996591.5,3876.293834,1158,1088,1.26421307,0.833477081,Guava
1058592,4027.413674,1342,1032,1.308288746,0.820136218,Guava
985069.5,3954.092827,1159,1054,1.240101333,0.791740781,Guava
1238134.5,4421.420811,1518,1037,1.271401451,0.795891721,Guava
1076002,4112.644118,1370,993,1.264319211,0.799430443,Guava
1057334.5,4067.964968,1403,1010,1.340190829,0.802911833,Guava
1099399.5,4106.970025,1396,1042,1.323115028,0.819072477,Guava
1138592.5,4323.93048,1442,1038,1.31460202,0.765280729,Guava
1083721.5,4239.112154,1419,969,1.268786307,0.757840376,Guava
986965.5,4171.229901,1536,879,1.367974868,0.712826082,Guava
1057441,3997.697944,1332,1041,1.311290181,0.831468988,Guava
1195363.5,4210.852275,1396,1121,1.309154914,0.847168586,Guava
965116.5,3755.039008,1144,1052,1.246987281,0.860123273,Guava
1084044.5,4180.852264,1367,1046,1.319025188,0.779340654,Guava
1240309,4492.173118,1571,1059,1.341350422,0.772372477,Guava
1133646.5,4254.273629,1461,1072,1.381552362,0.787112259,Guava
955932,3985.982215,1386,951,1.378849123,0.756077216,Guava
1080346.5,4144.758911,1414,1057,1.383443182,0.79026798,Guava
1102098,4118.952778,1433,1013,1.317150562,0.81631251,Guava
1036239.5,4066.224853,1379,1035,1.377350506,0.787566484,Guava
934400,3897.247149,1251,993,1.329455265,0.773084201,Guava
986919.5,3968.141595,1432,942,1.366822725,0.787620974,Guava
996695,3842.286694,1113,1063,1.187042174,0.848384275,Guava
940752,3834.644116,1360,936,1.353130262,0.803960822,Guava
962465.5,3937.514181,1384,935,1.344505336,0.78010089,Guava
1099174,4262.315254,1463,1044,1.389563436,0.760300322,Guava
940679,3905.212659,1310,955,1.329943583,0.775107494,Guava
996853,3952.727379,1434,940,1.352215422,0.801765308,Guava
874918,3608.536478,1209,955,1.319660814,0.844335435,Guava
1146513.5,4432.190362,1423,1065,1.32182918,0.733419119,Guava
963815.5,3958.71014,1447,927,1.391727981,0.77285205,Guava
998539,3968.952778,1402,982,1.378778395,0.796568324,Guava
1065451,4188.550756,1534,964,1.387934311,0.763160318,Guava
884488,3853.673553,1440,863,1.405016235,0.748431339,Guava
1017708,4268.776145,1558,924,1.414543268,0.701820889,Guava
930949,3920.869519,1434,916,1.410973104,0.760976025,Guava
1018690.5,4090.509126,1398,990,1.35862659,0.765063333,Guava
960198.5,3949.396433,1442,913,1.371118576,0.773587472,Guava
1009904.5,3981.372043,1390,948,1.304796642,0.800616703,Guava
845027.5,4397.386318,1374,976,1.586959004,0.549150603,Hibiscus
780373,3850.276589,1153,1035,1.529211031,0.661497552,Hibiscus
448945.5,3131.87753,743,1039,1.719533886,0.575166979,Hibiscus
476786.5,3245.156748,735,1047,1.614024306,0.568934744,Hibiscus
407062.5,3133.995284,669,1033,1.697717181,0.520803965,Hibiscus
352813,2763.041963,618,996,1.744629591,0.58073698,Hibiscus
461739,3117.953652,683,1093,1.616755353,0.59685263,Hibiscus
402189,2810.154665,603,1044,1.565264092,0.639999457,Hibiscus
424099.5,3064.230783,657,1063,1.64676214,0.567589931,Hibiscus
453297.5,3265.843044,733,1063,1.718913076,0.534075395,Hibiscus
345661.5,2836.255171,596,999,1.722505978,0.539970797,Hibiscus
341394.5,2893.912023,591,981,1.698243528,0.512266241,Hibiscus
499734,3074.321183,736,1039,1.530222078,0.664431613,Hibiscus
348811,2788.757693,624,949,1.697698754,0.563609719,Hibiscus
348923,2816.355674,651,930,1.735139271,0.552795452,Hibiscus
513220,3133.870394,719,1095,1.534049725,0.656676347,Hibiscus
297513.5,2525.86325,557,865,1.619439118,0.585998997,Hibiscus
345233.5,2924.137421,597,994,1.71888881,0.507372866,Hibiscus
359142.5,2801.828759,655,957,1.745365697,0.574901561,Hibiscus
539224,3358.453213,797,1073,1.585947584,0.600759259,Hibiscus
443761.5,3158.494849,741,1069,1.785033177,0.558983694,Hibiscus
451392.5,2889.392251,696,1014,1.563481892,0.679440132,Hibiscus
731319.5,3991.99946,1357,926,1.718239429,0.576681567,Hibiscus
418242.5,3049.451126,690,984,1.623364436,0.565190263,Hibiscus
366345,2828.532297,624,983,1.67435614,0.575410587,Hibiscus
518118,3391.766922,1227,733,1.73588063,0.56596105,Hibiscus
465579.5,3112.705957,729,1047,1.639382748,0.603847844,Hibiscus
611934.5,3683.524281,1324,765,1.655177147,0.566745041,Hibiscus
572882.5,3627.926298,1324,765,1.768006528,0.546963705,Hibiscus
739828.5,3960.176082,1122,1078,1.634859971,0.592805096,Hibiscus
699389.5,3956.68575,1137,1030,1.674474667,0.561391528,Hibiscus
722772.5,4059.146646,1144,1062,1.680927263,0.551241621,Hibiscus
684812,4030.217711,1078,1093,1.720551042,0.529814953,Hibiscus
655385,3921.129399,1035,1046,1.651868749,0.535653581,Hibiscus
657799,3750.276589,1023,1009,1.569182988,0.587728127,Hibiscus
742756.5,4125.337552,1118,1112,1.673786766,0.548450384,Hibiscus
675722.5,3751.205527,955,1104,1.560285472,0.603443377,Hibiscus
651603.5,3889.229909,1054,1055,1.70651324,0.541334914,Hibiscus
767744,4134.051193,1157,1105,1.665249093,0.564513841,Hibiscus
689177,3716.560859,1034,1037,1.555852851,0.62698643,Hibiscus
696870.5,3828.234961,1011,1086,1.575538066,0.597536961,Hibiscus
728937,3898.869519,1070,1079,1.583854297,0.602590745,Hibiscus
659787,3536.536472,1002,1013,1.53841467,0.662914221,Hibiscus
661766.5,3545.077668,1129,1041,1.775987452,0.661703046,Indian_Beech
721688.5,3681.268575,1152,1095,1.74790093,0.669213421,Indian_Beech
721086.5,3669.954865,1149,1097,1.747991399,0.672784198,Indian_Beech
875136,3991.545698,1334,1029,1.568540204,0.690244893,Indian_Beech
866341.5,3921.528455,1366,999,1.575168683,0.707926617,Indian_Beech
858276.5,3882.097002,1271,1056,1.563803739,0.715656005,Indian_Beech
870736,3914.800532,1303,1017,1.521874598,0.713965271,Indian_Beech
874257.5,3947.268571,1317,1059,1.595300012,0.705108382,Indian_Beech
791363,3870.114243,1275,1047,1.6868681,0.663954066,Indian_Beech
880715,4184.104143,1438,966,1.577250302,0.632179321,Indian_Beech
653198,3379.295921,999,1090,1.667044296,0.71879039,Indian_Beech
848303.5,3885.587333,1293,1041,1.586711596,0.706070023,Indian_Beech
806907,3749.829973,1268,1027,1.613861325,0.721124407,Indian_Beech
722466,3616.398519,1149,1084,1.723978706,0.69418418,Indian_Beech
811649,3793.771094,1268,1052,1.643488749,0.708656664,Indian_Beech
779201.5,3706.474638,1163,1093,1.631361079,0.712750579,Indian_Beech
836511.5,3957.185312,1393,1005,1.673575318,0.671288184,Indian_Beech
795657,3823.119294,1202,1121,1.693496067,0.684069225,Indian_Beech
890393.5,4052.665541,1379,1027,1.590569787,0.681255964,Indian_Beech
912335.5,3997.518352,1374,1071,1.612952691,0.717436562,Indian_Beech
905913,4102.221887,1459,997,1.60569834,0.676484828,Indian_Beech
834232,3960.932566,1355,1028,1.669727366,0.66819283,Indian_Beech
909365,4003.393456,1388,1020,1.556866605,0.713003315,Indian_Beech
801998,3773.736609,1262,1067,1.678999199,0.707684982,Indian_Beech
950741.5,4121.77824,1401,1055,1.554633936,0.7032392,Indian_Beech
767899,3631.084807,1150,1082,1.620395391,0.731882194,Indian_Beech
853690.5,3914.890936,1302,1090,1.662405755,0.699956381,Indian_Beech
830169,3806.800535,1252,1018,1.535272938,0.71987341,Indian_Beech
874562.5,3812.381273,1226,1091,1.529411563,0.756150181,Indian_Beech
783501.5,3573.102054,1171,1040,1.554355671,0.7711855,Indian_Beech
820063,3881.344699,1328,1019,1.650156147,0.684057571,Indian_Beech
836430,3943.109196,1466,915,1.603708619,0.676023599,Indian_Beech
773896,3804.197502,1320,1015,1.731240373,0.671995483,Indian_Beech
846312,3903.687836,1303,1072,1.650474057,0.697895182,Indian_Beech
852161,3857.878744,1373,972,1.566084343,0.71950592,Indian_Beech
842781,4009.854358,1472,946,1.652282147,0.658669271,Indian_Beech
740510.5,3758.817782,1318,960,1.708659094,0.658625497,Indian_Beech
885760,3851.202557,1246,1077,1.515017612,0.750469775,Indian_Beech
791553,3917.476726,1322,1075,1.795394623,0.64815222,Indian_Beech
887400,3853.060418,1231,1102,1.52869281,0.751134397,Indian_Beech
707416.5,3603.587333,1157,1076,1.759828899,0.684565402,Indian_Beech
799987.5,3851.445197,1304,1038,1.691966437,0.677712693,Indian_Beech
811384,3951.168066,1480,870,1.586918155,0.653108442,Indian_Beech
865830,4130.672681,1469,1005,1.705121098,0.637677258,Indian_Beech
967549,4093.511212,1350,1105,1.54178238,0.72558929,Indian_Beech
746292,3706.776153,1221,1031,1.686807577,0.682536576,Indian_Beech
800813,3995.001551,1504,850,1.596377681,0.630531916,Indian_Beech
773893,3640.540657,1157,1090,1.629592205,0.733768411,Indian_Beech
822515.5,3769.861497,1268,1095,1.688065453,0.727282547,Indian_Beech
779865,3555.153783,1089,1053,1.470404493,0.77537628,Indian_Beech
855825,3982.741658,1318,1077,1.658617124,0.678001351,Indian_Beech
660826,3386.609632,1016,1069,1.643555187,0.724046915,Indian_Beech
726510.5,3719.837111,1193,1071,1.758684837,0.659787242,Indian_Beech
806006.5,3652.984299,1184,1100,1.615867862,0.759019261,Indian_Beech
760490,3757.084803,1308,967,1.663185578,0.677019809,Indian_Beech
679824,3439.271538,1003,1089,1.606690849,0.722226509,Indian_Beech
870620.5,3881.008682,1243,1082,1.544790181,0.726355993,Indian_Beech
933255,3966.481776,1337,1070,1.532903654,0.745416948,Indian_Beech
872132,3938.790437,1368,1059,1.661115519,0.706425449,Indian_Beech
804067,3730.256377,1190,1115,1.650173431,0.726147321,Indian_Beech
760778,3780.422906,1216,1071,1.711847609,0.668939802,Indian_Beech
814745,4935.060417,1219,1046,1.564997637,0.420384428,Indian_Mustard
669374,4457.261427,1122,1014,1.699659682,0.423391846,Indian_Mustard
747133,4663.354795,1136,1064,1.617789604,0.431728646,Indian_Mustard
718482.5,4712.994406,1053,1062,1.556455446,0.406473475,Indian_Mustard
626814,5279.206731,1480,1027,2.424897976,0.282625415,Indian_Mustard
713136.5,4464.121387,1097,1073,1.650569,0.449687213,Indian_Mustard
654519.5,4360.793396,954,1040,1.515860108,0.432515257,Indian_Mustard
612593.5,4007.798447,910,1028,1.527081172,0.479259249,Indian_Mustard
816820,5578.956948,1197,1078,1.579743395,0.329784475,Indian_Mustard
678398,4274.207606,1016,1027,1.538082365,0.466641326,Indian_Mustard
698833.5,4729.18531,1045,985,1.4729188,0.392654804,Indian_Mustard
622039,4108.810639,1054,959,1.624955992,0.463015176,Indian_Mustard
679972,4077.046139,1040,985,1.506532622,0.514055063,Indian_Mustard
400953,3173.551629,803,793,1.5881637,0.50027891,Indian_Mustard
801188,4392.25638,1258,993,1.559177122,0.521877935,Indian_Mustard
636326,4209.212659,1073,986,1.66263519,0.451323344,Indian_Mustard
861284.5,4891.518351,1303,1066,1.612705209,0.452344299,Indian_Mustard
865174,4873.216833,1306,1079,1.628775252,0.457806392,Indian_Mustard
819211.5,4768.582285,1119,1124,1.535325127,0.452717562,Indian_Mustard
785437,4886.231994,1057,1060,1.426492513,0.413402457,Indian_Mustard
678533.5,4182.734519,1032,1036,1.575680493,0.48737198,Indian_Mustard
710499,4561.947722,1113,1030,1.613499808,0.429015247,Indian_Mustard
671203.5,4862.204641,1084,1026,1.656999703,0.356777624,Indian_Mustard
759418.5,4750.807669,1293,959,1.632811157,0.422820601,Indian_Mustard
733561.5,5039.126436,1062,1047,1.515774751,0.363024456,Indian_Mustard
708162,4469.923335,1095,1056,1.632846722,0.44539192,Indian_Mustard
746647.5,4448.876657,1013,1095,1.485620725,0.474050653,Indian_Mustard
646532,4320.408621,977,1027,1.551940198,0.435261487,Indian_Mustard
748949.5,4757.552842,1117,1044,1.557044901,0.415810218,Indian_Mustard
702541,4334.20761,981,1075,1.501086769,0.469961323,Indian_Mustard
888294.5,5372.170158,1322,1074,1.598375314,0.386782946,Indian_Mustard
738012.5,5077.611714,1051,1076,1.532326349,0.359711736,Indian_Mustard
746201.5,4441.361938,1115,983,1.46883248,0.475372056,Indian_Mustard
689118.5,4462.107099,1028,1018,1.518612546,0.434934435,Indian_Mustard
1042174.5,4088.013741,1392,1077,1.438515335,0.78365627,Jackfruit
1032118.5,4053.587331,1353,1077,1.411834978,0.789333179,Jackfruit
940405.5,6729.492211,1343,1020,1.45666949,0.260951883,Jackfruit
844144,7196.719689,1268,989,1.485590136,0.204812862,Jackfruit
1049866,4316.506164,1565,1015,1.513026424,0.708074582,Jackfruit
970265,3985.427963,1390,1025,1.468413269,0.767627107,Jackfruit
872463,3844.030988,1381,932,1.475239638,0.741964492,Jackfruit
969749.5,4028.84217,1403,990,1.432297722,0.750773474,Jackfruit
901103,3941.91323,1421,965,1.521762773,0.728735924,Jackfruit
1004107.5,4016.925428,1355,1079,1.456064216,0.781992407,Jackfruit
917426,8236.949267,1305,1037,1.475088999,0.169921419,Jackfruit
838896,3770.183229,1360,925,1.499589937,0.741639877,Jackfruit
963590.5,4319.871603,1329,1033,1.424730734,0.648874484,Jackfruit
740493.5,3629.028898,1343,853,1.547048016,0.706561976,Jackfruit
929603,4057.486828,1386,1005,1.498413839,0.709566565,Jackfruit
840641.5,3808.793398,1381,920,1.511369591,0.728191925,Jackfruit
895834,4005.604573,1303,954,1.38760306,0.701618864,Jackfruit
797412,3833.697944,1383,889,1.541846624,0.681799765,Jackfruit
1024462.5,4157.067561,1435,1041,1.458164647,0.744957959,Jackfruit
860467,4009.5356,1386,957,1.541490842,0.672598564,Jackfruit
890336.5,5436.797574,1257,974,1.375118284,0.378510312,Jackfruit
852017.5,3765.646207,1320,975,1.510532354,0.755056325,Jackfruit
737631.5,3588.425869,1344,828,1.508655745,0.719848926,Jackfruit
853135,3719.354799,1299,928,1.41299091,0.77498341,Jackfruit
836846,3795.344697,1338,944,1.509324296,0.730050594,Jackfruit
792272,3683.580195,1335,887,1.494619272,0.733742902,Jackfruit
977049,3989.687837,1377,1045,1.472766463,0.771344479,Jackfruit
817646,3691.746714,1325,932,1.510311308,0.753895909,Jackfruit
737322.5,3582.366993,1353,842,1.545085088,0.721983382,Jackfruit
733025.5,3661.763959,1323,886,1.599095802,0.686986583,Jackfruit
854889,3970.443107,1116,1043,1.361566238,0.681461992,Jackfruit
882555.5,3700.16598,1209,1024,1.402762772,0.81004562,Jackfruit
993291.5,4141.32745,1391,1065,1.491420192,0.727792274,Jackfruit
949867.5,5529.106222,1291,995,1.352341248,0.390447841,Jackfruit
939217.5,3944.700032,1384,987,1.45441072,0.75848688,Jackfruit
908183,5683.834147,1348,923,1.369992612,0.353264859,Jackfruit
1020774,4088.575142,1411,1033,1.427899809,0.767353531,Jackfruit
876284.5,4066.75891,1329,963,1.460515392,0.665821999,Jackfruit
960258.5,3954.984305,1353,1039,1.463946427,0.771451265,Jackfruit
822244.5,5674.0423,1400,894,1.522174974,0.320941371,Jackfruit
22.5,20.72792184,8,7,2.488888889,0.658083281,Jackfruit
849746.5,3820.072621,1415,902,1.502012659,0.731738676,Jackfruit
1005627,4000.089856,1401,1022,1.42381022,0.789782115,Jackfruit
1021020,4116.030986,1378,1061,1.431958238,0.757332932,Jackfruit
976728,3969.604576,1396,986,1.409252115,0.778913098,Jackfruit
1031034,4098.70717,1400,1053,1.429826756,0.771239151,Jackfruit
981086,4591.608746,1469,983,1.471865871,0.58477284,Jackfruit
900084,3794.148731,1264,1022,1.435208269,0.785713478,Jackfruit
1103661,4157.580195,1441,1051,1.372242926,0.8023508,Jackfruit
1025538.5,3998.641163,1401,1052,1.437149361,0.806003575,Jackfruit
1088030,4246.481774,1533,1013,1.427285093,0.758214709,Jackfruit
832565,3956.315255,1384,938,1.559268045,0.668415069,Jackfruit
965046,3981.937624,1404,1021,1.485404841,0.764837149,Jackfruit
1034252,4040.942674,1398,1047,1.415231491,0.795922633,Jackfruit
926267,3853.17817,1362,986,1.4498325,0.783985217,Jackfruit
877177.5,3865.077664,1394,910,1.446161125,0.737871774,Jackfruit
660409,3934.418723,1403,679,1.442495484,0.536119608,Jamaica_Cherry-Gasagase
523704.5,3605.2745,1348,608,1.564974141,0.506313487,Jamaica_Cherry-Gasagase
761938,4071.663452,1413,840,1.557764543,0.577544896,Jamaica_Cherry-Gasagase
694214.5,4076.827882,1457,738,1.54889591,0.52487851,Jamaica_Cherry-Gasagase
671252.5,4161.989348,1464,778,1.696816027,0.486960631,Jamaica_Cherry-Gasagase
734823,4146.148727,1424,832,1.612317524,0.537158994,Jamaica_Cherry-Gasagase
669424.5,3977.631923,1381,771,1.590546806,0.53169464,Jamaica_Cherry-Gasagase
617446,3999.840072,1432,733,1.699996437,0.484979735,Jamaica_Cherry-Gasagase
650431,4080.585242,1443,726,1.610652014,0.490869657,Jamaica_Cherry-Gasagase
706447.5,4089.656307,1426,768,1.550246834,0.530781935,Jamaica_Cherry-Gasagase
621399.5,3817.406528,1396,734,1.648961739,0.53585087,Jamaica_Cherry-Gasagase
701125.5,4096.28373,1411,774,1.557658365,0.525080108,Jamaica_Cherry-Gasagase
661051,3941.93344,1376,707,1.471644397,0.534596679,Jamaica_Cherry-Gasagase
703226.5,3990.793392,1418,807,1.627250964,0.55486407,Jamaica_Cherry-Gasagase
584130,3851.448157,1394,643,1.53449061,0.494847366,Jamaica_Cherry-Gasagase
725035.5,4016.033943,1372,748,1.415456209,0.564903657,Jamaica_Cherry-Gasagase
760475.5,4253.562942,1461,852,1.636833797,0.528189014,Jamaica_Cherry-Gasagase
724300.5,4292.107105,1498,782,1.617334242,0.494068934,Jamaica_Cherry-Gasagase
751853,4092.325356,1360,875,1.582756204,0.564160261,Jamaica_Cherry-Gasagase
677872,4244.006594,1463,702,1.515073642,0.47293936,Jamaica_Cherry-Gasagase
740597.5,4059.621816,1440,786,1.528279531,0.564704112,Jamaica_Cherry-Gasagase
748863.5,4517.32744,1438,820,1.574599376,0.461157614,Jamaica_Cherry-Gasagase
678400.5,4168.592381,1334,938,1.844473876,0.490588273,Jamaica_Cherry-Gasagase
688414.5,3961.82283,1393,763,1.543923029,0.55114995,Jamaica_Cherry-Gasagase
664360,4054.432998,1407,781,1.654023421,0.507870614,Jamaica_Cherry-Gasagase
649357.5,4078.626874,1413,814,1.771261593,0.490530224,Jamaica_Cherry-Gasagase
581934.5,3880.803496,1426,654,1.602592732,0.485557496,Jamaica_Cherry-Gasagase
755700,4340.717268,1515,843,1.690015879,0.504006675,Jamaica_Cherry-Gasagase
671332.5,3827.337547,1333,825,1.638122689,0.575909184,Jamaica_Cherry-Gasagase
806345.5,4441.126432,1457,822,1.485286394,0.513741627,Jamaica_Cherry-Gasagase
779685.5,4091.964967,1440,832,1.536619573,0.585147708,Jamaica_Cherry-Gasagase
714783,4004.560854,1332,850,1.583977235,0.560111234,Jamaica_Cherry-Gasagase
774823.5,4182.675639,1360,809,1.419987907,0.556550112,Jamaica_Cherry-Gasagase
678781,4068.835024,1411,811,1.685847129,0.515227908,Jamaica_Cherry-Gasagase
845209,4392.231987,1483,905,1.587909026,0.550558454,Jamaica_Cherry-Gasagase
656681,4285.462441,1455,830,1.839020773,0.449333634,Jamaica_Cherry-Gasagase
743420.5,4152.484733,1448,781,1.521195609,0.541786661,Jamaica_Cherry-Gasagase
822292.5,4292.450248,1476,857,1.538299328,0.560822789,Jamaica_Cherry-Gasagase
717590.5,4325.04317,1492,784,1.630077321,0.482065056,Jamaica_Cherry-Gasagase
749219.5,4157.479681,1501,791,1.584703815,0.544701618,Jamaica_Cherry-Gasagase
849255,4321.094905,1514,870,1.55098292,0.571558077,Jamaica_Cherry-Gasagase
738438.5,4334.675642,1472,844,1.682425822,0.493868111,Jamaica_Cherry-Gasagase
634016.5,3989.680692,1426,754,1.695861228,0.500534649,Jamaica_Cherry-Gasagase
704687.5,4156.023836,1494,783,1.660029446,0.512684718,Jamaica_Cherry-Gasagase
640081.5,3896.494842,1370,694,1.485404593,0.52978167,Jamaica_Cherry-Gasagase
665634.5,4064.342599,1420,770,1.642643222,0.50636662,Jamaica_Cherry-Gasagase
665038.5,3952.425859,1425,748,1.602764351,0.534969704,Jamaica_Cherry-Gasagase
636058.5,3985.122253,1461,689,1.58260443,0.503296171,Jamaica_Cherry-Gasagase
612264.5,3901.347655,1382,696,1.571007302,0.505498228,Jamaica_Cherry-Gasagase
627448.5,3953.136537,1394,731,1.624059983,0.504550127,Jamaica_Cherry-Gasagase
639325.5,3950.450246,1325,940,1.948146914,0.514800189,Jamaica_Cherry-Gasagase
553783,3856.761863,1379,707,1.760532555,0.467846986,Jamaica_Cherry-Gasagase
683813.5,4002.366984,1426,779,1.624498493,0.536430817,Jamaica_Cherry-Gasagase
708529.5,4314.072608,1451,857,1.755053248,0.478401905,Jamaica_Cherry-Gasagase
776204,4289.781201,1452,805,1.505867014,0.530048314,Jamaica_Cherry-Gasagase
654604,3928.217715,1397,737,1.572842512,0.533086174,Jamaica_Cherry-Gasagase
682105.5,3432.117215,1058,998,1.547977549,0.727674561,Jamun
796584,3746.751766,1312,915,1.50703504,0.713069074,Jamun
841404,4079.05032,1338,964,1.532952066,0.63547184,Jamun
891668,3888.634014,1373,955,1.470519296,0.741001187,Jamun
928142.5,3933.077664,1237,1065,1.4193995,0.753979398,Jamun
1005556.5,5143.140716,1393,1009,1.397770289,0.477704715,Jamun
859154.5,3886.332496,1296,986,1.487341334,0.714827456,Jamun
890912.5,3818.616763,1297,999,1.454354945,0.767772879,Jamun
886151.5,3849.504074,1219,1054,1.44989429,0.751464162,Jamun
807353.5,4099.646204,1224,958,1.452389814,0.60364393,Jamun
944644,4251.51121,1496,973,1.540906416,0.656736838,Jamun
735104.5,3463.489798,1219,890,1.475858194,0.770071623,Jamun
928284.5,4043.812732,1445,980,1.525502149,0.713360228,Jamun
789026.5,3714.519229,1206,993,1.517766514,0.718614923,Jamun
934831,4098.824914,1469,991,1.557264361,0.699236733,Jamun
836726,3913.320306,1394,920,1.532735926,0.686597686,Jamun
857421,3991.62897,1423,934,1.550092662,0.676244348,Jamun
885916.5,3823.680696,1297,966,1.414243893,0.76144654,Jamun
813457.5,3889.562951,1270,964,1.505032531,0.675683202,Jamun
818738.5,3797.479683,1422,857,1.488453273,0.713451013,Jamun
845942.5,4071.435096,1482,878,1.538161282,0.641291785,Jamun
836664,3841.829973,1420,916,1.554650373,0.712335627,Jamun
847975.5,3960.557894,1384,937,1.529298901,0.679329441,Jamun
861408.5,3882.876657,1456,892,1.507707435,0.717979141,Jamun
941863.5,4114.984306,1448,994,1.528153496,0.698974713,Jamun
822668.5,4084.700027,1442,897,1.572290661,0.619604261,Jamun
809139,3713.178169,1216,999,1.501329191,0.737465014,Jamun
818419.5,3670.342604,1204,1007,1.48142609,0.763435978,Jamun
850242,4093.878742,1347,1001,1.585839091,0.637503346,Jamun
894683,4007.947725,1392,957,1.488956424,0.699898322,Jamun
890687,4167.393463,1372,1049,1.615862812,0.644474837,Jamun
809879.5,3618.425864,1235,959,1.462396566,0.777304017,Jamun
886814.5,3852.557897,1337,993,1.497089865,0.750834641,Jamun
849012.5,3996.013744,1366,926,1.489867346,0.668143891,Jamun
961416.5,4591.165104,1481,1043,1.606674111,0.573159657,Jamun
932282,4096.766043,1408,1020,1.540478096,0.698031203,Jamun
872703.5,4281.20969,1297,999,1.48470013,0.598333863,Jasmine
802062.5,3648.710129,1001,1087,1.356611237,0.757075777,Jasmine
681936,3239.242977,857,1037,1.303214671,0.816707286,Jasmine
692926.5,3421.774064,942,1030,1.40023509,0.743694166,Jasmine
703612,3513.011652,988,1041,1.46175449,0.716446757,Jasmine
766967.5,3465.156753,907,1110,1.312663183,0.802677435,Jasmine
999879,4189.760998,1445,1062,1.534775708,0.715778768,Jasmine
885739,3831.91323,1291,1032,1.504181254,0.758026344,Jasmine
660687.5,3238.435965,908,1025,1.408684136,0.791653847,Jasmine
893972.5,3901.337556,1211,1089,1.475189673,0.738085998,Jasmine
776791,3503.507035,1021,1057,1.389301627,0.795258027,Jasmine
786519,3671.992319,990,1069,1.3455619,0.733019544,Jasmine
705876.5,3352.94564,1000,1016,1.439345268,0.789015551,Jasmine
968889,3923.545705,1281,1085,1.43451417,0.79090889,Jasmine
752562.5,3440.661362,1014,1049,1.413418819,0.798856139,Jasmine
782153,3420.997367,963,1071,1.318633311,0.839839118,Jasmine
833587.5,3659.136538,1117,1078,1.444510624,0.782354936,Jasmine
791737,3967.403566,1141,1040,1.498780529,0.632088729,Jasmine
758653.5,3452.328325,952,1081,1.356498059,0.799887936,Jasmine
827784.5,3602.366985,1166,1049,1.477599544,0.801588073,Jasmine
790307.5,3578.827883,1112,1037,1.459108005,0.775397404,Jasmine
698729,3381.992321,899,1046,1.345806457,0.76766793,Jasmine
851804,3697.864461,1151,1079,1.457998554,0.782794132,Jasmine
789800.5,3675.195421,1165,984,1.451455146,0.734795342,Jasmine
787140,3546.193326,1010,1118,1.434535153,0.78656937,Jasmine
800514.5,3568.470462,1011,1086,1.371550422,0.789977741,Jasmine
871165.5,3637.22991,1101,1054,1.332070657,0.827501948,Jasmine
859019,3706.231994,1174,1092,1.492409365,0.785864068,Jasmine
895633,3721.462442,1191,1080,1.436168609,0.812667085,Jasmine
908515.5,3787.244188,1280,1034,1.456794078,0.795967966,Jasmine
766883,3436.335465,954,1072,1.333564572,0.816108434,Jasmine
542079.5,2901.333381,774,992,1.416412168,0.809240441,Jasmine
639341,3151.801413,834,1039,1.355342454,0.808769432,Jasmine
703247,3278.453211,877,1095,1.365544396,0.822204354,Jasmine
707825,3421.73243,969,1090,1.492190866,0.7597027,Jasmine
847336,3692.761867,1198,987,1.395462957,0.780841555,Jasmine
807829,3742.217717,1176,1019,1.48341295,0.724888488,Jasmine
854125.5,4276.395554,1225,1072,1.537478977,0.586915817,Jasmine
689059,3411.766921,969,1003,1.410484443,0.743888021,Jasmine
789303.5,3473.274498,978,1069,1.324562732,0.822196602,Jasmine
742020,3401.957834,1020,1060,1.457103582,0.805689349,Jasmine
727395.5,3336.494849,915,1068,1.343450709,0.821106626,Jasmine
942726,3831.923341,1211,1088,1.397615002,0.806792262,Jasmine
882953.5,3728.533511,1229,1036,1.442028374,0.79812625,Jasmine
881290,3957.379186,1225,1061,1.474798307,0.70715298,Jasmine
808268.5,3575.715187,1103,1060,1.446524268,0.794400813,Jasmine
788748,3463.791312,1027,1061,1.381489398,0.826122971,Jasmine
820762.5,3707.906101,1114,1045,1.418351837,0.750187657,Jasmine
690130.5,3246.779116,904,1057,1.384561326,0.822688824,Jasmine
1006447,4008.030987,1399,1029,1.430349537,0.787297065,Jasmine
663978.5,3555.631922,995,960,1.438600798,0.65997926,Jasmine
834890.5,3593.9162,1111,1041,1.385272679,0.812275755,Jasmine
669762,3419.683663,901,1065,1.432695495,0.719711597,Jasmine
857831.5,3804.16598,1158,1050,1.417411228,0.744891363,Jasmine
778662,3705.864462,1098,1002,1.412931413,0.712491655,Jasmine
891686,3886.443105,1212,1084,1.473397586,0.741851849,Jasmine
880689,3699.521315,1227,1042,1.451742897,0.808614208,Jasmine
913813.5,3944.474639,1139,1112,1.38602461,0.73805563,Jasmine
845948.5,3638.107105,1131,1089,1.455950333,0.803161399,Jasmine
782496,3443.708048,967,1081,1.335887979,0.829161902,Jasmine
792138.5,3667.303063,1151,1021,1.483542335,0.740145978,Jasmine
861821,3721.947725,1226,1052,1.496542786,0.781783316,Jasmine
621015.5,3141.534384,805,1038,1.345521972,0.790730825,Jasmine
878248,3668.575143,1190,1089,1.475562711,0.820034634,Jasmine
883009.5,3792.377091,1142,1084,1.401941882,0.771528923,Jasmine
937970.5,3856.783295,1356,1026,1.483262,0.792407485,Jasmine
923239.5,3941.292964,1345,1013,1.475765497,0.746873078,Jasmine
898063.5,3768.616777,1296,1013,1.461865447,0.794608041,Jasmine
942837,3904.256384,1353,1048,1.503912129,0.777266273,Jasmine
886260,3758.079758,1289,1032,1.500968113,0.788567777,Jasmine
858056.5,3664.440152,1280,1010,1.506660692,0.80299064,Jasmine
690476.5,3279.774065,1019,1006,1.484647197,0.806623576,Karanda
846094,3677.202558,1174,1021,1.41669129,0.786309227,Karanda
771480,3438.575137,1125,1028,1.499066729,0.819931362,Karanda
682842,3218.252203,950,1003,1.395417974,0.82849509,Karanda
628366.5,3104.435972,902,995,1.428290655,0.81932739,Karanda
722956,3294.619733,973,1039,1.398352044,0.836972406,Karanda
756026,3402.761873,1026,1056,1.433093571,0.820509246,Karanda
586399.5,3090.636983,865,1008,1.486904406,0.771449428,Karanda
688573,3283.933444,1000,1004,1.458087959,0.802363493,Karanda
713746.5,3358.886765,986,1045,1.44360778,0.794992679,Karanda
716880,3291.271538,991,1037,1.433527229,0.831627611,Karanda
747941,3344.928391,994,1078,1.432642414,0.840046942,Karanda
759747,3414.016708,1014,1071,1.429415319,0.819120082,Karanda
780660,3480.977162,1087,1078,1.50101965,0.809598031,Karanda
687335,3237.742536,874,1074,1.365674671,0.823936423,Karanda
641442.5,3237.607541,896,1068,1.491837538,0.76898734,Karanda
711184.5,3281.999452,1007,1030,1.458426048,0.829688629,Karanda
650591.5,3231.843043,872,1067,1.430120129,0.78274036,Karanda
753367,3361.438064,1074,1031,1.469793607,0.837849915,Karanda
747659,3374.006603,1088,1018,1.481402618,0.825318487,Karanda
647135.5,3206.446072,847,1065,1.393919821,0.790964894,Karanda
731830.5,3366.592386,1093,999,1.492021718,0.811408019,Karanda
805081,3475.722331,1089,1076,1.455461003,0.837450783,Karanda
744934,3467.545699,1141,1016,1.556186186,0.7785442,Karanda
727739,3461.094917,1087,1031,1.539971061,0.763411143,Karanda
732199.5,3331.47969,1038,1043,1.478605216,0.829019893,Karanda
771288,3458.491879,1090,1062,1.500840153,0.810313208,Karanda
739594.5,3392.04823,1143,988,1.526896157,0.807754711,Karanda
745834,3360.467495,1049,1040,1.462738357,0.829951365,Karanda
680355.5,3281.406534,961,1030,1.454871755,0.794009479,Karanda
645463,3113.031864,842,1037,1.352756084,0.83697808,Karanda
705971,3234.761866,944,1046,1.398675016,0.847836474,Karanda
674659.5,3169.406536,943,1016,1.420105994,0.843992536,Karanda
674414.5,3259.22991,1015,992,1.492969087,0.797823398,Karanda
627440.5,3143.455306,975,985,1.530623222,0.797935583,Karanda
696267.5,3257.455306,1001,1025,1.473607486,0.824572898,Karanda
649518,3151.163892,936,1006,1.449715019,0.821975877,Karanda
589357.5,3114.411584,849,1047,1.508257721,0.763548567,Karanda
722329.5,3296.377094,1010,1016,1.420625905,0.835355701,Karanda
694977.5,3234.318216,1006,997,1.44318629,0.834862809,Karanda
804564,3486.692887,1096,1074,1.463033394,0.831654743,Karanda
810028.5,3448.567998,1089,1056,1.419683382,0.85591882,Karanda
727699,3325.105014,982,1052,1.419630919,0.827086459,Karanda
627684.5,3145.83294,900,1033,1.48115813,0.797039706,Karanda
684246.5,3273.489793,1009,994,1.465767088,0.802417638,Karanda
696340.5,3280.626874,1001,1025,1.473453002,0.813051102,Karanda
809309,3449.496927,1088,1056,1.419640706,0.854698042,Karanda
649976,3150.820742,936,1006,1.44869349,0.822734659,Karanda
588169,3116.997371,849,1046,1.509861961,0.760745029,Karanda
723267.5,3294.862375,1010,1016,1.418783507,0.83720971,Karanda
694973.5,3233.489789,1006,997,1.443194597,0.835285844,Karanda
683462,3272.418727,1010,993,1.467426133,0.802022401,Karanda
626531,3139.105024,899,1031,1.479366544,0.798988882,Karanda
727672.5,3326.519228,982,1052,1.419682618,0.826353271,Karanda
804328.5,3483.964969,1096,1075,1.464824385,0.832713801,Karanda
632589.5,3138.328323,843,1058,1.409909586,0.80711439,Karanda
760129.5,3394.415771,1100,1048,1.516583687,0.829024525,Karanda
700134,3319.697947,1039,1014,1.504777657,0.798351035,Karanda
739565,3416.065473,1056,1048,1.496403967,0.796404751,Karanda
713782,3328.585246,1052,1004,1.479734709,0.809573135,Karanda
716953,3316.300976,1031,1022,1.46966677,0.819205148,Karanda
778922,3510.526368,1072,1064,1.464341744,0.794253899,Karanda
670792,3248.384233,980,1047,1.529624682,0.79884579,Karanda
678388,3259.021754,908,1083,1.449559839,0.802626514,Karanda
698066.5,3221.891812,911,1076,1.404215787,0.84505457,Karanda
666164.5,3178.3771,937,1021,1.43609724,0.828667876,Karanda
716521.5,3336.117211,1044,1001,1.458496361,0.809014842,Karanda
690226.5,3203.264394,905,1071,1.404256429,0.845309832,Karanda
713166,3271.153787,1014,1028,1.461640067,0.837526524,Karanda
606966.5,3028.803501,951,938,1.469665954,0.831442823,Karanda
664799.5,3235.725291,914,1048,1.440843442,0.797916161,Karanda
542919,3003.850182,850,971,1.520208355,0.756115895,Karanda
649138.5,3207.950686,937,1017,1.467990267,0.792668983,Karanda
683692,3212.644123,1024,977,1.463302189,0.832425015,Karanda
678677,3369.448161,1168,842,1.449078133,0.751199754,Lemon
815717.5,4193.753841,1260,940,1.451973263,0.582832516,Lemon
661444,3284.300972,1121,883,1.496487987,0.770578784,Lemon
616242,3743.521314,1201,828,1.613697216,0.55258684,Lemon
781649.5,3614.484738,1208,939,1.451177286,0.751846406,Lemon
693476.5,3963.930475,1157,925,1.543275079,0.554612375,Lemon
831406.5,3648.401479,1199,961,1.385891258,0.784906695,Lemon
537108.5,3416.245059,1187,719,1.588976901,0.578327516,Lemon
661830.5,3327.063388,1142,828,1.428728353,0.751336506,Lemon
721645,3936.658396,1147,967,1.536973165,0.585164552,Lemon
781124.5,3566.744628,1242,911,1.448504048,0.771589115,Lemon
708459,4014.634008,1412,826,1.646266051,0.552373287,Lemon
760694.5,3488.176084,1160,917,1.398353741,0.785639553,Lemon
717130.5,4084.21475,1215,947,1.604456929,0.540245202,Lemon
819860,3645.555806,1239,954,1.441716878,0.775214809,Lemon
612104.5,3511.916197,1133,840,1.554832549,0.623658934,Lemon
469499.5,2903.759781,936,770,1.535081507,0.699718936,Lemon
947697,4236.908177,1410,1040,1.547330001,0.663408858,Lemon
670427,3254.39434,1115,856,1.423630015,0.795464877,Lemon
911245.5,4676.395542,1399,1076,1.651941217,0.523627908,Lemon
517712.5,3152.636978,969,811,1.517944805,0.654561692,Lemon
837333,4169.760993,1267,1023,1.547939709,0.605181644,Lemon
402051,2802.463318,960,710,1.695307312,0.643296424,Lemon
685920,4286.280757,1257,943,1.728118439,0.469161214,Lemon
607018.5,3224.092824,1023,881,1.484737286,0.733832121,Lemon
909591.5,4507.11633,1410,1062,1.646255489,0.562676429,Lemon
484088.5,3150.43597,933,819,1.578486165,0.612905213,Lemon
775357,4406.447281,1291,952,1.585117565,0.501804347,Lemon
476262,3020.286697,1036,746,1.622753862,0.656084014,Lemon
764093,4192.457385,1299,969,1.647353136,0.546284366,Lemon
488541,2879.031858,887,821,1.490615936,0.740658378,Lemon
702348.5,3964.47463,1169,916,1.52460495,0.561553628,Lemon
313142,2556.924213,825,609,1.60446379,0.601887707,Lemon
877945,4740.755934,1350,1013,1.557671608,0.490887507,Lemon
392724.5,2800.102928,895,726,1.654518626,0.629433521,Lemon
683971.5,4090.214744,1370,838,1.678520231,0.513754513,Lemon
517332,3227.624786,987,835,1.593067895,0.624040998,Lemon
852785.5,4693.317335,1353,1034,1.640508662,0.486507827,Lemon
588258.5,3264.435967,995,871,1.473238381,0.693684143,Lemon
855134.5,4263.729464,1331,984,1.531576612,0.591105514,Lemon
547198,3224.14456,971,811,1.439115275,0.661493154,Lemon
756070,4139.393459,1245,981,1.615386141,0.554496044,Lemon
393088.5,2766.161799,985,665,1.666355032,0.645572532,Lemon
895852.5,4424.890926,1325,1035,1.530804457,0.574964769,Lemon
471597,3095.482651,1024,775,1.682792723,0.618477848,Lemon
518882,3800.325352,1259,719,1.74456042,0.451478332,Lemon
657757.5,3424.636984,1083,902,1.485146121,0.704768667,Lemon
588482,3859.746712,1244,849,1.794712498,0.496392757,Lemon
526735,3022.286692,908,854,1.472148234,0.724654049,Lemon
668858.5,3888.911144,1115,968,1.613674641,0.555761009,Lemon
367537,2965.517144,882,687,1.648634015,0.525182265,Lemon
767932,4482.305142,1437,888,1.661678378,0.480319028,Lemon
939757.5,4806.135658,1433,1027,1.566032727,0.511250345,Lemon
927409,4633.844244,1381,1038,1.545680493,0.542748093,Lemon
650649.5,3817.62182,1316,821,1.660549958,0.561010715,Lemon
786748.5,4066.204645,1333,952,1.61298814,0.597953377,Lemon
838480.5,4552.405645,1307,1006,1.568124721,0.508418008,Lemon
331172,3475.358973,1214,1036,3.797736524,0.344559426,Mango
318912.5,3356.959922,1087,1040,3.54479677,0.355622388,Mango
400729,3522.071404,1533,397,1.518734606,0.405942315,Mango
432189,3548.071405,1537,433,1.539884171,0.431418605,Mango
377484.5,3465.593259,1494,462,1.82849362,0.39496063,Mango
445585,3478.816568,1520,468,1.596463077,0.462676421,Mango
397601.5,3452.249235,1162,990,2.893298944,0.419231198,Mango
351279,3495.962004,1238,1010,3.559506831,0.361184117,Mango
419493,3576.2522,1481,626,2.2100631,0.41217183,Mango
456477,3947.927515,1400,1083,3.321525509,0.368036103,Mango
407552.5,3432.255168,1491,492,1.799944792,0.434744694,Mango
370178.5,3511.79427,1507,475,1.933729268,0.377192391,Mango
365695,3501.693766,1494,533,2.177503111,0.374776681,Mango
419829,3619.198383,1506,626,2.245571411,0.402770376,Mango
308000.5,3050.074368,1346,345,1.507692358,0.416045116,Mango
355512,3574.276592,1474,683,2.831808772,0.349693705,Mango
440407.5,3535.049106,1490,508,1.718680994,0.442867355,Mango
293346.5,3383.670596,1154,987,3.882773444,0.321969416,Mango
413726,3500.473419,1435,506,1.755050444,0.424296168,Mango
377118.5,3437.495721,1524,379,1.531603462,0.401054478,Mango
347722,3411.594475,1150,1030,3.406456882,0.375428491,Mango
409914.5,3512.917071,1539,429,1.610655393,0.417414326,Mango
386305.5,3706.107103,1429,854,3.1590697,0.35343115,Mango
448227.5,3548.872482,1484,581,1.923585679,0.447226545,Mango
335762,3444.400268,1547,387,1.783075512,0.355642929,Mango
407674.5,3575.995281,1534,449,1.689499834,0.40061715,Mango
494506.5,3857.372041,1530,713,2.206017514,0.41763685,Mango
335989,3202.944425,1437,350,1.496924006,0.411562804,Mango
395787.5,3383.779992,1494,418,1.577846698,0.43437788,Mango
373818,3354.792185,1471,398,1.566157863,0.417386913,Mango
416049.5,3470.407407,1522,437,1.598641508,0.434104157,Mango
376786,3375.169818,1505,363,1.449934446,0.415636199,Mango
350540,3259.027683,1450,369,1.526359331,0.41473563,Mango
403308,3358.968807,1478,423,1.550165134,0.449194841,Mango
462838.5,3495.485617,1511,493,1.609466369,0.476019016,Mango
363417.5,3345.461228,1460,388,1.558758178,0.408040902,Mango
430901.5,3397.637854,1429,448,1.485703809,0.469065722,Mango
386080,3357.277471,1464,396,1.501616245,0.430440073,Mango
397138,3552.355673,1512,454,1.728487327,0.395474444,Mango
395840.5,3436.265277,1507,373,1.420044184,0.421266305,Mango
333302,3454.767795,1537,362,1.669338918,0.350921566,Mango
372488,3408.282518,1523,385,1.574158094,0.40294983,Mango
447952.5,3479.686628,1530,444,1.516500075,0.464902156,Mango
426591.5,3486.65719,1508,420,1.484699062,0.440964434,Mango
397854.5,3328.868305,1472,418,1.546535228,0.451170723,Mango
430283,3380.189153,1469,444,1.515830279,0.473240652,Mango
359470.5,3379.838864,1504,401,1.677756589,0.395440484,Mango
352892,3281.998245,1454,357,1.470925949,0.411694427,Mango
496857.5,3612.563825,1509,530,1.609656692,0.478421465,Mango
376691.5,3433.377968,1509,425,1.702520498,0.401561856,Mango
483706,3540.120176,1514,498,1.558740227,0.485015176,Mango
388252.5,3450.515054,1492,449,1.725444138,0.409785203,Mango
352150.5,3429.3292,1544,352,1.543340134,0.376287523,Mango
386277.5,3436.147525,1495,415,1.606163962,0.411117225,Mango
446316.5,3448.573927,1504,450,1.51641268,0.471599923,Mango
495486,3552.237927,1509,519,1.580611763,0.493443188,Mango
428325.5,3323.083593,1374,536,1.719402651,0.487417662,Mango
382389.5,3439.711009,1494,483,1.887086335,0.406136395,Mango
402100.5,3422.054159,1488,441,1.631950221,0.431489985,Mango
319014.5,3246.015492,1450,344,1.563565292,0.380468854,Mango
381573,3345.194206,1478,398,1.541628994,0.428494083,Mango
461537.5,3834.086897,1409,973,2.970413022,0.394541739,Mango
554109,3281.811517,714,1085,1.398082327,0.646513799,Mexican_Mint
531771.5,3617.264394,671,1076,1.357718494,0.510710063,Mexican_Mint
555063.5,3725.441017,865,1060,1.651883073,0.502570682,Mexican_Mint
503187.5,3433.451123,725,1047,1.508533101,0.536386661,Mexican_Mint
477025,3041.586121,650,1029,1.402127771,0.647963837,Mexican_Mint
529147.5,3266.73034,698,1078,1.421992923,0.623103284,Mexican_Mint
544800,3248.546579,776,1061,1.511262849,0.648737147,Mexican_Mint
546561,3265.267357,763,1048,1.463009618,0.644185596,Mexican_Mint
571753,3386.948598,741,1071,1.388031195,0.626326958,Mexican_Mint
544962.5,3404.823706,748,1069,1.467278941,0.590727546,Mexican_Mint
639043,3470.203433,854,1087,1.452637772,0.666852948,Mexican_Mint
445266,3167.443982,634,1036,1.475127227,0.557713956,Mexican_Mint
354804.5,2805.554592,535,984,1.483746683,0.566449941,Mexican_Mint
598185.5,3399.877529,760,1066,1.354362485,0.650308154,Mexican_Mint
406892,3120.47342,610,1025,1.536648546,0.525107281,Mexican_Mint
532469.5,3074.716066,695,1069,1.395300576,0.707773937,Mexican_Mint
556419,3178.237919,740,1074,1.428348061,0.692211812,Mexican_Mint
523975,3236.237924,755,1055,1.520158405,0.628694331,Mexican_Mint
541363.5,3215.250113,759,1063,1.490342441,0.658065785,Mexican_Mint
535293.5,3141.99528,731,1048,1.431155058,0.681382189,Mexican_Mint
562989.5,3414.504948,808,1039,1.49116813,0.606812707,Mexican_Mint
595593.5,3393.818657,831,1060,1.478961742,0.649804251,Mexican_Mint
489139.5,3042.161803,671,1014,1.391001953,0.664168052,Mexican_Mint
527372,3298.487703,827,1025,1.607356856,0.609112053,Mexican_Mint
541271.5,3264.102924,798,1021,1.505266765,0.638406552,Mexican_Mint
650021,3501.718152,806,1108,1.373875613,0.666154363,Mexican_Mint
538537,3378.0714,697,1059,1.370607776,0.593045154,Mexican_Mint
608017.5,3583.985176,898,1084,1.600993392,0.594830918,Mexican_Mint
543165.5,3294.504947,849,1019,1.59275764,0.62887121,Mexican_Mint
539633.5,3329.90192,851,1019,1.606959168,0.611569591,Mexican_Mint
580953,3350.958703,742,1081,1.380665906,0.65014872,Mexican_Mint
574586.5,3581.2745,899,1075,1.681948671,0.562976234,Mexican_Mint
487630,3130.154662,762,1026,1.603289379,0.625415567,Mexican_Mint
551856.5,3367.166853,766,1040,1.44356368,0.611655311,Mexican_Mint
516353.5,3637.382144,802,1071,1.663476669,0.490432371,Mexican_Mint
582127.5,3425.10798,761,1101,1.439308399,0.623561718,Mexican_Mint
586752.5,3550.303933,790,1049,1.412367225,0.584970204,Mexican_Mint
483378,3515.860286,897,992,1.840845053,0.491398161,Mexican_Mint
580766,3499.066343,711,1064,1.302596915,0.596082942,Mexican_Mint
577871.5,3455.073489,847,1078,1.580050236,0.608312249,Mexican_Mint
549279,3412.865337,731,1058,1.408023973,0.592603967,Mexican_Mint
539475.5,3335.485616,697,1081,1.396647299,0.609345272,Mexican_Mint
571184,3488.203435,787,1092,1.504600969,0.589905284,Mexican_Mint
539112,3342.698816,727,1068,1.440212794,0.606309493,Mexican_Mint
539635.5,3560.328318,745,1030,1.421978354,0.534971048,Mexican_Mint
521278.5,3231.132365,823,1013,1.599335096,0.627437076,Mexican_Mint
584856.5,3364.01967,824,1091,1.537101836,0.649444633,Mexican_Mint
524525.5,3308.647083,796,1022,1.550948429,0.602109638,Mexican_Mint
567319,3257.919159,878,931,1.440843688,0.671670981,Mint
657871,3602.179053,1006,908,1.388491057,0.637118203,Mint
623878.5,3308.196292,863,972,1.344550261,0.716353426,Mint
658495,3574.345572,1066,890,1.440770241,0.647693098,Mint
544668.5,3159.083595,815,926,1.385595091,0.685835383,Mint
644719,3675.340516,1111,855,1.473362814,0.599770594,Mint
713171.5,3765.940583,1064,1055,1.573983256,0.631912456,Mint
709220.5,3647.808552,1011,959,1.367062853,0.669772127,Mint
679655,3579.11512,1049,904,1.395260831,0.666725469,Mint
774680,3952.384234,1119,1020,1.473356741,0.623180552,Mint
781008.5,3710.210572,1052,1027,1.38334474,0.712965487,Mint
715446.5,3652.102929,1030,926,1.333125538,0.674063808,Mint
774145.5,4022.661363,1074,991,1.374850077,0.601181364,Mint
689739,3468.84513,1060,971,1.492245618,0.720318925,Mint
746690.5,4070.117206,1170,932,1.4603641,0.566417495,Mint
717575.5,3895.56294,1054,997,1.464428482,0.594205976,Mint
800783,3944.845129,1089,1043,1.418395495,0.646643316,Mint
712996,3753.021757,1015,1048,1.491901778,0.636113764,Mint
634637,3737.105011,1042,871,1.430080503,0.571037526,Mint
836518,5556.603696,1190,1024,1.456705056,0.340460167,Mint
544998,3316.629838,996,773,1.412680414,0.622602364,Mint
530929.5,3044.657185,797,909,1.3645371,0.719730522,Mint
717458.5,3600.151699,1021,975,1.387501856,0.695608768,Mint
681914,3703.742536,1010,933,1.381889798,0.624680418,Mint
497455.5,3103.54449,852,875,1.49862651,0.64900516,Mint
561224,3269.492757,876,914,1.426638918,0.659759025,Mint
802470.5,3808.342603,1081,1055,1.421179969,0.695291496,Mint
518761.5,3241.30899,880,858,1.455466529,0.620492782,Mint
592836,3612.678607,963,913,1.48307289,0.570802383,Mint
600808,3289.433884,959,920,1.468489101,0.697755466,Mint
878567,4541.805592,1257,1041,1.489399215,0.535214252,Mint
796452.5,3903.122262,1171,1017,1.495264313,0.656969841,Mint
833156.5,4139.347653,1126,1020,1.378516521,0.611044226,Mint
745580,3861.212659,1033,1028,1.424292497,0.628429655,Mint
717187,3711.791308,981,1030,1.408879414,0.654146726,Mint
628320.5,3614.435968,1072,937,1.598649097,0.604379914,Mint
663977.5,3613.112157,990,1004,1.496978437,0.639146391,Mint
756428.5,3773.499894,1074,1007,1.429768974,0.66755809,Mint
584670.5,3266.931361,936,956,1.530462029,0.68840026,Mint
672830.5,3476.612591,961,1010,1.442577291,0.699524511,Mint
670191,3594.820743,932,1007,1.400382876,0.651709388,Mint
814961,4095.673558,1026,1016,1.279099245,0.610514554,Mint
754406.5,3905.774065,1080,989,1.415841459,0.621442643,Mint
795447.5,4297.102051,1178,1018,1.507584096,0.541339914,Mint
838146.5,4204.200472,1146,1057,1.445238989,0.595885704,Mint
763388,3937.389291,1142,950,1.421164598,0.618783153,Mint
698311.5,3712.200472,1140,910,1.485583439,0.636789971,Mint
741883.5,4187.337549,1211,912,1.488686566,0.531703639,Mint
849511,3986.384241,1158,1052,1.434020278,0.671769924,Mint
722563.5,3846.352709,1039,1038,1.492577469,0.613744581,Mint
723532.5,3774.578106,1074,1013,1.503680899,0.638162198,Mint
640487,3599.683658,1054,890,1.464604278,0.621142879,Mint
833918.5,4112.876659,1174,994,1.399364566,0.619501128,Mint
775605.5,4075.053282,1179,969,1.472979498,0.586927098,Mint
766213.5,4113.420807,1180,970,1.493839511,0.569053872,Mint
649506.5,3501.250115,1041,919,1.472932142,0.665805063,Mint
727936.5,4571.043177,1180,918,1.488096833,0.437796931,Mint
725119,3860.041086,1126,964,1.496946019,0.61155468,Mint
755160,3847.330409,1105,977,1.429610943,0.641106045,Mint
728495.5,3855.656312,1164,958,1.530705406,0.615800601,Mint
849325.5,4463.244184,1272,948,1.419780755,0.535775354,Mint
823459.5,3997.739577,1177,1011,1.445058318,0.647475156,Mint
791009.5,3939.430915,1080,1034,1.411765598,0.640508041,Mint
875407,4345.521317,1304,1016,1.513426326,0.582553894,Mint
579928,3471.19838,952,861,1.413403043,0.604818509,Mint
430355.5,3068.681571,858,681,1.357710079,0.574293064,Mint
484739.5,3098.504947,895,756,1.395842509,0.634474083,Mint
505537,3081.14961,862,848,1.445939664,0.669171194,Mint
566356.5,3509.524276,940,860,1.42736951,0.577834212,Mint
659987.5,3939.999458,1015,935,1.4379439,0.534260726,Mint
680671.5,3615.607541,998,916,1.343038455,0.654311968,Mint
685785.5,3893.254293,1076,879,1.379154269,0.568555179,Mint
514908,3244.713098,910,799,1.412077497,0.614591995,Mint
576444,3559.482651,970,785,1.320943578,0.571732955,Mint
529290.5,3398.813603,946,772,1.379794272,0.575770312,Mint
674984,3783.056247,991,970,1.424137461,0.592676552,Mint
513886.5,3242.730348,888,781,1.349574274,0.614123054,Mint
667845.5,3790.092821,936,1008,1.412733933,0.584233123,Mint
547191.5,3368.730348,934,832,1.420139019,0.605921982,Mint
596989,3832.110068,1080,797,1.441835612,0.510858053,Mint
470335.5,3073.260218,785,820,1.368597522,0.625776075,Mint
476707.5,3068.681572,780,844,1.380972609,0.636148047,Mint
633668,3636.536472,1009,889,1.415569352,0.602137596,Mint
497277,3159.066348,837,795,1.338117387,0.626167817,Mint
505020,3270.855239,859,794,1.350532652,0.593192695,Mint
609592,3667.850183,1004,820,1.350542658,0.569411123,Mint
528695,3232.120171,896,843,1.42866492,0.635975035,Mint
549056,3354.570961,906,844,1.392688542,0.613129962,Mint
607405,3550.252201,947,850,1.325227813,0.605577619,Mint
598953,3624.536472,1012,879,1.485171624,0.572924851,Mint
533360.5,3385.700907,887,808,1.343736553,0.584700592,Mint
654457.5,3905.136537,981,942,1.412012239,0.539285654,Mint
604026,3642.453213,957,859,1.360972872,0.572107358,Mint
471157.5,3056.054159,777,827,1.363830566,0.633948356,Mint
601625,3694.820744,997,846,1.40197299,0.553794951,Mint
547958,3570.311082,924,913,1.539555951,0.540188109,Mint
608781,3525.590298,990,816,1.326979653,0.615470539,Mint
732514,4763.094907,1452,894,1.772099919,0.405739531,Neem
733536.5,4530.048229,1420,886,1.715143009,0.44918572,Neem
814063,4557.178176,1519,896,1.671890259,0.492578965,Neem
535268.5,4101.156748,1336,732,1.827030733,0.399916031,Neem
733572,4790.668504,1427,903,1.756584221,0.401661651,Neem
791148,5090.623906,1503,966,1.835178753,0.383641494,Neem
693221.5,4334.082714,1322,875,1.668658574,0.463753817,Neem
660954.5,4596.165984,1382,814,1.702005206,0.393178733,Neem
506485.5,4366.318223,1385,701,1.916905815,0.33384595,Neem
612876,4373.909055,1354,922,2.036934062,0.402571459,Neem
696038,4830.75177,1470,882,1.862743126,0.3748119,Neem
659158,4598.595349,1483,792,1.781873238,0.391695877,Neem
709020,4911.781202,1524,852,1.831327748,0.369309368,Neem
683274,4933.947721,1483,913,1.981604744,0.352708294,Neem
800397.5,4422.141593,1354,987,1.669667884,0.514339998,Neem
588458,4691.972108,1410,849,2.034282821,0.335903471,Neem
656589.5,4823.881706,1448,827,1.823812291,0.354576949,Neem
744155,5272.457389,1555,951,1.987227123,0.336393125,Neem
584420,4105.95783,1341,809,1.856317374,0.435618148,Neem
642745,5183.275711,1361,1060,2.244529323,0.300635284,Neem
552448,4471.403569,1283,933,2.166790359,0.347227035,Neem
711046,4452.359846,1346,905,1.713152173,0.450740982,Neem
437667,3918.335462,1199,741,2.029988553,0.358220501,Neem
639821.5,4972.626872,1491,846,1.971465479,0.325159875,Neem
620048,4889.369081,1342,908,1.965228498,0.325933899,Neem
656575.5,4346.342601,1359,908,1.8794061,0.436763788,Neem
628146,4825.050316,1470,956,2.237250576,0.339052358,Neem
338143,3057.655101,520,1106,1.700818884,0.454499357,Neem
497723,3786.321182,1453,684,1.996797415,0.436277356,Neem
935.5,212.492421,63,51,3.434526991,0.260355506,Neem
540290.5,4495.337547,1417,630,1.652277802,0.335979346,Neem
513308,3832.193326,1496,611,1.780716451,0.439231094,Neem
483770.5,3682.671471,1433,615,1.82172125,0.448253089,Neem
541204,3779.683659,1455,655,1.760934879,0.476058096,Neem
292054.5,2727.922128,474,1047,1.699265034,0.493184966,Neem
452140,3350.130274,1266,577,1.615610209,0.506243433,Neem
430246,3544.026803,1276,577,1.711234968,0.430459909,Neem
519971.5,3887.573053,1398,639,1.718021084,0.432346829,Neem
432581,3568.639946,1413,566,1.848805195,0.426846613,Neem
276672,2614.767801,447,991,1.601090822,0.508520912,Neem
266408,2612.767799,458,962,1.653839224,0.490405685,Neem
261799.5,2742.18201,456,1008,1.755725278,0.437508124,Neem
593296,4248.761868,1472,727,1.803726976,0.413006135,Neem
465972.5,3494.137415,1186,715,1.819828423,0.479612165,Neem
512746.5,4005.465402,1472,672,1.92918723,0.401611924,Neem
323999,3014.400268,498,1105,1.698431168,0.448076012,Neem
302892,2932.802288,475,1085,1.701514071,0.442519175,Neem
305561,2953.655098,487,1087,1.732449495,0.440137351,Neem
332900,3511.433877,533,1101,1.762790628,0.339277196,Neem
365993.5,3404.147523,561,1130,1.732079941,0.396886651,Neem
354085.5,3325.652135,555,1111,1.741401441,0.402313278,Neem
359436,3046.733309,547,1132,1.722710023,0.486589301,Neem
324774,3264.105893,534,1078,1.772469471,0.383056326,Neem
327919,3301.762745,526,1104,1.770876344,0.377993837,Neem
291518,4288.751763,494,1065,1.804725609,0.199165183,Neem
336718.5,3171.544489,564,1119,1.87431341,0.420663883,Neem
328776.5,3702.303936,513,1159,1.808423047,0.301416133,Neem
401351,4067.728256,1442,476,1.710203787,0.304810799,Neem
345530,3931.301852,1418,464,1.904181981,0.280945993,Neem
469568.5,4528.405657,1306,984,2.736776423,0.287751881,Neem
335610.5,3517.827009,1247,1040,3.864241435,0.340797536,Oleander
346613,3678.717272,1467,807,3.415535482,0.321856207,Oleander
261717,3237.417856,1106,1018,4.302005601,0.313793745,Oleander
340962.5,3573.93048,1418,809,3.364481431,0.335447284,Oleander
355501.5,3603.778236,1375,895,3.461659093,0.343981579,Oleander
314343.5,3501.48386,1184,1082,4.075439766,0.322188541,Oleander
375389.5,3684.935528,1456,788,3.056366787,0.347401906,Oleander
391886,3625.73243,1500,694,2.656384765,0.374608917,Oleander
330230.5,3518.186184,1471,605,2.694950951,0.335265919,Oleander
431040,3776.80054,1497,836,2.903424276,0.379733873,Oleander
347136.5,3550.588208,1483,611,2.610249858,0.346026637,Oleander
391799.5,3811.057457,1446,957,3.531964691,0.33898677,Oleander
345160,3399.967932,1412,633,2.58951211,0.375215424,Oleander
296198.5,3321.469577,1233,896,3.729823075,0.337389965,Oleander
296028.5,3396.63106,1165,1041,4.0967846,0.322438309,Oleander
290599,3285.665204,1481,285,1.452465425,0.338265232,Oleander
341159,3445.216833,1200,1033,3.633496405,0.361188219,Oleander
301433.5,3347.623574,1516,294,1.478614686,0.338008907,Oleander
342587.5,3363.848969,1515,331,1.463757434,0.380459471,Oleander
294194,3270.991438,1089,1041,3.853406256,0.345529284,Oleander
328519.5,3367.790095,1510,332,1.525997696,0.363982905,Oleander
420267,3648.658401,1397,873,2.901919494,0.396705977,Oleander
290402.5,3354.04998,1508,295,1.531873865,0.324392762,Oleander
462989.5,3607.215623,1520,579,1.900863842,0.447133078,Oleander
374102,3727.379182,1513,767,3.102017632,0.338370695,Oleander
356556.5,3653.073493,1535,608,2.617481381,0.335754161,Oleander
266675.5,3190.405668,1028,1059,4.082309773,0.329231337,Oleander
247298,3130.967063,1001,1046,4.233944472,0.317010371,Oleander
388209,3646.790432,1384,931,3.319098733,0.366820713,Oleander
398904.5,3757.920366,1413,952,3.372175546,0.354963464,Oleander
366478.5,3631.857324,1492,727,2.95974798,0.349140964,Oleander
442019,3623.874572,1457,706,2.327144308,0.422965054,Oleander
339240,3713.109195,1465,878,3.79162245,0.309201418,Oleander
454619,3847.511212,1488,903,2.955582587,0.385920331,Oleander
384315.5,3315.926301,1333,657,2.278807386,0.439225985,Oleander
381227.5,3647.538564,1475,767,2.967584972,0.360076104,Oleander
423758,3679.330406,1490,734,2.58085983,0.39336,Oleander
366715.5,3525.690804,1439,688,2.699727718,0.370723985,Oleander
364626,3577.93344,1481,677,2.749768256,0.357925782,Oleander
365833,3654.613811,1319,1033,3.724450774,0.344199124,Oleander
316024,3319.537352,1458,433,1.997677392,0.360391725,Oleander
332578.5,3300.121384,1149,995,3.43754933,0.383746304,Oleander
366481.5,3574.033948,1465,683,2.730274243,0.360532628,Oleander
391417.5,3716.107102,1452,828,3.071543812,0.356183386,Oleander
418366.5,3624.151692,1487,684,2.431141117,0.400270913,Oleander
373018,3448.840952,1484,526,2.092617514,0.394088099,Oleander
320766,3503.517139,1492,582,2.707094892,0.328389831,Oleander
396470.5,3764.488914,1380,997,3.470270802,0.351567481,Oleander
335598,3516.104141,1194,1054,3.749950834,0.341118889,Oleander
324308,3553.472542,1458,705,3.169487031,0.322746542,Oleander
294864,3456.069647,1288,968,4.228335775,0.310217751,Oleander
392021,3614.713098,1507,642,2.467964726,0.3770262,Oleander
356855.5,3429.201343,1478,498,2.062582754,0.381343447,Oleander
323844,3628.987265,1467,740,3.352169563,0.309011634,Oleander
345853,3500.276581,1447,672,2.811552885,0.354728993,Oleander
352838,3394.282514,1489,412,1.738667604,0.384848007,Oleander
346952,3562.6584,1392,822,3.297931702,0.343503284,Oleander
308914.5,3488.298006,1330,876,3.771529015,0.319022268,Oleander
416654,3624.231996,1368,879,2.886020535,0.398614818,Oleander
430077,3719.192454,1408,931,3.047937927,0.390713824,Oleander
342258.5,3526.499019,1382,829,3.347405543,0.345841075,Oleander
413274.5,3803.895988,1490,880,3.172709664,0.358914667,Oleander
527349.5,4255.975071,844,1060,1.696484021,0.365856059,Parijata
551915.5,4159.087771,873,1067,1.687742055,0.400946368,Parijata
304163.5,3162.941465,512,1033,1.738854268,0.38206271,Parijata
544399.5,3854.720239,994,959,1.751004547,0.460406932,Parijata
589342,3903.697943,998,1068,1.808566164,0.485987216,Parijata
368971.5,3633.867428,600,1046,1.700944382,0.351127244,Parijata
533581.5,3774.945636,1071,968,1.942960916,0.470532065,Parijata
479702,3939.781198,899,1054,1.975280487,0.388362409,Parijata
731814,5020.079757,1432,1018,1.992003433,0.364913007,Parijata
417968,3565.825793,697,935,1.559198312,0.413078559,Parijata
346996,3389.316132,594,1036,1.773461366,0.37958599,Parijata
565848,4232.751759,990,1043,1.824818679,0.396884421,Parijata
572876,4647.864461,1062,1062,1.968740181,0.333244954,Parijata
487238.5,3934.803496,932,1018,1.947251705,0.395462552,Parijata
615890.5,3994.734517,1166,1029,1.948096293,0.484995294,Parijata
545908.5,4395.018789,985,999,1.802527347,0.35514708,Parijata
508643.5,3920.43597,960,1079,2.036475449,0.415867166,Parijata
531753,4082.099963,963,1061,1.921461656,0.401007543,Parijata
342721,3418.972989,555,1062,1.719795402,0.36843361,Parijata
490985,3966.075576,937,1025,1.956118822,0.392243826,Parijata
422835,3378.629841,725,959,1.644317523,0.465478435,Parijata
579613,4008.443115,962,1058,1.75599236,0.453311286,Parijata
592897,4309.247147,1137,1032,1.979068877,0.401223453,Parijata
410799,3726.075576,695,1041,1.761189779,0.371822719,Parijata
482895.5,4047.229905,908,1109,2.08527932,0.370465075,Parijata
604507.5,4203.053281,1018,1108,1.865889174,0.430013179,Parijata
512407.5,3851.264398,873,999,1.702018413,0.434128874,Parijata
480401.5,4055.229905,901,1076,2.018053649,0.367099047,Parijata
605012,4646.835024,998,1124,1.854098762,0.352094584,Parijata
531116.5,4581.857325,988,1069,1.988588191,0.317919037,Parijata
568843.5,4429.126429,934,1080,1.773282107,0.36439005,Parijata
580848.5,3972.744621,959,1063,1.755048003,0.462478385,Parijata
596978.5,4247.798447,1042,1094,1.909529405,0.41575813,Parijata
576543,4249.697946,1029,1067,1.90435579,0.401167223,Parijata
571180.5,4397.445194,1008,1087,1.918300782,0.371178118,Parijata
625154.5,4444.7589,1203,1047,2.014767549,0.397649837,Parijata
591688,4235.413672,1026,1092,1.893552007,0.414487041,Parijata
678608.5,4500.700025,1124,1078,1.785524349,0.420987328,Parijata
578457,4103.639066,972,1079,1.813078587,0.431660822,Parijata
514557.5,3838.082722,923,1025,1.838618619,0.438950062,Parijata
481421,3434.761872,917,1010,1.923825508,0.512792457,Peepal
613873.5,3849.964973,1138,1030,1.909416191,0.520445423,Peepal
546678,3427.163895,965,1000,1.765207307,0.584886656,Peepal
518731,3734.855233,1021,1063,2.092265548,0.467309405,Peepal
539949.5,3412.009561,966,996,1.781899974,0.582830846,Peepal
437128,3095.090737,904,932,1.927417141,0.573418524,Peepal
593971.5,3681.205524,998,1068,1.794469937,0.550801788,Peepal
548525,3544.428827,1033,1027,1.934079577,0.548673228,Peepal
581284,3602.654228,959,1074,1.771880871,0.562798679,Peepal
568533.5,3847.749677,1143,1041,2.092863481,0.482561093,Peepal
563055.5,3810.009562,1166,1020,2.112260692,0.487426277,Peepal
605338.5,3854.744624,1121,1090,2.01852352,0.511937493,Peepal
553974,3436.286698,988,1058,1.886918881,0.589549756,Peepal
550577,3929.992316,1055,1043,1.998566958,0.447965457,Peepal
548530.5,3258.99023,855,1023,1.594560375,0.648999747,Peepal
543158,3829.531421,974,1078,1.93308761,0.465419709,Peepal
554314.5,3523.288782,1048,989,1.869826606,0.561137924,Peepal
638630,3658.242098,1015,1074,1.706950817,0.599672721,Peepal
572450,3393.281646,1005,1001,1.757367456,0.624751932,Peepal
618649,3698.325358,1046,1032,1.744886034,0.568386754,Peepal
633025,3664.408618,1159,1011,1.85103116,0.592410755,Peepal
554612,3916.938492,1060,1042,1.991518395,0.454261178,Peepal
618142.5,3838.058339,1021,1115,1.841670812,0.527321313,Peepal
616229.5,3838.435973,1051,1079,1.840270549,0.52558595,Peepal
529037.5,3239.524278,1007,934,1.777828604,0.633481364,Peepal
537777,3714.796358,1028,1070,2.045383123,0.489713488,Peepal
504866.5,3434.504948,954,1011,1.910394134,0.537846226,Peepal
552905.5,3429.014611,916,1054,1.74616458,0.590911039,Peepal
487798.5,3312.387195,945,946,1.832662462,0.55868644,Peepal
624124,4093.5457,1101,1079,1.903434253,0.468038373,Peepal
499603,3312.629839,936,935,1.751710858,0.572122572,Peepal
591764,3950.300975,1061,1049,1.880798764,0.476538544,Peepal
497581,3383.777025,967,994,1.931741767,0.546097487,Peepal
629029,4026.869518,1115,1054,1.868292241,0.487467221,Peepal
629595.5,4006.342607,1061,1111,1.872267194,0.492918715,Peepal
478379.5,3296.504948,924,965,1.863917664,0.553190815,Peepal
598504,3912.904006,1061,1062,1.882664109,0.49122282,Peepal
555112,3557.967936,971,1067,1.866392728,0.55104418,Peepal
538159,3861.379183,1002,1026,1.910312751,0.45356086,Peepal
578947,3555.16389,1031,1056,1.880545197,0.575611444,Peepal
603004,3803.188276,1030,1068,1.824266506,0.523883121,Peepal
561998,3860.359849,1111,1020,2.01641287,0.473902559,Peepal
612937.5,4009.989355,1002,1131,1.848903028,0.479004526,Peepal
638954.5,3812.568001,1047,1110,1.818861906,0.552388464,Peepal
602648.5,3735.975069,1034,1110,1.904493249,0.542582778,Peepal
573072.5,3665.80855,1001,1094,1.910917031,0.535895207,Peepal
616033,3877.874567,1057,1079,1.851366729,0.514785525,Peepal
585073.5,3707.548669,1027,1082,1.899272485,0.534867944,Peepal
451560,3383.458263,943,969,2.023578262,0.495682608,Peepal
512434.5,3498.862376,947,998,1.844344985,0.52601061,Peepal
653490.5,3680.685747,1068,1077,1.760141884,0.606166126,Peepal
542236.5,3733.950689,1017,1049,1.96746807,0.488721512,Peepal
472710,3325.718152,891,1021,1.924458971,0.537073559,Peepal
495892,3352.453216,987,961,1.912728981,0.554461652,Peepal
510340.5,3597.642027,994,1039,2.023680268,0.495488983,Peepal
589402,3681.93344,1089,1029,1.901216827,0.546348308,Peepal
511808.5,3698.293839,1027,1041,2.0888809,0.470234544,Peepal
474404.5,3328.848095,938,994,1.965352352,0.537985671,Peepal
517359.5,3457.700902,1005,1005,1.952269167,0.543785278,Peepal
635027.5,3889.548668,1081,1113,1.894647082,0.527477546,Peepal
572351.5,3712.058332,1017,1081,1.920807406,0.52196707,Peepal
528715,3586.359849,1003,1037,1.967243222,0.516563562,Peepal
757803.5,3982.994403,1463,779,1.503921531,0.600270608,Pomegranate
682832,3573.354795,1209,898,1.589969421,0.672003371,Pomegranate
687869,3628.820741,1415,748,1.538694141,0.656424182,Pomegranate
793851,3981.119295,1412,844,1.501198588,0.629417013,Pomegranate
737826,3998.089856,1447,773,1.515982088,0.580041034,Pomegranate
609566,3778.893908,1350,897,1.986577335,0.536415354,Pomegranate
751134.5,3775.739574,1424,848,1.607637514,0.662099882,Pomegranate
682215,3772.619738,1448,702,1.489993624,0.602344658,Pomegranate
656578,3671.639066,1374,831,1.739007399,0.612034955,Pomegranate
719803,3623.874567,1403,763,1.487197191,0.688774725,Pomegranate
770316,3770.242101,1318,892,1.526199638,0.680989327,Pomegranate
627458.5,3622.72024,1369,674,1.470545064,0.60079357,Pomegranate
569441.5,3480.592387,1144,1022,2.05318369,0.590680518,Pomegranate
578801,3444.2421,1060,992,1.816721118,0.613128911,Pomegranate
775626,3803.555806,1453,774,1.449953973,0.67372496,Pomegranate
731038,3918.977161,1231,954,1.606447271,0.598142073,Pomegranate
658373.5,3796.592385,1452,793,1.748910003,0.573976698,Pomegranate
800779,4132.717273,1500,821,1.537877492,0.589184277,Pomegranate
644215.5,3568.259343,1338,721,1.497477164,0.635811254,Pomegranate
598780.5,3390.872482,1325,652,1.442765755,0.654417037,Pomegranate
790489.5,4164.332493,1373,823,1.429467438,0.572816045,Pomegranate
680851,3680.394339,1381,732,1.484747764,0.631645252,Pomegranate
821892,3814.52637,1444,822,1.444189748,0.70981206,Pomegranate
732977.5,3932.959915,1250,1003,1.710489067,0.595472167,Pomegranate
675984.5,3719.028896,1384,761,1.558059393,0.614168441,Pomegranate
676510,3552.737486,1406,700,1.454819589,0.673531401,Pomegranate
691322,3832.467495,1432,729,1.51004597,0.591470762,Pomegranate
729048,3829.379188,1419,862,1.677774303,0.624754282,Pomegranate
761062,3802.325363,1409,882,1.632899816,0.661502286,Pomegranate
831165.5,3725.631925,1303,900,1.410910342,0.752484363,Pomegranate
684911.5,3610.578107,1421,738,1.531143805,0.660223279,Pomegranate
668583.5,3591.028895,1356,741,1.502872865,0.651519951,Pomegranate
702457,3694.242099,1438,791,1.61925641,0.646813242,Pomegranate
780242.5,3903.798453,1451,846,1.573287792,0.643375756,Pomegranate
692077,3748.560854,1438,709,1.473162668,0.618920901,Pomegranate
650915,3686.467495,1376,840,1.775715723,0.601884731,Pomegranate
763534,3893.580189,1424,842,1.570340024,0.632907144,Pomegranate
635112.5,3538.64708,1391,643,1.408274912,0.637361787,Pomegranate
743714.5,3642.661367,1436,764,1.475168227,0.704333773,Pomegranate
713225.5,3626.720235,1440,722,1.457715687,0.681410177,Pomegranate
735978,3779.614684,1348,784,1.435955966,0.647410355,Pomegranate
692140,3675.281642,1457,703,1.479861011,0.643906134,Pomegranate
701324,3669.16389,1405,738,1.478474999,0.654627648,Pomegranate
753839,3791.69794,1462,779,1.510797398,0.658902266,Pomegranate
682292,3509.3649,1388,725,1.474881722,0.696182476,Pomegranate
672189.5,3521.690803,1356,754,1.521035363,0.681081591,Pomegranate
745708.5,3627.430912,1361,831,1.516666365,0.712165053,Pomegranate
717697,3664.35985,1437,740,1.481655908,0.671668162,Pomegranate
628138,3617.222773,1428,658,1.495887846,0.603273737,Pomegranate
679393,3659.129399,1375,807,1.633259395,0.63763977,Pomegranate
655955.5,3542.886761,1366,770,1.60349292,0.656704056,Pomegranate
701505.5,3750.862373,1390,708,1.402868545,0.626583113,Pomegranate
769502,3670.668502,1355,876,1.542530104,0.717677427,Pomegranate
855613.5,3795.05328,1386,887,1.436842687,0.746537688,Pomegranate
807171,3834.942671,1232,1012,1.544634284,0.689695928,Pomegranate
786251,3838.349748,1449,824,1.518568498,0.670628468,Pomegranate
819663.5,3922.048232,1454,907,1.608926102,0.669606406,Pomegranate
682316,3862.384233,1436,799,1.681572761,0.574757263,Pomegranate
636260,3403.933444,1344,703,1.484977839,0.690052868,Pomegranate
806571,3847.673556,1467,808,1.469599081,0.684630164,Pomegranate
831164.5,3910.744623,1486,815,1.457100249,0.682932744,Pomegranate
597872,3565.801412,1344,654,1.470174218,0.5908861,Pomegranate
655786,3630.134457,1414,694,1.49639669,0.625354937,Pomegranate
764554,4190.339632,1354,929,1.64522846,0.547166601,Pomegranate
757722.5,3757.656312,1392,814,1.495386504,0.674350892,Pomegranate
507671,3321.992316,1269,639,1.597276583,0.578089355,Pomegranate
595734.5,3423.264402,1294,723,1.57043448,0.638824741,Pomegranate
731435.5,3669.514181,1443,752,1.483570322,0.682603889,Pomegranate
519751.5,3629.808549,1374,603,1.594073322,0.495721982,Pomegranate
696088,3711.173994,1312,734,1.383457264,0.63511355,Pomegranate
761700,3768.904008,1460,756,1.449074439,0.673850674,Pomegranate
805995,3973.153785,1469,819,1.492702808,0.641610498,Pomegranate
645028.5,3701.715187,1396,747,1.616691355,0.59153816,Pomegranate
660449.5,3830.308112,1520,689,1.585707916,0.565694634,Pomegranate
490862.5,3344.612595,1250,647,1.647610074,0.551414367,Pomegranate
551572.5,3266.848096,1265,633,1.451749317,0.649463259,Pomegranate
737336,3707.163898,1462,745,1.477196285,0.674204626,Pomegranate
784227.5,4127.185318,1371,830,1.451020272,0.578554121,Pomegranate
916196,4253.251327,1499,936,1.531401578,0.636438089,Pomegranate
233158,3219.202558,1196,848,4.349874334,0.282724586,Rasna
471036.5,3437.798449,1222,900,2.334850909,0.5008453,Rasna
418791.5,4072.576356,1447,1172,4.049470918,0.3172994,Rasna
430684,2991.978042,983,799,1.823650287,0.604577246,Rasna
239432,4012.323599,1497,1157,7.233907748,0.186896063,Rasna
263357,3751.539779,1394,1058,5.600200488,0.23514493,Rasna
299670.5,4109.22815,1553,1142,5.918253548,0.223014627,Rasna
331681.5,4264.448498,1599,1191,5.741679895,0.229195119,Rasna
251554.5,3674.953995,1368,1061,5.769914671,0.234065896,Rasna
192148,2810.374137,913,945,4.490210671,0.305715496,Rasna
283368.5,3965.002762,1481,1125,5.879711401,0.226503255,Rasna
227114,4199.744952,1597,1192,8.381799449,0.161810961,Rasna
330718.5,3988.233204,1473,1139,5.073036434,0.26128066,Rasna
278890,3859.446414,1423,1117,5.699347413,0.235284206,Rasna
230327,4077.696186,1516,1156,7.608730197,0.174070423,Rasna
403539.5,4014.895119,1471,1113,4.057156734,0.314591878,Rasna
224634.5,3344.939704,1208,1000,5.377624541,0.252295633,Rasna
320837,4098.416977,1533,1145,5.470955657,0.240028067,Rasna
325540,3356.33964,1185,948,3.450820176,0.363146965,Rasna
246091,3964.867754,1475,1162,6.96470005,0.196719849,Rasna
302086.5,3909.429168,1439,1149,5.473303176,0.248378777,Rasna
228837,3252.790432,1204,924,4.86152152,0.271784035,Rasna
304500,3813.824042,1379,1117,5.058597701,0.263072745,Rasna
260646.5,3840.208818,1405,1100,5.929486872,0.222101801,Rasna
259383,3996.21595,1482,1143,6.53059761,0.204104921,Rasna
329545,4205.495172,1572,1162,5.542988059,0.234147925,Rasna
368475.5,3789.532635,1390,1068,4.028816027,0.322438712,Rasna
472508,3293.423774,1160,817,2.005722654,0.547423954,Rasna
247125.5,3218.783291,1176,902,4.292361573,0.299739479,Rasna
468989.5,4058.326576,1473,1134,3.561661828,0.357831855,Rasna
462565.5,3091.534389,1023,786,1.738300846,0.608183927,Rasna
203075,3857.210912,1421,1147,8.026034716,0.17152189,Rasna
394945.5,3095.323271,1051,828,2.203412876,0.51800626,Rasna
206861,2988.967062,1051,927,4.709814803,0.290968668,Rasna
291983.5,4186.046461,1573,1193,6.427037829,0.209392,Rasna
355184,4398.999799,1593,1183,5.305754201,0.230651017,Rasna
321312,4028.735727,1530,1084,5.161711981,0.248770712,Rasna
465098.5,3471.538561,1275,880,2.412392214,0.484965468,Rasna
277723.5,4137.630163,1580,1119,6.366115939,0.203853961,Rasna
490095.5,3295.95069,1075,908,1.991652647,0.566929646,Rasna
303616,3899.706293,1426,1128,5.297902614,0.250882703,Rasna
328768,3826.770227,1403,1092,4.660052073,0.282120491,Rasna
343306,4013.304279,1494,1133,4.930592533,0.267847182,Rasna
233934.5,4037.713425,1532,1129,7.393642237,0.180315539,Rasna
291848.5,3904.718486,1436,1135,5.584609823,0.240540313,Rasna
330274,3424.353926,1119,1121,3.798055554,0.353937811,Rasna
403085,4116.593606,1502,1148,4.27774787,0.298903163,Rasna
480563.5,3287.656319,1077,967,2.167162092,0.558711773,Rasna
258352.5,3293.057463,1172,984,4.463854617,0.299380779,Rasna
382780.5,3506.204648,1196,1048,3.274482373,0.391277745,Rasna
231103.5,2959.763962,1051,865,3.933800224,0.331514273,Rose_apple
291152,3452.956963,1253,997,4.290683217,0.306864967,Rose_apple
254225.5,3218.1416,1284,713,3.601102171,0.308474078,Rose_apple
427273,4158.510331,1482,1193,4.13793055,0.310484371,Rose_apple
345046.5,3695.11633,1365,998,3.948076564,0.317563997,Rose_apple
498436.5,4146.87073,1476,1167,3.455790256,0.36423251,Rose_apple
490727,4305.657521,1564,1168,3.722542269,0.332637228,Rose_apple
357953,3839.074703,1451,972,3.940103868,0.305198746,Rose_apple
481415.5,4179.581404,1501,1181,3.682226684,0.346309461,Rose_apple
364141,3664.104141,1365,972,3.64358861,0.340834719,Rose_apple
655173,4425.314391,1591,1195,2.901897667,0.420414412,Rose_apple
339572,3332.280768,1124,1025,3.392800349,0.38428954,Rose_apple
255986,3280.540653,1191,922,4.28969553,0.298906411,Rose_apple
257259,3350.800534,1263,874,4.290858629,0.287927595,Rose_apple
349200,3184.786256,1094,897,2.810189003,0.43263686,Rose_apple
344109,3869.5356,1498,927,4.035482943,0.288794024,Rose_apple
713675.5,4381.116339,1564,1137,2.491703863,0.467241146,Rose_apple
374493,3344.914111,1339,672,2.4027365,0.420613906,Rose_apple
371015,3938.839206,1497,1010,4.075226069,0.300514082,Rose_apple
532068.5,4282.527586,1563,1162,3.413481535,0.364566764,Rose_apple
490959,4358.343811,1575,1178,3.779032465,0.32479708,Rose_apple
406769.5,3889.223978,1370,1112,3.745216886,0.337934348,Rose_apple
636769.5,4430.586462,1597,1191,2.986994509,0.407633328,Rose_apple
456555.5,4214.292081,1533,1169,3.925211721,0.323038421,Rose_apple
574205,4276.898075,1468,1183,3.024432041,0.39447459,Rose_apple
638623,4448.946846,1595,1191,2.97459534,0.405452503,Rose_apple
363492,3693.330415,1483,757,3.088461369,0.33486395,Rose_apple
410380,4202.53472,1540,1173,4.401822701,0.291993666,Rose_apple
498814,4292.108317,1557,1191,3.717592129,0.340257065,Rose_apple
389985,4046.471671,1571,975,3.927651064,0.29929865,Rose_apple
548374,4354.1428,1547,1191,3.359891242,0.363480723,Rose_apple
649287.5,4391.238258,1575,1193,2.893902932,0.423129109,Rose_apple
494472,4419.196621,1592,1175,3.783025126,0.318174169,Rose_apple
499997.5,4394.267686,1596,1193,3.80807504,0.325390357,Rose_apple
497589,4341.020008,1597,1187,3.809648123,0.331815799,Rose_apple
234683,3002.41872,1118,761,3.625307329,0.327151546,Rose_apple
483737,4297.907317,1583,1169,3.825481615,0.329082721,Rose_apple
510260,4310.451462,1564,1176,3.60456238,0.34510867,Rose_apple
319182.5,3639.538561,1469,758,3.488606048,0.302800289,Rose_apple
256624.5,3215.430915,1255,718,3.511317119,0.311910227,Rose_apple
420259,4286.583491,1596,1193,4.530606126,0.287411613,Rose_apple
267835,3686.065471,1521,753,4.276188698,0.247714314,Rose_apple
670151.5,4429.709254,1573,1184,2.779120841,0.429173022,Rose_apple
304288,3678.790435,1422,921,4.30402119,0.282543026,Rose_apple
274653,3205.580195,1200,822,3.591440836,0.335877505,Rose_apple
401357,4360.392589,1594,1192,4.734059702,0.265270845,Rose_apple
420229,4339.990559,1585,1195,4.507244859,0.280361461,Rose_apple
566658.5,4387.498145,1587,1190,3.332748031,0.369911114,Rose_apple
673404.5,4469.189485,1595,1190,2.818588233,0.423670614,Rose_apple
528875,4331.539769,1574,1176,3.499927204,0.354224251,Rose_apple
586826.5,4401.154999,1598,1190,3.240514871,0.38070296,Rose_apple
485307.5,4298.57636,1576,1191,3.867683891,0.330048357,Rose_apple
226537.5,3263.597435,1325,724,4.234618992,0.267274054,Rose_apple
453027,4343.529679,1598,1196,4.218750759,0.301750754,Rose_apple
560476.5,4293.498144,1582,1135,3.203649038,0.382071561,Rose_apple
677359,4432.010773,1559,1170,2.692855635,0.433338379,Rose_apple
833425.5,3761.999455,1069,1117,1.43272914,0.740012732,Roxburgh_fig
775654,3558.051196,919,1121,1.32816823,0.769934029,Roxburgh_fig
826712,4351.310199,1053,1107,1.410008564,0.548686173,Roxburgh_fig
663437,3321.316132,777,1129,1.322255165,0.755769085,Roxburgh_fig
739555,3514.085686,920,1075,1.337290668,0.752585156,Roxburgh_fig
801329,3521.496936,1113,1062,1.475057061,0.812018819,Roxburgh_fig
817233.5,3610.460354,996,1115,1.358901709,0.787827006,Roxburgh_fig
761290,3495.021754,923,1074,1.302134535,0.783177537,Roxburgh_fig
844582,3913.23705,1051,1113,1.385020045,0.693073625,Roxburgh_fig
810528,3653.555805,1120,1084,1.497887797,0.763038403,Roxburgh_fig
773211.5,3564.636981,965,1111,1.386574049,0.764676163,Roxburgh_fig
842498,3641.555812,1082,1110,1.425546411,0.798371089,Roxburgh_fig
841577.5,3703.62183,1134,1100,1.482216433,0.770993487,Roxburgh_fig
726304.5,3439.759784,869,1105,1.322096999,0.771387096,Roxburgh_fig
808983.5,3693.420812,1103,1094,1.491602734,0.74523277,Roxburgh_fig
783029,3741.364903,947,1106,1.337603077,0.702955082,Roxburgh_fig
1297098.5,4674.366992,1451,1158,1.295397381,0.745997218,Roxburgh_fig
743914,3622.168947,901,1092,1.322588364,0.712516933,Roxburgh_fig
612018.5,3187.083593,736,1103,1.326443563,0.757159725,Roxburgh_fig
819205,4469.819868,1120,1087,1.486123742,0.515255238,Roxburgh_fig
819789,3577.791311,980,1124,1.343662821,0.804788831,Roxburgh_fig
724220,3504.688716,859,1126,1.335552733,0.740937333,Roxburgh_fig
791902,3530.678615,964,1105,1.345141192,0.798297795,Roxburgh_fig
729677,3486.654227,848,1134,1.31788723,0.754262924,Roxburgh_fig
585068,3053.208486,752,1039,1.335448187,0.788684467,Roxburgh_fig
672280,3350.796364,818,1095,1.332346641,0.752426329,Roxburgh_fig
869474,4119.320306,1081,1159,1.440962007,0.643895424,Roxburgh_fig
662910,3322.036914,777,1106,1.296347921,0.754841079,Roxburgh_fig
741370.5,4046.700035,948,1080,1.3810099,0.568909438,Roxburgh_fig
766560,3533.90906,913,1115,1.328004331,0.771338979,Roxburgh_fig
675936,3234.026814,881,1026,1.337265658,0.812134965,Roxburgh_fig
739302.5,3375.215624,884,1111,1.328446745,0.815509441,Roxburgh_fig
559884,3021.409498,712,1075,1.367068893,0.770706001,Roxburgh_fig
738887.5,3374.872476,862,1128,1.315945932,0.815217416,Roxburgh_fig
643520.5,3260.955739,841,1072,1.400968578,0.760470623,Roxburgh_fig
689307.5,3299.642034,872,1077,1.362445643,0.795589812,Roxburgh_fig
579672,3110.26231,707,1092,1.331863537,0.753005506,Roxburgh_fig
719937,3527.330415,896,1114,1.386432424,0.727130014,Roxburgh_fig
633185,3169.115118,760,1108,1.329911479,0.79225402,Roxburgh_fig
720126,3470.747591,840,1116,1.30177219,0.751228911,Roxburgh_fig
723817.5,3475.132367,843,1119,1.303252546,0.753175597,Roxburgh_fig
723421.5,3414.196292,860,1072,1.274388444,0.779873751,Roxburgh_fig
739850.5,3607.548668,1050,1085,1.539838116,0.714380248,Roxburgh_fig
872109,4298.280762,1142,1116,1.461367788,0.593186246,Roxburgh_fig
637653.5,3226.990232,778,1091,1.331127329,0.769483497,Roxburgh_fig
674508,3360.345571,799,1090,1.291178162,0.750635476,Roxburgh_fig
796066.5,4045.964968,1138,1089,1.556756879,0.611103789,Roxburgh_fig
687868,3286.237921,825,1065,1.277316287,0.800418218,Roxburgh_fig
735828.5,3609.901913,860,1093,1.277444405,0.709570686,Roxburgh_fig
667911,3370.179048,812,1097,1.33365673,0.73896269,Roxburgh_fig
807847,3871.86446,1319,966,1.577221924,0.677171527,Sandalwood
723965.5,3560.200466,1182,939,1.533081342,0.717759302,Sandalwood
807636.5,3936.959917,1447,893,1.59994131,0.65479268,Sandalwood
865092.5,4096.239138,1396,970,1.565289261,0.647890789,Sandalwood
858094.5,3921.621817,1321,1008,1.551773144,0.701154236,Sandalwood
769488.5,3979.361935,1439,863,1.613873372,0.610639811,Sandalwood
840994.5,3987.739573,1179,1026,1.438361369,0.66458333,Sandalwood
870462,4127.854361,1393,1041,1.665911895,0.641964405,Sandalwood
785365,3996.457395,1320,938,1.576540844,0.617918264,Sandalwood
854151,4196.221894,1448,910,1.542678051,0.609575673,Sandalwood
724206.5,3710.377093,1213,898,1.504093101,0.661052851,Sandalwood
661578,3472.585246,1224,875,1.618856733,0.68942192,Sandalwood
843746.5,3943.244182,1256,991,1.475201379,0.68189029,Sandalwood
880465.5,3759.372036,1164,1023,1.352434593,0.782873503,Sandalwood
858109,4237.888844,1308,968,1.47550486,0.600417301,Sandalwood
773489.5,4001.646206,1266,1032,1.689114073,0.606997508,Sandalwood
732079,3593.011651,1192,929,1.512634565,0.712607784,Sandalwood
824272,3880.408626,1228,973,1.449574898,0.687900284,Sandalwood
863322.5,4010.415754,1337,979,1.516146052,0.67453444,Sandalwood
692663.5,3496.411587,1033,1014,1.512223468,0.712011594,Sandalwood
786256,3714.408621,1229,961,1.502143068,0.716134307,Sandalwood
827858.5,3783.857322,1208,1033,1.50733972,0.726601804,Sandalwood
778021,3934.124351,1339,923,1.588513678,0.631691477,Sandalwood
901469,4028.893896,1282,1043,1.483274522,0.697893254,Sandalwood
896180.5,3949.73957,1287,985,1.414553207,0.721885689,Sandalwood
996869.5,4237.043175,1361,1106,1.509993033,0.697786228,Sandalwood
858007.5,4005.989358,1274,1014,1.505623203,0.671863991,Sandalwood
755184,3673.555807,1362,864,1.558253353,0.703216999,Sandalwood
749183,3784.207605,1160,1023,1.583965466,0.657427505,Sandalwood
697499.5,3900.984301,1356,866,1.683579701,0.575977289,Sandalwood
821717.5,3868.651263,1280,973,1.515654711,0.689943036,Sandalwood
773337,3751.036033,1273,889,1.463394355,0.690678888,Sandalwood
912396,4019.663451,1288,1015,1.432842757,0.709600398,Sandalwood
807134.5,3958.190358,1384,951,1.630687327,0.647384686,Sandalwood
902944,4026.550753,1359,979,1.473470116,0.699848966,Sandalwood
726007.5,3750.803498,1248,919,1.579752275,0.648488601,Sandalwood
748874.5,3984.356879,1346,908,1.632006431,0.59279215,Sandalwood
721951.5,3793.278674,1395,868,1.677204078,0.630504787,Sandalwood
873125.5,4129.930476,1232,1050,1.481573955,0.64328149,Sandalwood
754812,3823.143679,1235,974,1.593628612,0.648944298,Sandalwood
811509.5,3847.940583,1321,878,1.429235271,0.688726443,Sandalwood
767038,3964.918283,1371,926,1.655127908,0.613138041,Sandalwood
831682.5,3889.58733,1299,967,1.510351607,0.690812796,Sandalwood
788920.5,3843.65631,1412,846,1.514160172,0.671048656,Sandalwood
806089.5,4038.70003,1393,1012,1.748833101,0.621026215,Sandalwood
813930,3797.756819,1224,959,1.442158417,0.709157362,Sandalwood
821529,3971.212659,1262,961,1.476249773,0.654615786,Sandalwood
824537.5,3739.538567,1219,1001,1.479882965,0.740942051,Sandalwood
921159,3969.722331,1199,1059,1.378416755,0.734554803,Sandalwood
790343,3844.04109,1338,917,1.552422176,0.672124045,Sandalwood
915686.5,4361.067564,1305,997,1.420884768,0.605021831,Sandalwood
774360,3874.516266,1357,939,1.645517589,0.648213092,Sandalwood
723158,3842.207606,1323,901,1.64835762,0.61557561,Sandalwood
951831,4307.511209,1449,1004,1.528418385,0.644639446,Sandalwood
658361,3480.550757,1211,951,1.749284967,0.682932872,Sandalwood
713169.5,3868.876655,1283,922,1.658688432,0.598732534,Sandalwood
729999.5,3831.004512,1496,722,1.479606493,0.625038976,Tulsi
897599.5,3903.788348,1446,891,1.435368447,0.740150333,Tulsi
591211.5,3226.872479,749,1103,1.397379787,0.713492038,Tulsi
1036639,4318.07558,1454,966,1.354921048,0.6986456,Tulsi
977101.5,4133.077671,1450,996,1.478045014,0.718790635,Tulsi
832132.5,3792.519228,1426,800,1.370935518,0.727020682,Tulsi
788085,3767.271538,1345,877,1.496748447,0.697796966,Tulsi
777830.5,3903.004511,1354,868,1.510961578,0.641647825,Tulsi
972686,4032.644118,1429,910,1.336906258,0.751627627,Tulsi
1122315,4316.030985,1529,1008,1.373261517,0.75710397,Tulsi
913082.5,3945.989357,1482,879,1.426681598,0.736899164,Tulsi
894492.5,3971.940589,1439,864,1.389945695,0.712493784,Tulsi
932598,4145.972107,1462,947,1.484577492,0.681791515,Tulsi
1076242.5,4421.930476,1507,942,1.319028007,0.691665608,Tulsi
531238.5,3204.529333,717,1091,1.472496816,0.650086135,Tulsi
908777,3907.271535,1361,922,1.380802991,0.748031702,Tulsi
496788,3172.34557,658,1047,1.38676055,0.620325996,Tulsi
533509.5,3091.652134,716,1023,1.372924006,0.7014081,Tulsi
508951,3063.031863,670,1079,1.420431436,0.681683539,Tulsi
401944,2720.057122,556,940,1.300280636,0.682683435,Tulsi
883821.5,3917.573049,1442,837,1.365608327,0.723669417,Tulsi
756172.5,3739.774065,1346,795,1.415113615,0.679422636,Tulsi
874806.5,4011.053283,1446,854,1.411608167,0.683289903,Tulsi
736385.5,3610.141588,1354,791,1.454420273,0.710013526,Tulsi
337350,2430.331293,559,896,1.484701349,0.717727556,Tulsi
435710,2800.380063,667,1026,1.570636432,0.6981897,Tulsi
426291.5,2775.652138,654,1022,1.567913036,0.69532279,Tulsi
413769.5,2853.367868,649,1031,1.617129827,0.638635132,Tulsi
647574.5,3260.647086,1027,861,1.365475324,0.765406263,Tulsi
1021733,4105.73243,1474,937,1.351760196,0.761668506,Tulsi
554682.5,3135.804376,699,1071,1.34965318,0.708853364,Tulsi
544226,3103.184099,721,1077,1.426828193,0.710189206,Tulsi
566902,3093.433879,719,1108,1.405272869,0.744451104,Tulsi
663210,3335.565913,1027,949,1.469554138,0.749069089,Tulsi
560664,3042.546576,708,1078,1.361285904,0.761093591,Tulsi
536855.5,2959.843043,714,1067,1.419074593,0.770069473,Tulsi
450671,3193.978034,887,791,1.556827486,0.55514397,Tulsi
578763.5,3561.534383,1007,860,1.496327947,0.57337231,Tulsi
615302.5,3657.926298,1012,891,1.465445045,0.577867995,Tulsi
640255.5,3619.416639,994,975,1.513692581,0.61416636,Tulsi
604282.5,3415.642032,917,940,1.426452032,0.650886378,Tulsi
490935,3078.865339,843,849,1.457844725,0.650807382,Tulsi
678677,3830.276586,1070,974,1.535605303,0.581316599,Tulsi
572033.5,3280.137417,959,913,1.530621895,0.66810889,Tulsi
606818.5,3414.210569,1061,881,1.540396346,0.654166156,Tulsi
525539,3498.262306,1036,851,1.677584347,0.53964738,Tulsi
641462,3491.433876,1042,975,1.583803873,0.661261374,Tulsi
575109.5,3263.652133,956,886,1.472790834,0.678504421,Tulsi
496222,3272.723204,936,839,1.582565868,0.582193466,Tulsi
388648.5,2667.981004,808,741,1.540538559,0.686122077,Tulsi
409166,2745.242972,730,784,1.398747697,0.682256726,Tulsi
439731,3077.301848,928,729,1.538467836,0.583521352,Tulsi
407640.5,3327.10798,1005,595,1.466917541,0.462757427,Amla
430774.5,2647.887636,977,628,1.424309006,0.772077235,Amla
156369.5,1839.658066,598,386,1.476170225,0.580614254,Amla
109475,1256.052944,399,363,1.323014387,0.871984823,Amla
257960,2203.655102,792,543,1.667142193,0.667536451,Amla
182748,1908.978911,729,411,1.639519995,0.630173644,Amla
126415,1357.248905,454,374,1.34316339,0.862361726,Amla
129394,1473.851938,445,387,1.330934974,0.7485422,Amla
228062.5,2132.760658,708,470,1.459073719,0.630056509,Amla
113672,1621.072278,510,332,1.489548877,0.543573915,Amla
335306.5,2573.544491,931,551,1.529886835,0.636192398,Amla
213618,1869.523072,661,464,1.435759159,0.768043911,Amla
143918,1653.037793,583,432,1.749996526,0.661849756,Amla
47836.5,848.2813075,288,212,1.276347559,0.835390374,Amla
120072,1476.562611,402,451,1.509944034,0.692066575,Amla
97612.5,1310.61435,502,265,1.362837751,0.714110572,Amla
191075,1779.003297,653,448,1.531042784,0.758682779,Amla
367872,3616.183222,903,732,1.79680976,0.353513289,Amla
252994.5,2273.010442,791,471,1.472605136,0.615344158,Amla
55214.5,911.5016476,279,284,1.43505782,0.835118475,Amla
176444,1663.155539,576,438,1.42984743,0.801587665,Amla
176994.5,1758.854022,600,445,1.508521451,0.718968797,Amla
236802.5,2120.192113,793,450,1.506951996,0.661981294,Amla
327945,2382.248026,909,547,1.516178018,0.726167698,Amla
240475,2326.660151,422,957,1.679401185,0.558230928,Amla
261154,2253.797238,509,809,1.576774623,0.646065963,Amruthaballi
237366.5,2225.471331,489,801,1.650144397,0.60226175,Amruthaballi
510463,3596.7131,1292,597,1.511028223,0.495863954,Amruthaballi
366353.5,3124.823706,1107,523,1.580334295,0.471475541,Amruthaballi
599601.5,3754.533508,794,1085,1.436770922,0.534515872,Amruthaballi
342558,2503.385107,603,817,1.438153539,0.686892303,Amruthaballi
591003.5,3954.945635,1317,743,1.655711007,0.474808933,Amruthaballi
763154,4084.006599,1521,779,1.552581786,0.574975287,Amruthaballi
430432.5,3423.534384,1129,591,1.550159433,0.461493439,Amruthaballi
4609.5,752.6589411,287,49,3.050873197,0.102250922,Amruthaballi
425902.5,3334.667293,1340,493,1.55110618,0.481299082,Amruthaballi
258814.5,2659.824585,1072,377,1.56151993,0.459719024,Amruthaballi
392197,3291.027683,1220,469,1.458909681,0.455041557,Amruthaballi
588576,3756.792186,1478,578,1.451442125,0.524056449,Amruthaballi
764660,4000.477598,1549,724,1.466633536,0.600419171,Amruthaballi
503254.5,3264.539439,1266,585,1.471641088,0.593408403,Amruthaballi
407404,2635.350622,689,830,1.403692649,0.737154199,Amruthaballi
412253,3506.390162,1327,506,1.62876195,0.421359908,Amruthaballi
351543,3351.943549,1048,707,2.107668194,0.393183176,Amruthaballi
229776,2674.449041,840,580,2.120325883,0.403688032,Amruthaballi
678400.5,4192.214748,1497,718,1.584382677,0.485075098,Amruthaballi
701408.5,4235.871599,1524,718,1.560049529,0.491241801,Amruthaballi
513068.5,3296.387197,1279,613,1.528113692,0.593347038,Amruthaballi
499364,3250.144557,1262,605,1.528964843,0.594048275,Amruthaballi
528273,3140.168941,882,887,1.480927475,0.673228125,Amruthaballi
531396.5,3152.269448,885,889,1.480561125,0.67201952,Amruthaballi
563724,3637.340513,876,956,1.485578049,0.535437111,Amruthaballi
570617,3161.943548,793,963,1.338303976,0.717210017,Amruthaballi
491146.5,3497.028897,961,900,1.760981703,0.504687415,Amruthaballi
506102,3565.212666,975,914,1.760811062,0.500353608,Amruthaballi
1286601.5,4985.414885,1575,1190,1.456744765,0.650505998,Amruthaballi
477073,3001.115121,711,964,1.43668579,0.665624643,Amruthaballi
480100,3002.286701,712,967,1.434084566,0.669325306,Amruthaballi
227301.5,2119.897738,594,558,1.458204191,0.635597738,Amruthaballi
355844,2631.610511,616,862,1.492204449,0.64569331,Amruthaballi
158294,1685.851934,472,471,1.404424678,0.699899141,Amruthaballi
166380,1807.748465,515,472,1.460992908,0.639786366,Amruthaballi
457509,3999.957826,722,893,1.409253151,0.359334305,Arali
444092.5,2942.563827,955,804,1.728964123,0.644512759,Arali
458777,3175.953653,978,908,1.935633216,0.571561792,Arali
395516.5,2770.338427,938,739,1.752599449,0.647602949,Arali
794828,4026.550757,1252,1137,1.79098371,0.616050999,Arali
552594.5,3060.882583,827,993,1.486100567,0.741178959,Arali
675119.5,4180.308119,1387,1021,2.097594574,0.485482891,Arali
446933,3746.335465,1298,844,2.451177246,0.40016487,Arali
466758,3647.149615,1234,835,2.207546523,0.440955207,Arali
489552,3791.850183,1224,890,2.225218159,0.427864597,Arali
709725,3896.49189,1151,1102,1.787173905,0.587424985,Arali
579511.5,4190.058333,1454,947,2.376032227,0.414793349,Arali
667046.5,3666.425865,1129,1049,1.775469926,0.623562741,Arali
656205.5,4291.004512,1358,1056,2.185364189,0.447849185,Arali
582490.5,4115.985176,1378,1002,2.370435226,0.432067009,Arali
766631.5,4608.81778,1425,1154,2.145033174,0.453541935,Arali
620121,3783.683664,1134,1026,1.876220931,0.544322972,Arali
686968.5,4219.112154,1173,1051,1.794584468,0.484958468,Arali
595358.5,3731.583158,1168,969,1.90102602,0.537281855,Arali
244498,2959.253078,1244,326,1.658680235,0.350849578,ashoka
79344.5,1857.172782,729,211,1.938622085,0.289082679,ashoka
59438.5,1583.893565,626,194,2.043187496,0.297732138,ashoka
239796,2762.237924,1075,405,1.815605765,0.394938645,ashoka
149587,2552.518015,1059,256,1.812350004,0.288513464,ashoka
282494,3673.978038,1447,381,1.951570653,0.262994085,ashoka
78496,1984.49363,714,194,1.764624949,0.250471301,ashoka
73895.5,1755.256045,722,222,2.169063069,0.301402535,ashoka
114003,2126.351497,817,218,1.56229222,0.316851691,ashoka
90243,1675.817443,697,208,1.606506876,0.403803404,ashoka
99976.5,1770.569751,727,210,1.527058859,0.400757549,ashoka
159673,2520.022632,1044,309,2.020354099,0.315960263,ashoka
367715,4142.26648,1500,416,1.696966401,0.269305449,ashoka
210100.5,2889.956616,1265,267,1.607587797,0.316121696,ashoka
316717.5,3538.088648,1542,341,1.660224017,0.317939513,ashoka
316281.5,3544.716064,1546,340,1.66193723,0.316315699,ashoka
439066,3596.688714,1526,489,1.699548587,0.426514664,ashoka
86768.5,1587.952439,679,217,1.698116252,0.432411238,ashoka
213815.5,2729.873355,1179,313,1.725913229,0.360548796,ashoka
61945,1434.572719,627,169,1.710598111,0.378243075,ashoka
166558,2401.253082,990,299,1.777218747,0.362994037,ashoka
118149,1789.841831,748,248,1.570085231,0.463458238,ashoka
199990.5,2587.966723,1132,307,1.737702541,0.375233716,ashoka
177713,2449.297674,1070,274,1.649738624,0.372259614,ashoka
95257,1830.822497,796,227,1.896889467,0.357120091,ashoka
166133.5,2214.971774,957,284,1.635961441,0.425530492,ashoka
80870.5,1570.614347,688,190,1.616411423,0.411965523,ashoka
302544,2746.635769,1132,362,1.354460839,0.50396023,ashoka
121336,1743.141259,723,223,1.328781236,0.501804293,ashoka
202858.5,2933.37797,1245,395,2.424226739,0.296255909,ashoka
353724,3727.375004,1584,513,2.297248702,0.31993976,ashoka
283375.5,3381.245943,1499,341,1.803822137,0.311471734,ashoka
129671.5,2325.207273,1044,224,1.803449486,0.301391537,ashoka
85514.5,1268.388952,475,247,1.371989546,0.667951184,Astma_weed
42027,897.1513635,331,169,1.331025293,0.656155557,Astma_weed
213156,2447.02768,755,433,1.533688941,0.447331686,Astma_weed
108236.5,1459.065138,520,298,1.431679701,0.638901993,Astma_weed
99275.5,1660.025593,563,299,1.695655021,0.452712389,Astma_weed
131851.5,1544.153451,564,310,1.326037246,0.694886742,Astma_weed
73612.5,1120.305691,415,231,1.30229241,0.7370354,Astma_weed
129391.5,1538.628629,563,358,1.55770665,0.686828003,Astma_weed
206020.5,2123.020544,833,372,1.504102747,0.574396662,Astma_weed
114098,1591.675309,622,278,1.515504216,0.565951138,Astma_weed
174574.5,1743.859077,665,373,1.420854707,0.721386314,Astma_weed
87123.5,1233.099629,469,262,1.410388701,0.720027102,Astma_weed
70661.5,1206.756481,495,223,1.562166102,0.609752285,Astma_weed
51886.5,1027.418389,422,191,1.553429119,0.617688579,Astma_weed
185009.5,2001.623576,711,471,1.810074618,0.580281972,Astma_weed
121381.5,1605.716938,573,386,1.822172242,0.591594853,Astma_weed
158225,1784.552507,688,350,1.521883394,0.624347399,Astma_weed
101799.5,1521.574805,541,274,1.456136818,0.552546576,Astma_weed
108823.5,1459.75143,582,276,1.476078237,0.641763089,Astma_weed
166189,1822.528121,726,339,1.480928341,0.628729246,Astma_weed
100243,1448.268238,558,350,1.948265714,0.600573143,Astma_weed
68122.5,1153.349411,435,285,1.819883298,0.643544592,Astma_weed
104536,1608.836779,388,610,2.264100406,0.507518374,Astma_weed
66139.5,1269.23166,314,483,2.293062391,0.515927857,Astma_weed
102534.5,1448.261093,524,312,1.594468203,0.614307977,Astma_weed
147031.5,1879.658064,659,322,1.443214549,0.522952866,Astma_weed
92788.5,1400.614348,517,255,1.420811846,0.594383679,Astma_weed
81838.5,1297.099626,495,235,1.42139702,0.611252793,Astma_weed
133189.5,2004.961666,469,558,1.964884619,0.416358759,Astma_weed
75684,1315.650924,468,255,1.576819407,0.549455584,Astma_weed
50455.5,995.8447951,376,198,1.475518031,0.63934469,Astma_weed
91454.5,1297.810303,452,287,1.418453985,0.682326924,Astma_weed
693009,3709.080626,968,923,1.289253098,0.633018192,Badipala
701248.5,3882.519226,977,965,1.344466334,0.584594304,Badipala
629977,4379.11929,1056,896,1.501921499,0.412820263,Badipala
636542.5,4317.621819,1063,902,1.506303193,0.42908968,Badipala
728291.5,3508.779112,1083,969,1.440943633,0.743366606,Badipala
725318.5,3478.779118,1080,968,1.441353006,0.753155947,Badipala
336221.5,5395.22397,812,732,1.767834597,0.145149782,Badipala
339125.5,4929.518348,816,737,1.773361189,0.175372437,Badipala
497575,4392.183219,895,779,1.401205848,0.32412126,Badipala
496639,4481.722325,896,780,1.407219328,0.31071398,Badipala
614478.5,3069.593263,941,897,1.373647735,0.819511194,Badipala
353777.5,2324.584034,709,686,1.374801959,0.822715295,Badipala
284236.5,2127.897743,696,605,1.48144239,0.78883869,Badipala
523499,3088.262316,1111,703,1.491947454,0.689758969,Badipala
285838,2297.454096,829,525,1.522628202,0.680512556,Badipala
343160.5,2362.098752,897,513,1.340949789,0.772878196,Badipala
263584.5,2367.505824,891,478,1.615793038,0.590945759,Badipala
521179.5,3184.314042,1219,657,1.536674025,0.645900179,Badipala
237119.5,2000.250993,752,443,1.404928738,0.744745941,Badipala
72588,1114.371707,422,247,1.435967378,0.73453846,Badipala
224018.5,2000.250992,580,571,1.478360046,0.703598265,Badipala
690944,3409.909058,1261,749,1.366954485,0.746736055,Badipala
882532.5,3905.455301,1121,1083,1.375635458,0.727105163,Badipala
320160,2322.424652,877,507,1.388802474,0.745922435,Badipala
596858,3209.031859,919,894,1.376518368,0.728337759,Badipala
658402.5,3366.421687,1256,710,1.354429851,0.730069665,Badipala
298404.5,2245.162678,847,475,1.348253796,0.743908642,Badipala
182207.5,1885.765712,573,427,1.342815197,0.643873637,Badipala
179403.5,1710.971774,432,585,1.40866817,0.770114119,Badipala
380136,2711.385109,990,626,1.630311257,0.649780167,Badipala
292722,2352.50791,863,554,1.633297122,0.664665356,Badipala
835893,3756.688714,1282,842,1.291366239,0.744303621,Badipala
413904,2647.512966,931,572,1.286607523,0.742050217,Badipala
443623,2806.418725,870,920,1.804234677,0.707813725,Beans
282148,2456.777905,460,943,1.537420077,0.587428543,Beans
432428.5,2930.206397,687,998,1.585524543,0.632889294,Beans
128203.5,1484.628628,428,490,1.635836775,0.730927134,Beans
460087,2895.777026,807,935,1.640005043,0.689476693,Beans
107906,1392.513839,374,431,1.493837229,0.699288551,Beans
211925.5,1916.912897,394,732,1.360893333,0.724750164,Beans
55599,917.6366453,219,322,1.268332164,0.829727238,Beans
420720,3834.242096,763,921,1.670286651,0.359620102,Beans
419622.5,2702.573928,762,848,1.539898361,0.721960547,Beans
190447,2575.713974,371,832,1.620776384,0.360735374,Beans
388498.5,2465.995284,703,836,1.512767746,0.802813611,Beans
439224,2700.674433,738,874,1.46852631,0.756748312,Beans
225343.5,1965.010439,530,686,1.613447914,0.733373437,Beans
60088.5,1012.790971,249,349,1.44621683,0.73614198,Beans
598326.5,3230.813603,940,1018,1.599327458,0.720318049,Beans
114024.5,1403.550423,397,449,1.563286837,0.727364334,Beans
167128.5,1724.638732,392,594,1.393227367,0.706096581,Beans
565266.5,3195.700903,900,1019,1.622420575,0.695554014,Beans
146382,1590.243851,451,511,1.57438073,0.72739463,Beans
580265,3175.399388,906,1000,1.561355588,0.723168543,Beans
107445,1456.881372,323,540,1.623342175,0.63613266,Beans
273187.5,2161.520104,583,766,1.63469412,0.734771207,Beans
473933.5,2884.618524,674,947,1.346767004,0.7157321,Beans
501652.5,3177.538566,996,1005,1.995365318,0.624354411,Beans
175187,2083.734186,376,768,1.648341487,0.507022352,Beans
555590.5,3137.881713,964,1018,1.766322498,0.709073964,Beans
209580.5,1936.701782,569,626,1.699556972,0.70215862,Beans
349896.5,2572.975949,715,845,1.726724903,0.664168094,Beans
494031,2986.840953,856,935,1.62006028,0.695888838,Beans
270790,2179.655099,609,709,1.594523431,0.716253786,Beans
409193,2774.081506,641,984,1.541433993,0.668189467,Beans
269770.5,2258.25099,530,798,1.567777055,0.664752382,Beans
513066.5,2995.735397,772,1038,1.561856017,0.718417034,Beans
199844.5,1905.231658,450,637,1.434365219,0.691841303,Beans
550429,2970.394344,913,933,1.547572893,0.783940231,Beans
112881,1448.479352,359,502,1.59653086,0.676092464,Beans
326693.5,2580.93136,814,797,1.985830756,0.616307494,Beans
51320.5,977.5950154,237,326,1.505480266,0.674811983,Beans
497769.5,2843.47551,845,907,1.539698595,0.773640438,Beans
177851,1728.04284,484,548,1.491315764,0.748440302,Beans
382343,2577.090742,715,884,1.653122981,0.723441779,Beans
123192,1525.30778,373,500,1.513897006,0.665391731,Beans
393737.5,2623.392249,718,908,1.655783358,0.718935918,Beans
127985,1649.557557,325,632,1.604875571,0.591063293,Beans
522122,2943.222766,861,964,1.589674444,0.757417942,Beans
168346,1671.13115,467,520,1.442505316,0.757515627,Beans
400255.5,2702.407406,695,875,1.51934202,0.688724492,Beans
217309.5,1921.339304,494,648,1.473069516,0.739742281,Beans
812864,3913.854353,1260,969,1.502022479,0.666835073,Betel
301996,2315.052068,745,607,1.497420496,0.70809174,Betel
831976.5,3700.783287,1180,1089,1.544538818,0.76336741,Betel
342299,2418.792182,709,723,1.497541623,0.73522181,Betel
283464.5,2190.334251,615,675,1.464469096,0.742485117,Betel
787812.5,3624.994407,1092,1114,1.544133915,0.753386875,Betel
762222.5,3529.004518,1004,1100,1.448920755,0.769107772,Betel
640424.5,3163.288787,999,968,1.509985955,0.804266757,Betel
654035,3217.18828,927,1040,1.474049554,0.794068372,Betel
296154.5,2204.275377,616,695,1.445596808,0.765943088,Betel
619101,3086.904009,955,976,1.505537869,0.81644159,Betel
836506,3773.781198,1116,1138,1.518229397,0.738117482,Betel
311997.5,2274.216504,641,719,1.477188118,0.758049149,Betel
574028,2970.41873,963,912,1.529988084,0.817537329,Betel
626100,3133.41368,1039,923,1.531699409,0.801342354,Betel
499535.5,2820.50495,896,844,1.513854371,0.78908264,Betel
454136,2679.056253,880,805,1.559885145,0.795118995,Betel
722815.5,3377.489793,1005,1045,1.452964138,0.796249606,Betel
488656.5,2880.799325,808,905,1.496429496,0.73992471,Betel
652845,3196.099963,934,1050,1.502194242,0.803117775,Betel
611418.5,3188.837987,887,1038,1.505852374,0.755585351,Betel
600786,3069.957834,939,987,1.542634149,0.801059632,Betel
692104.5,3426.484741,958,1055,1.460314158,0.740770933,Betel
442906,2735.860283,800,818,1.477514416,0.743590098,Betel
646292.5,3270.259346,995,998,1.536471489,0.759406988,Betel
681066.5,3319.136544,1078,974,1.541658561,0.776871421,Betel
414969,2790.365777,710,900,1.539874063,0.669735384,Betel
740636,3438.644123,1092,998,1.471459664,0.787118679,Betel
812718,4007.334584,1171,1087,1.566197623,0.635972788,Betel
388028,2507.752645,793,765,1.563405218,0.775360255,Betel
658661.5,3236.342611,1007,973,1.487578976,0.790247554,Betel
329558.5,2356.289659,681,738,1.525003907,0.745907591,Betel
635530.5,3145.122263,929,1008,1.473465082,0.807367375,Betel
368927.5,2688.383029,497,1082,1.457614301,0.641458557,Betel
727397,3413.580196,1060,1060,1.544686052,0.784442561,Betel
775225.5,3493.136541,1040,1109,1.487773558,0.798374745,Betel
776977,3679.604582,1046,1114,1.499714921,0.72113359,Betel
424121,2650.924215,642,967,1.463766237,0.758411686,Betel
505924.5,3032.549543,767,976,1.479651608,0.691321026,Betel
573779,2984.678612,959,911,1.522622822,0.809392855,Betel
606417,3066.61974,970,947,1.514782732,0.810328993,Betel
664811,3195.957833,998,984,1.477159674,0.817910869,Betel
370633,2462.365777,725,759,1.484689707,0.768154919,Betel
200945.5,1981.079418,411,731,1.495136741,0.643404919,Betel
181052,1684.920045,518,502,1.436250359,0.801409704,Betel
222767.5,2014.628628,522,631,1.478590908,0.689718211,Betel
219836.5,2060.476386,429,768,1.498713817,0.650690373,Betel
380622.5,3256.074367,1378,410,1.484357861,0.451144524,Betel
362021,3234.660154,1341,404,1.496498822,0.434796771,Betel
298368,2611.263183,1009,481,1.626612103,0.549871,Betel
655079,3863.438052,1243,806,1.52936974,0.55151285,Betel
774113.5,4258.155874,1353,852,1.48913047,0.536502061,Betel
595564,4126.217709,789,1013,1.342016979,0.439576053,Betel
546779,3064.311081,862,919,1.448808385,0.731738637,Betel
608291.5,4745.465405,1359,643,1.436543171,0.339440758,Betel
737147,3673.448166,1354,826,1.517206202,0.68646142,Betel
621403.5,3367.382142,1264,740,1.50523774,0.688650315,Betel
740229,3635.389289,1347,822,1.495799273,0.703840273,Betel
854938,4888.187399,1410,896,1.477721191,0.449623281,Betel
704797.5,3550.09283,1308,802,1.488393475,0.702740204,Betel
695943,3533.105017,1302,800,1.496674297,0.700600499,Betel
734468.5,3620.058334,1312,844,1.50765894,0.704290614,Betel
737903.5,3726.543616,1356,818,1.503188425,0.667724047,Betel
781034.5,3712.685751,1370,850,1.49097127,0.712038866,Betel
814147.5,3842.082722,1433,862,1.517226301,0.693073885,Betel
929343,4342.717272,1479,930,1.480045581,0.619245393,Betel
788724.5,3804.827887,1386,855,1.502463788,0.684644563,Betel
735258,3622.644119,1345,823,1.50550555,0.704041531,Betel
757295,3717.614679,1417,822,1.538071689,0.688567,Betel
781470.5,3804.283725,1443,840,1.551075824,0.678541874,Betel
733989.5,3669.715185,1380,817,1.53607102,0.684912344,Betel
713383,4151.521313,1366,815,1.560578259,0.520137392,Betel
725051,4099.604575,1248,834,1.435529363,0.542118817,Betel
666275,3476.276586,1308,781,1.533222768,0.692842843,Betel
783505,3797.639063,1424,844,1.533948092,0.682691136,Betel
633837,3410.820742,1277,772,1.55535887,0.684651652,Betel
673809,3771.413669,1321,789,1.546831521,0.595303355,Betel
708092.5,3758.626871,1346,816,1.551119381,0.629856231,Betel
852872.5,3999.538558,1395,938,1.534238705,0.669999069,Betel
722703.5,4862.748793,1322,863,1.578636329,0.384066434,Betel
944812,4305.913235,1467,969,1.504556462,0.640360766,Betel
730717,3721.212659,1365,856,1.599032183,0.663116899,Betel
833241.5,4139.847216,1415,923,1.56742673,0.610959088,Betel
692480,3890.183226,1290,844,1.572262015,0.575012102,Betel
680216.5,6699.727707,1372,872,1.758828255,0.190433225,Betel
920910,4035.545698,1480,965,1.550857304,0.7105956,Betel
933482.5,4061.244181,1490,973,1.553076785,0.711209977,Betel
222433,2074.351497,422,690,1.309068349,0.64959756,Bhrami
203300.5,2035.515929,416,665,1.360744317,0.616594008,Bhrami
164617,1739.935196,381,617,1.428023837,0.683310981,Bhrami
170002.5,1771.63368,387,628,1.429602506,0.680639761,Bhrami
256552,2245.464199,457,739,1.316391999,0.639400539,Bhrami
252405.5,2231.020544,453,733,1.315537894,0.637237814,Bhrami
240575.5,2241.873355,449,714,1.332579585,0.601504818,Bhrami
238115.5,2242.843921,447,709,1.330963335,0.594838988,Bhrami
181630,1931.523071,408,654,1.469096515,0.611783341,Bhrami
192402,1994.292622,419,675,1.469969127,0.607913351,Bhrami
450446.5,3094.015493,1286,455,1.298999992,0.591300318,Bhrami
216240,2577.488579,789,370,1.350027747,0.409027396,Bhrami
325526.5,2636.452003,1106,374,1.270692248,0.58851356,Bhrami
362343,2765.797233,1000,490,1.352309828,0.595235828,Bhrami
224908.5,2177.089526,915,311,1.265247867,0.59629773,Bhrami
303403.5,2453.731223,893,463,1.362736422,0.633251857,Bhrami
240359.5,2269.800203,937,324,1.263058044,0.586267602,Bhrami
192012.5,1892.545367,709,353,1.303441182,0.673669319,Bhrami
207497.5,2089.716941,871,317,1.330652177,0.59710101,Bhrami
314916.5,2620.108855,1083,369,1.268993527,0.576456593,Bhrami
437264,3144.341394,1253,443,1.26943677,0.55576885,Bhrami
381389.5,2569.672344,981,499,1.283514622,0.725810247,Bhrami
430440.5,5282.852268,1271,439,1.296274398,0.193814408,Bhrami
423071.5,2906.961672,1208,454,1.296310435,0.629136704,Bhrami
384391.5,3002.064263,1137,459,1.357686109,0.535973936,Bhrami
209833.5,3288.407408,800,786,2.996661639,0.243844774,Bhrami
408754.5,2916.088644,576,928,1.307699365,0.604047328,Bhrami
220674.5,2005.339306,417,677,1.279300508,0.689582581,Bhrami
398671.5,2917.711012,591,906,1.34307569,0.588491921,Bhrami
190761,2007.949475,432,630,1.426706717,0.594557543,Bhrami
124535.5,1634.687502,354,498,1.415596356,0.585643798,Bhrami
274777,2366.625668,560,757,1.542778326,0.616497189,Bhrami
177450,1890.836779,416,593,1.39018315,0.623702931,Bhrami
277628.5,2560.701782,1000,370,1.332716202,0.532054233,Bhrami
171990,1974.385988,779,299,1.354270597,0.554432832,Bhrami
406799.5,3073.828762,590,935,1.356073447,0.541041943,Bhrami
203668,2324.611386,891,316,1.382426302,0.473622081,Bhrami
245588,2276.944424,486,731,1.446593482,0.595267464,Bhrami
140725.5,1707.172783,364,558,1.443320507,0.60677504,Bhrami
312011.5,2879.329198,1121,403,1.447904965,0.472931044,Bhrami
198603.5,2273.030649,890,302,1.353349765,0.483043429,Bhrami
159505,1818.327112,362,582,1.320861415,0.606233787,Bhrami
77657.5,1267.584908,253,408,1.32922126,0.607350159,Bhrami
189091.5,2399.672346,414,637,1.394658142,0.412646321,Bhrami
286941,2832.861163,1072,374,1.397248912,0.449316007,Bhrami
160883.5,2110.202221,797,279,1.382136764,0.454018154,Bhrami
204113,3031.370828,839,605,2.486833274,0.279127352,Bhrami
164038,2709.949476,663,612,2.473548812,0.280693232,Bhrami
161232.5,1889.197168,368,620,1.415099313,0.567685603,Bhrami
88399,1387.768674,272,457,1.406169753,0.576797084,Bhrami
192998.5,2466.441898,787,362,1.476146188,0.398677769,Bhrami
156060.5,2376.265272,444,588,1.672889681,0.347306584,Bhrami
164409,2562.223641,447,579,1.574202142,0.314703363,Bhrami
592157.5,3976.955744,1507,553,1.407346863,0.470484784,Bhrami
222009.5,2349.020544,922,325,1.349717017,0.505600847,Bhrami
399480,3236.189151,1219,446,1.360954241,0.479332758,Bhrami
272262,3123.787131,1079,363,1.438603257,0.350617858,Bhrami
271135,2814.483527,996,390,1.432644255,0.430128307,Bhrami
591375,4226.394341,1457,586,1.443757345,0.416037801,Bhrami
332579.5,3230.691678,1195,408,1.465995348,0.400418666,Bhrami
384042.5,3270.348533,1166,460,1.39661626,0.451233229,Bhrami
389350.5,3482.608418,1300,448,1.495824456,0.403405031,Bhrami
215857,2530.209362,953,339,1.496671407,0.423704508,Bhrami
364902,3434.223644,1162,465,1.480753737,0.38880242,Bhrami
253103,2224.719026,471,693,1.289605418,0.642623819,Bhrami
108886,1474.444863,418,398,1.527873188,0.629397241,Bhrami
154500,1671.817446,396,510,1.307184466,0.694641366,Bhrami
176707.5,1799.256047,446,510,1.287211918,0.685928589,Bhrami
177836,1815.782955,452,510,1.296250478,0.677800173,Bhrami
72965,1174.999123,293,324,1.301062153,0.664124292,Bhrami
208073,1956.410373,469,567,1.278027423,0.683133651,Bhrami
173820.5,1817.907847,527,503,1.525027255,0.660947753,Bhrami
200273,1958.25813,546,631,1.720281815,0.656284868,Bringaraja
193190,1907.086558,534,619,1.710989182,0.66750373,Bringaraja
188006,1936.022635,491,631,1.647931449,0.630319456,Bringaraja
198769.5,2048.289656,509,648,1.659369269,0.595356179,Bringaraja
242323,2430.105887,927,449,1.717637203,0.515648912,Bringaraja
247886.5,2467.118084,937,455,1.719879864,0.511779477,Bringaraja
215654.5,2337.637852,886,404,1.659803065,0.49592263,Bringaraja
214345,2336.993193,882,404,1.662404068,0.49318326,Bringaraja
226742,2399.336334,900,430,1.706785686,0.494948002,Bringaraja
270700,2571.502856,981,470,1.703250831,0.514427406,Bringaraja
268971,2461.963754,997,443,1.642076655,0.557637552,Bringaraja
277974.5,2494.206394,1015,450,1.643136331,0.561500368,Bringaraja
295444.5,2614.348529,1059,459,1.645253169,0.543198803,Bringaraja
301373.5,2650.632801,1067,466,1.649853089,0.539033541,Bringaraja
242927.5,2639.804374,1002,431,1.777740272,0.43806954,Bringaraja
284453.5,2879.711008,1079,465,1.763855955,0.431045716,Bringaraja
293927.5,2375.083599,575,871,1.703906576,0.654775293,Bringaraja
130978,1851.332164,801,276,1.687886515,0.480219207,Bringaraja
154098,2021.84183,874,293,1.661812613,0.473709955,Bringaraja
94778.5,1583.609294,689,226,1.642925347,0.474923447,Bringaraja
152317.5,2000.48649,837,310,1.703481215,0.478286829,Bringaraja
76270.5,1425.325023,596,227,1.773844409,0.471779036,Bringaraja
151769,1648.493635,365,643,1.546396168,0.701808118,Bringaraja
63389,1075.768675,236,418,1.556232154,0.688313007,Bringaraja
113367,1700.704747,708,277,1.729921406,0.492536784,Bringaraja
69108,1341.969684,556,214,1.721710945,0.482228394,Bringaraja
207655,2240.861164,932,396,1.777332595,0.519663671,Bringaraja
106294.5,1627.716939,667,284,1.782105377,0.504153621,Bringaraja
264820.5,2649.554593,1116,425,1.791024486,0.474040798,Bringaraja
97555.5,1604.721991,684,256,1.79491674,0.476060353,Bringaraja
141744.5,1887.030647,801,292,1.650095771,0.500216684,Bringaraja
61638,1247.602155,532,192,1.657159544,0.49762956,Bringaraja
90714.5,1603.692554,662,243,1.773321795,0.443245515,Bringaraja
41742.5,1053.678274,450,163,1.757201893,0.472467858,Bringaraja
244434,2371.311956,973,438,1.743513586,0.546253329,Bringaraja
133112,1758.528122,727,320,1.747701184,0.540914268,Bringaraja
154266.5,1667.245944,437,607,1.719485436,0.697400334,Bringaraja
71018,1148.905756,294,410,1.697316173,0.676097751,Bringaraja
75853.5,1194.721992,277,440,1.606781493,0.667808238,Bringaraja
175534.5,1674.618527,432,621,1.528314947,0.786575775,Bringaraja
75404,1101.994074,282,409,1.529600552,0.780271476,Bringaraja
336997,3119.423781,1150,583,1.989483586,0.435198251,camphor
127389,1914.400265,714,355,1.989732237,0.436793635,camphor
279378,2128.400267,741,529,1.403077551,0.774988858,camphor
177131,2420.507917,894,411,2.074363042,0.379919359,camphor
321569,2776.32118,747,881,2.046549885,0.524257469,camphor
178378,2081.110942,560,658,2.065725594,0.517559982,camphor
312845.5,2888.088646,731,924,2.159033772,0.471323114,camphor
146371,1962.920038,489,634,2.1180835,0.477375017,camphor
400709,3101.458271,789,1018,2.004452109,0.523488417,camphor
236348,2389.135329,607,781,2.005800768,0.520331712,camphor
375818.5,3172.446073,810,955,2.058307401,0.469244858,camphor
181227.5,2203.29471,554,670,2.048143908,0.469125219,camphor
393771,3072.747592,794,1034,2.084958009,0.524082694,camphor
243574.5,2424.206395,634,802,2.087525583,0.520837803,camphor
490245,3553.943547,1336,722,1.967571316,0.487755289,camphor
274681,2647.679484,1002,542,1.977144397,0.49238823,camphor
445416,3545.090735,1383,670,2.08032491,0.445370007,camphor
347060.5,3042.598315,1172,608,2.053175167,0.471113784,camphor
189477.5,2261.731222,876,447,2.066588381,0.465463385,camphor
410441,3395.208486,1348,588,1.931152102,0.447432685,camphor
229970,2562.199258,1023,445,1.97954081,0.44020528,camphor
380403.5,2559.68663,926,588,1.431343297,0.729593184,camphor
208120,1865.263184,684,439,1.442802229,0.751698086,camphor
504185.5,3853.240012,1358,764,2.057798172,0.426725006,camphor
300746,2979.360727,1051,591,2.065334202,0.425758715,camphor
285656.5,3288.196292,1268,519,2.303787941,0.332000321,camphor
422103,3292.512088,1273,637,1.921097457,0.489298119,camphor
240609.5,2281.28043,912,409,1.550262978,0.580985488,Catharanthus
102791.5,1556.98188,611,262,1.557346668,0.532843842,Catharanthus
286876.5,2838.809429,1130,433,1.705577139,0.447334465,Catharanthus
119346.5,1569.633681,631,287,1.517405202,0.608727516,Catharanthus
299200,2381.738361,954,489,1.559177807,0.662801298,Catharanthus
154260.5,1712.770762,685,350,1.55418918,0.66079404,Catharanthus
247595.5,2249.471333,917,440,1.62959343,0.614881866,Catharanthus
107083.5,1547.432674,608,292,1.657921155,0.561964519,Catharanthus
222241.5,2192.618523,882,393,1.559681698,0.580910019,Catharanthus
105290.5,1511.83469,609,273,1.579031347,0.578882525,Catharanthus
238428.5,2634.064261,898,465,1.751342646,0.431832475,Catharanthus
116655,1737.959578,638,321,1.755586987,0.485326359,Catharanthus
165956,1803.32206,677,415,1.692948733,0.641292605,Catharanthus
58850,1072.999124,406,245,1.690229397,0.642329098,Catharanthus
476817.5,2787.838864,984,623,1.285674288,0.77095089,Chakte
253813,2035.983966,721,454,1.289666014,0.76944046,Chakte
601837.5,3125.446949,1154,619,1.186908426,0.774220819,Chakte
310063,2244.3616,826,442,1.177476835,0.773524635,Chakte
178147.5,1631.834689,564,401,1.26953227,0.840692696,Chakte
89072,1155.602155,400,284,1.275372732,0.83817438,Chakte
604992,3098.546579,1143,739,1.396178792,0.791850942,Chakte
244163.5,1956.133243,721,471,1.39083442,0.801851117,Chakte
431194,2589.488581,927,578,1.242610055,0.808080399,Chakte
208626.5,1798.805252,645,401,1.239751422,0.81023508,Chakte
771228.5,3593.461229,1309,744,1.262785283,0.750528187,Chakte
317492,2285.841834,831,479,1.253729228,0.763572532,Chakte
998522.5,4065.79427,1516,803,1.219149293,0.759061423,Chakte
428839,2692.920037,999,526,1.225340979,0.743117046,Chakte
835055,4301.590294,1408,927,1.56302998,0.567109415,Chakte
192267,1721.023508,629,370,1.210452132,0.815719809,Chakte
424143,2615.748467,950,567,1.269972627,0.778986998,Chakte
696985,3307.551634,1187,776,1.321566461,0.800608193,Chakte
718544,3364.321185,1209,787,1.324181957,0.797752788,Chakte
332254.5,2699.510001,1034,577,1.795665672,0.572942256,Chilly
152950.5,1949.706837,466,683,2.080921605,0.505617545,Chilly
231743.5,4619.636097,962,497,2.063117196,0.136458909,Chilly
99326,1667.415422,647,319,2.077935284,0.448936775,Chilly
238898,3832.231991,827,916,3.170943248,0.20441784,Chilly
150194.5,2743.745502,417,941,2.612592339,0.250712647,Chilly
302803.5,2607.887637,852,689,1.938643378,0.559490869,Chilly
230063,2412.650049,642,812,2.265918466,0.496670056,Chilly
240189.5,2227.471335,820,502,1.713813468,0.60833056,Chilly
152886,1913.003296,587,556,2.134740918,0.524984095,Chilly
214270.5,3174.563818,514,692,1.659995193,0.267180109,Chilly
213670.5,2997.42674,424,879,1.744255758,0.298852763,Chilly
219011.5,2225.034827,746,531,1.808699543,0.555908299,Chilly
182812.5,2155.917951,307,930,1.561764103,0.494255254,Chilly
246780.5,2369.142468,890,518,1.86813788,0.552507717,Chilly
191201,2156.826676,677,628,2.223607617,0.516499054,Chilly
361431.5,2462.573931,881,617,1.503955798,0.748957732,Citron lime (herelikai)
153801,1601.983968,582,396,1.498507812,0.753100078,Citron lime (herelikai)
862281,3634.193327,1275,910,1.345559046,0.820432069,Citron lime (herelikai)
291496.5,2144.500771,775,521,1.385179582,0.796509198,Citron lime (herelikai)
361689.5,2913.81866,814,669,1.505617387,0.535328943,Citron lime (herelikai)
165967.5,1861.280427,565,442,1.504692184,0.602017749,Citron lime (herelikai)
139984,2505.821619,687,335,1.644080752,0.28014828,Citron lime (herelikai)
514587,2808.948599,915,781,1.388715611,0.819560635,Citron lime (herelikai)
199309.5,1756.393129,583,480,1.404047474,0.811884789,Citron lime (herelikai)
161986,1874.184978,767,323,1.529397602,0.579512009,Citron lime (herelikai)
295815,2351.846005,630,705,1.50144516,0.67206657,Citron lime (herelikai)
298997.5,2354.716063,634,707,1.49913628,0.67764202,Citron lime (herelikai)
165034.5,1898.912898,773,325,1.522257467,0.57514125,Citron lime (herelikai)
202130,1826.43476,503,605,1.505540988,0.761434082,Citron lime (herelikai)
203942,1833.748467,506,606,1.503545126,0.762143957,Citron lime (herelikai)
343618,2907.988142,1107,578,1.862085223,0.510623158,Citron lime (herelikai)
107107,1346.479351,490,324,1.482256062,0.742383523,Citron lime (herelikai)
924092.5,3855.445198,1373,988,1.467952613,0.781225195,Citron lime (herelikai)
222025,1910.258134,705,473,1.501925459,0.764588264,Citron lime (herelikai)
406766,2907.909058,635,1116,1.742181008,0.604495216,Coffee
397367.5,2872.210579,626,1104,1.73920615,0.605298577,Coffee
409753.5,3991.209695,659,1122,1.804494653,0.323238769,Coffee
409175,3923.084804,658,1113,1.789830757,0.334090066,Coffee
396330.5,3621.479685,643,1143,1.854384157,0.379747788,Coffee
364162.5,2834.647084,543,1111,1.656603851,0.569517525,Coffee
359857.5,2821.191241,542,1104,1.662791522,0.568166167,Coffee
413513.5,2937.156752,802,827,1.603947634,0.602344996,Coffee
130838,1454.126104,447,442,1.510065883,0.77757022,Coffee
457587,2981.507038,731,1061,1.694958554,0.646862335,Coffee
333832.5,2580.647085,629,907,1.708949848,0.629913977,Coffee
546962.5,3191.465407,907,922,1.528905547,0.674818738,Coffee
402864,2938.924214,1211,557,1.674329302,0.586126761,Coffee
219345.5,1939.637854,545,668,1.659755956,0.732651243,Coffee
329259.5,2555.308993,551,988,1.65337067,0.633667352,Coffee
211257.5,2021.838868,441,790,1.649124883,0.649424872,Coffee
497015.5,3019.004509,828,980,1.632625139,0.685255096,Coffee
309518.5,2211.402352,654,705,1.489636322,0.795354864,Coffee
488333.5,3177.64203,1310,572,1.534443162,0.607738067,Coffee
353419,2710.983091,1118,486,1.53740461,0.60429102,Coffee
494579,3561.919164,1507,529,1.611882025,0.489866136,Coffee
292322.5,2382.632803,528,875,1.580446254,0.647079848,Coffee
349810.5,2935.603366,1257,458,1.64576535,0.510091341,Coffee
198580,2214.233747,935,348,1.638533588,0.50897733,Coffee
17419,639.8721455,269,108,1.667833974,0.534621811,Curry
66432,1245.66103,517,205,1.595390776,0.538006392,Curry
126996.5,2314.413337,1069,208,1.750851401,0.297933796,Curry
47240,967.8031656,244,337,1.740643522,0.633790429,Curry
63133.5,1206.58996,178,525,1.480196726,0.544942044,Curry
260211,2440.944425,978,427,1.604874506,0.548807114,Curry
287133.5,2596.123138,1005,466,1.631053151,0.53535659,Curry
129009,1471.165644,419,451,1.464773775,0.749042956,Curry
146084,1643.190027,494,470,1.589359547,0.67988731,Curry
84138.5,1372.212327,571,241,1.635529514,0.56151582,Curry
151520,1732.871267,466,526,1.617713833,0.634084627,Curry
158779.5,1920.157625,626,536,2.113219906,0.541166035,Curry
292904.5,2909.367866,1090,641,2.385384997,0.434849157,Curry
136571.5,4617.964961,765,367,2.055736373,0.080476425,Curry
211614,2159.179921,804,401,1.523547591,0.570396162,Curry
125684.5,3002.720244,562,637,2.848354411,0.175170852,Curry
131335.5,1485.26615,422,450,1.445915232,0.748140954,Curry
105502,1728.954527,650,353,2.174840287,0.443509998,Curry
143762.5,1995.956615,788,442,2.422718025,0.453474934,Curry
143874,1949.454087,720,485,2.427123733,0.475736156,Curry
179475.5,2835.936402,540,602,1.811277862,0.280428443,Curry
248990,2220.365777,680,633,1.728744126,0.634662327,Curry
207584.5,2046.986053,781,445,1.674233866,0.62255112,Curry
168120,3135.301845,801,393,1.872430407,0.214916881,Curry
92217,2003.518894,929,144,1.450665279,0.288691481,Curry
155152,2152.861163,487,509,1.597678406,0.420663853,Curry
160642,2257.973864,497,520,1.608794711,0.39594161,Curry
506396.5,2924.744632,1039,776,1.592159503,0.743917293,Curry
459867.5,2808.636985,1017,733,1.62103432,0.732573764,Curry
277570.5,2338.833811,802,581,1.678715858,0.637653055,Curry
177506.5,1755.942334,493,522,1.449783529,0.723441846,Curry
177353.5,1864.912898,485,519,1.419284085,0.640814783,Curry
163688,1711.248902,559,426,1.454804262,0.702425616,Curry
174907,1869.616433,647,425,1.572121184,0.628799259,Curry
310414,2306.684536,735,633,1.498820929,0.733119474,Curry
108748.5,1477.408285,556,312,1.59516683,0.626083242,Curry
85092.5,1147.844796,378,296,1.314898493,0.811586489,Curry
119316,1372.479352,452,355,1.34483221,0.795970387,Curry
93682,1421.99407,554,280,1.655814351,0.582197649,Curry
175697,1991.072277,764,365,1.587164266,0.556929419,Curry
146818,1736.739239,664,314,1.420098353,0.611673879,Curry
145015.5,2396.760655,733,325,1.64275543,0.317230514,Curry
149236.5,1918.216501,714,426,2.038134103,0.509670707,Curry
136210,1936.792186,603,536,2.372865428,0.456302458,Curry
158423.5,1674.049983,455,545,1.565266517,0.710383108,Curry
130236,2029.155539,743,304,1.73432845,0.397475384,Curry
136239,1782.660153,412,638,1.929374115,0.538733767,Curry
178913,1714.920038,476,589,1.567040964,0.764476275,Curry
105008,1431.650925,316,502,1.510665854,0.64381038,Curry
603845.5,3347.735396,823,1084,1.477417651,0.677069811,Doddpathre
134427,1612.930148,413,506,1.554583529,0.649329676,Doddpathre
93272.5,1324.011315,293,455,1.429306602,0.668621116,Doddpathre
267329,2203.748465,620,585,1.356755159,0.691722484,Doddpathre
504719.5,2954.598316,786,906,1.410914379,0.7265459,Doddpathre
77675.5,1085.217379,278,359,1.28485816,0.828820418,Doddpathre
107839,1290.111823,335,430,1.335787609,0.814199827,Doddpathre
809052.5,4519.35776,1482,818,1.498389783,0.497775049,Doddpathre
768429.5,4340.872482,1414,781,1.437131188,0.51245984,Doddpathre
666040,4240.924214,1414,777,1.649567594,0.465360109,Doddpathre
667568,4256.237921,1414,777,1.645791889,0.463077394,Doddpathre
687104,4303.551629,1436,789,1.648955617,0.46620648,Doddpathre
120151.5,1524.663119,520,367,1.588328069,0.64951812,Doddpathre
116863,1506.077335,514,361,1.587790832,0.647429299,Doddpathre
141020,1453.567667,509,347,1.252467735,0.838725923,Doddpathre
59750,1013.317883,279,295,1.37748954,0.731233971,Doddpathre
648498.5,3726.97595,1454,608,1.363198219,0.586685912,Doddpathre
369441.5,2762.878408,1095,463,1.372301163,0.608179809,Doddpathre
85424,1237.82755,288,421,1.419366923,0.700598944,Doddpathre
479888.5,2875.201346,696,956,1.386522078,0.729480489,Doddpathre
255150,2104.576895,506,701,1.390186165,0.723895439,Doddpathre
88979.5,1319.90367,534,210,1.260290292,0.641823112,Doddpathre
233661.5,2135.765712,551,624,1.471461922,0.643709331,Doddpathre
83835.5,1271.158503,390,354,1.646796405,0.651986208,Doddpathre
402715.5,2971.446952,1186,471,1.387098336,0.573155213,Doddpathre
321487,2671.782957,1058,428,1.408529738,0.565940703,Doddpathre
1232725,5294.231995,1501,1183,1.440453467,0.552675396,Doddpathre
1232694,5299.746714,1501,1184,1.44170735,0.551511938,Doddpathre
91750.5,1209.065141,394,353,1.515871848,0.788712827,Doddpathre
409417,3092.164763,1087,602,1.598306861,0.5380845,Doddpathre
233893.5,2064.074367,715,522,1.59572626,0.689886006,Doddpathre
84415,1225.685414,286,419,1.419581828,0.706108522,Doddpathre
617620,3574.7131,843,1090,1.487759464,0.607363699,Doddpathre
633412.5,3652.494842,865,1105,1.509008742,0.596646739,Doddpathre
520276,3491.89478,917,987,1.739613205,0.53619327,Doddpathre
623862,3352.31108,887,1032,1.467286034,0.697605301,Doddpathre
650092.5,3629.548666,1041,1058,1.694186597,0.620125759,Doddpathre
165192,1815.356547,446,547,1.476839072,0.629904925,Doddpathre
438326,3085.492759,956,820,1.788440567,0.578572827,Doddpathre
428714.5,3380.95574,778,895,1.624181128,0.471301764,Doddpathre
463465.5,2838.372919,682,938,1.380288285,0.722916881,Doddpathre
81483,1142.597103,427,273,1.430617429,0.78431521,Drumstick
82015.5,1145.182889,429,273,1.427986173,0.785879754,Drumstick
76872,1112.312832,416,264,1.428660631,0.780771856,Drumstick
74582.5,1088.070192,406,261,1.420789059,0.79164956,Drumstick
64897.5,1022.129066,383,244,1.439993836,0.780596059,Drumstick
90463,1169.283394,424,288,1.349855742,0.831459857,Drumstick
84294.5,1126.898619,408,279,1.35040839,0.834140887,Drumstick
78065,1090.170698,397,267,1.357830013,0.82542424,Drumstick
75979,1072.856991,392,263,1.356901249,0.829506447,Drumstick
74138,1042.489455,356,268,1.286897408,0.857249793,Drumstick
63308.5,965.4772646,330,247,1.287504837,0.853469067,Drumstick
57005.5,918.5067009,319,231,1.292664743,0.849106109,Drumstick
51823,877.7787809,304,221,1.29641279,0.84520539,Drumstick
44105.5,809.595015,282,203,1.297933364,0.845603872,Drumstick
42914,799.3523737,279,200,1.300274969,0.843980326,Drumstick
52276.5,874.5067012,304,224,1.302612072,0.858993908,Drumstick
43271.5,796.9087232,279,202,1.302427695,0.856238305,Drumstick
43558.5,800.0802969,279,203,1.300251386,0.855097485,Drumstick
309672,2481.395211,479,1015,1.569999871,0.63200414,Ekka
243058.5,2226.510877,402,870,1.438912854,0.616128127,Ekka
682572.5,3519.808549,1000,896,1.312681071,0.692341824,Ekka
527146,2887.978038,1000,747,1.417064722,0.794242289,Ekka
482629,2762.213537,960,682,1.356569953,0.794893196,Ekka
428557,2683.184098,964,644,1.448619437,0.748027414,Ekka
274264,2327.772849,476,911,1.581089753,0.636059104,Ekka
209205.5,1933.221553,558,595,1.587004166,0.703428087,Ekka
499929.5,2818.740444,1035,672,1.391236164,0.790694021,Ekka
246465,2196.88555,542,770,1.693303309,0.641726914,Ekka
149208,1570.87127,582,376,1.466623774,0.759837598,Ekka
643947.5,3167.039004,1163,778,1.40510523,0.806776987,Ekka
407276.5,2564.868304,946,571,1.326288161,0.77798115,Ekka
401714.5,2560.431794,923,600,1.378591014,0.770018127,Ekka
257405.5,2157.897746,635,676,1.667641134,0.694649878,Ekka
439753.5,2641.093697,956,616,1.339150228,0.792230487,Ekka
333094,2577.443982,598,978,1.755792659,0.63008364,Ekka
246986.5,2141.162679,846,435,1.490000466,0.676992333,Ekka
231120.5,2068.049979,819,420,1.488314537,0.679088338,Ekka
95972.5,1620.40323,246,665,1.704550783,0.459314834,Ganigale
151237.5,2216.892686,525,821,2.849987602,0.3867052,Ganigale
152421.5,2226.975946,555,819,2.982158029,0.386211359,Ganigale
113419,1570.964634,255,664,1.492871565,0.577514459,Ganigale
113470,1583.734187,255,666,1.496695162,0.568494589,Ganigale
167088.5,2238.133244,400,882,2.111455905,0.419164552,Ganigale
168756.5,2228.618521,396,884,2.074373432,0.426971515,Ganigale
214046,2154.233749,362,901,1.523793951,0.579603941,Ganigale
85314.5,1266.638733,247,503,1.456270622,0.668231871,Ganigale
84444.5,1278.011313,247,498,1.456649042,0.649698458,Ganigale
199888.5,2868.819532,1237,247,1.528547165,0.305204698,Ganigale
259182,3249.415425,1487,269,1.543328626,0.308463815,Ganigale
170938,2626.822498,1207,217,1.53224561,0.311305668,Ganigale
350751,3624.708922,1578,348,1.565623476,0.335476813,Ganigale
186830,2633.037787,1140,254,1.54985816,0.338643149,Ganigale
403415.5,2868.348532,489,1149,1.39276007,0.616167237,Ganigale
191580.5,1993.339302,337,797,1.401964187,0.605896867,Ganigale
416854.5,2938.372916,519,1162,1.446735012,0.606709135,Ganigale
290534,3567.135328,1524,284,1.489725815,0.286924515,Ganigale
434571.5,3676.171906,1510,379,1.316906424,0.404091283,Ganigale
287994.5,2962.642907,1253,306,1.331337925,0.412320987,Ganigale
415072,3348.909932,1464,411,1.449637653,0.465078611,Ganigale
179328,2232.44486,979,270,1.474002944,0.452164526,Ganigale
367014.5,3683.873356,1577,332,1.426548542,0.339847206,Ganigale
201638.5,2788.510877,1187,243,1.430485746,0.32586569,Ganigale
203977.5,1893.103804,539,612,1.617178365,0.715225965,Ganike
209667,1936.601282,548,623,1.628315376,0.702521331,Ganike
330404,2410.993197,683,781,1.614456847,0.714271284,Ganike
325027,2411.963761,678,780,1.627064828,0.702081851,Ganike
380315.5,3086.657186,730,1059,2.032707055,0.501622599,Ganike
383211.5,3129.284603,707,1053,1.942715707,0.491765742,Ganike
383319,3130.355669,707,1055,1.945859715,0.491567137,Ganike
206624.5,1853.814487,551,605,1.613337237,0.755542913,Ganike
311772,2280.414547,676,747,1.619683615,0.753389161,Ganike
285461,2178.674433,650,700,1.593913004,0.75573924,Ganike
317426,2447.277465,621,782,1.529874679,0.666017956,Ganike
325266.5,2461.118086,630,784,1.518508669,0.67481433,Ganike
236192,2138.851056,614,695,1.806708102,0.648804663,Ganike
230319,2114.708925,607,690,1.81847785,0.647199889,Ganike
264249,2439.100843,599,859,1.947182392,0.558166418,Ganike
265185.5,2435.686633,600,857,1.939020044,0.561716023,Ganike
382374.5,3116.730338,1185,620,1.921414739,0.494652638,Ganike
277533.5,5599.287022,692,739,1.842617198,0.111239702,Ganike
303363,4831.490997,703,730,1.691669716,0.163309002,Ganike
186943.5,2190.206395,543,565,1.641110817,0.489722602,Ganike
536401,3289.188269,960,887,1.587469076,0.623048676,Ganike
341573,2673.693764,767,710,1.594300486,0.60044063,Ganike
750847,3972.17312,1527,827,1.681872605,0.598005224,Ganike
350034.5,2406.088646,669,760,1.452542535,0.759796814,Gasagase
548531,3033.115119,849,950,1.470381802,0.749261216,Gasagase
501915.5,3009.652138,1132,677,1.526878528,0.696318395,Gasagase
275451.5,2216.642912,829,498,1.498782907,0.70447167,Gasagase
339505.5,2372.005386,731,704,1.515804604,0.758272554,Gasagase
771396.5,3623.171033,1179,977,1.493243747,0.738430892,Gasagase
508166,3069.835902,923,866,1.572946636,0.677618332,Gasagase
276302,2279.110943,726,624,1.639597252,0.668440814,Gasagase
597868.5,3647.808552,1122,810,1.520100156,0.564613765,Gasagase
392252,2813.894777,772,798,1.570561782,0.622528622,Gasagase
655505.5,3807.313165,1009,1032,1.588526717,0.568262507,Gasagase
215611,2175.72408,894,360,1.492688221,0.572365095,Gasagase
353362.5,2641.142468,759,747,1.604508118,0.636570731,Gasagase
519635,3087.115121,841,891,1.44203335,0.685176737,Gasagase
215117,1881.831727,540,570,1.430849259,0.763348794,Gasagase
426663.5,2693.083594,766,812,1.45780457,0.739257411,Gasagase
209267.5,1857.162676,537,567,1.454975092,0.76245068,Gasagase
217287,2178.753518,893,361,1.483627645,0.575211295,Gasagase
319062.5,2585.589086,1040,462,1.505911851,0.599744972,Gasagase
323979.5,2601.530211,1050,465,1.507039797,0.601547114,Gasagase
272061.5,2362.736273,905,440,1.463639655,0.612415896,Gasagase
281883.5,2360.594136,909,447,1.441457198,0.635677546,Gasagase
291122.5,2447.446952,993,431,1.470113097,0.610743793,Gasagase
312333.5,2557.044928,1038,447,1.485546699,0.600277015,Gasagase
320864.5,2431.554593,651,771,1.564277133,0.681967196,Gasagase
175038.5,2015.917951,835,327,1.559913962,0.541249792,Gasagase
321941.5,2429.755602,653,770,1.561805483,0.685269879,Gasagase
252474.5,2305.966721,933,404,1.492950773,0.596652293,Gasagase
257720,2348.836779,952,408,1.507124011,0.587019205,Gasagase
216378.5,1988.157628,572,609,1.609901169,0.6878953,Gasagase
125868.5,1492.486493,428,464,1.577773629,0.710078073,Gasagase
403432.5,2662.94146,728,798,1.440002974,0.714920099,Gasagase
226293.5,1922.476391,547,599,1.447911672,0.769413697,Gasagase
646584.5,3798.921249,1011,967,1.512001912,0.563008008,Gasagase
310478,2538.50791,699,673,1.515170157,0.605457487,Gasagase
168501.5,1835.256046,715,364,1.544555983,0.628666486,Gasagase
360755,2518.625665,662,824,1.512073291,0.714652593,Gasagase
427068.5,2762.265272,696,903,1.471632771,0.703358332,Gasagase
395349,2549.728261,772,751,1.466481514,0.764192399,Gasagase
183325.5,1701.422565,524,510,1.457735012,0.795808119,Gasagase
434570.5,3212.161803,742,1031,1.760363393,0.529267564,Gasagase
259150.5,2281.682449,918,401,1.420479605,0.625534852,Gauva
128312,1469.190027,469,423,1.546129746,0.747001021,Gauva
284789.5,2267.731222,840,468,1.380387971,0.695906156,Gauva
261194.5,2415.731222,886,431,1.461998626,0.562440606,Gauva
355247,2583.228693,1052,455,1.347400541,0.668982214,Gauva
550218,3202.806461,1174,676,1.44238102,0.674036269,Gauva
442910.5,3011.308988,1074,661,1.602838497,0.613783486,Gauva
308570,2266.968807,788,584,1.491369867,0.754522987,Gauva
258542,2108.317009,749,505,1.462992473,0.730918818,Gauva
463648.5,2918.279552,1100,643,1.525509087,0.68413993,Gauva
192811,2067.571842,755,433,1.695520484,0.566787747,Gauva
331807.5,2362.584039,913,499,1.373046119,0.747001598,Gauva
454130,3347.6004,1165,680,1.744434413,0.509240381,Gauva
642869.5,3361.558777,1237,739,1.421972889,0.714909827,Gauva
449542.5,2832.431795,1054,611,1.432554208,0.70414435,Gauva
413189,2945.448164,857,948,1.966257572,0.598488551,Gauva
190480.5,1930.216503,693,495,1.800893005,0.64246332,Gauva
326844.5,2732.147521,1023,509,1.593133738,0.550228086,Gauva
191017,2049.817445,867,299,1.357120047,0.571283281,Gauva
276002,2411.87039,806,687,2.006224593,0.596230463,Gauva
376921,2566.89983,950,589,1.484528588,0.718856752,Gauva
324206.5,2491.34348,899,624,1.730304605,0.656393643,Gauva
307663,2396.792186,571,890,1.651774832,0.673014427,Gauva
576971,3534.272415,1416,597,1.465155094,0.580448652,Gauva
316282,2661.179923,1095,393,1.360605409,0.561223521,Gauva
325011,2331.571842,895,499,1.374122722,0.751294692,Gauva
521142.5,3172.019667,1241,648,1.543086584,0.650870538,Gauva
328808,2572.507916,1015,512,1.580496825,0.62436536,Gauva
340063.5,2564.348534,980,548,1.579234467,0.649853976,Gauva
526949.5,2976.387197,1056,754,1.511006273,0.747480737,Gauva
141109.5,1500.579858,530,349,1.31082599,0.787495157,Gauva
404511.5,2746.466284,1099,528,1.434500626,0.673894936,Gauva
373149.5,2499.838865,936,539,1.352015747,0.75035831,Gauva
65703,1036.06305,356,251,1.359998782,0.769170631,Gauva
122539.5,1543.942337,477,436,1.697183357,0.645987056,Gauva
529707.5,3220.068439,1248,715,1.684552324,0.641971549,Gauva
363260,2446.164767,728,756,1.515080108,0.762879649,Gauva
255538,2583.218592,1023,462,1.849533142,0.481219303,Gauva
371782.5,2948.716062,1231,512,1.695270756,0.537319865,Gauva
212741.5,1841.907846,631,480,1.423699654,0.788000123,Gauva
109550,1648.479354,691,245,1.545367412,0.506588377,Gauva
127679,1408.420476,471,378,1.394418816,0.808843828,Gauva
392815,2628.89983,859,685,1.497944325,0.714249345,Gauva
357251.5,2702.289658,982,572,1.572292908,0.614780561,Gauva
320895.5,2558.11303,804,750,1.87911641,0.616217505,Gauva
330402.5,2558.476388,1053,429,1.367232391,0.634293648,Gauva
294316,2505.797238,945,495,1.589363134,0.589022499,Gauva
548310.5,3156.338426,1182,687,1.48097474,0.691622799,Gauva
56362,1075.234624,450,176,1.405202087,0.612618035,Gauva
457590,2910.591173,1131,580,1.433554055,0.678772085,Gauva
691216,3521.173994,1338,694,1.343389042,0.700565385,Gauva
406505.5,2865.22573,1048,646,1.665433801,0.622240973,Gauva
452330,3176.144556,1252,595,1.646894966,0.563462135,Gauva
72166,1378.454967,501,246,1.707812543,0.477262523,Gauva
544881.5,3089.583159,1084,815,1.621380062,0.717318693,Gauva
538908,3212.179051,1335,579,1.434317175,0.656334153,Gauva
200509.5,1828.996159,670,432,1.443522626,0.75321547,Gauva
153515,1561.90071,599,350,1.365664593,0.790776649,Gauva
324528.5,2600.691675,990,550,1.677818743,0.602955098,Gauva
36897.5,835.452879,323,172,1.505684667,0.664297909,Gauva
271670.5,2158.677398,815,448,1.343981036,0.732616773,Gauva
209107.5,1825.706838,593,509,1.443453726,0.788346946,Gauva
93523,1236.489456,453,260,1.259369353,0.768683323,Gauva
185930,1714.528121,493,532,1.410616899,0.794822418,Gauva
168154.5,1753.574807,656,376,1.466841506,0.687178816,Gauva
194252.5,1913.079422,774,382,1.522080797,0.66697642,Gauva
499635.5,2876.515049,1083,631,1.367743085,0.758804419,Gauva
649334.5,3604.980131,1194,749,1.377265493,0.627874133,Gauva
293780.5,2382.299765,917,477,1.488897323,0.650489085,Gauva
431752.5,2716.515052,999,637,1.473906926,0.735225385,Gauva
390403,2543.100842,914,609,1.425772855,0.758570321,Gauva
312593,2446.199258,939,490,1.471913958,0.656455743,Gauva
323492.5,2513.270322,994,498,1.530211674,0.643569827,Gauva
383933,2696.272414,1105,523,1.505249614,0.663647969,Gauva
408409.5,3052.608418,1134,482,1.338333217,0.550761412,Gauva
113679.5,1419.859077,470,402,1.662041089,0.70860063,Gauva
269759.5,2279.388075,873,482,1.559856094,0.652454256,Gauva
404686.5,2936.078547,1147,613,1.737421436,0.589920164,Gauva
292330,2278.341395,850,516,1.500359183,0.70769422,Gauva
234560,2280.670256,877,375,1.402093281,0.566681219,Gauva
224288.5,2531.765712,1056,388,1.826790049,0.439713544,Gauva
95564,1407.79306,554,290,1.681177012,0.605935704,Gauva
75009.5,1170.187941,454,235,1.422353169,0.688358846,Gauva
310556,2630.233746,1070,414,1.426409408,0.564106491,Gauva
26286,731.3523725,252,174,1.668112303,0.617562645,Gauva
146687.5,1575.349412,577,355,1.39640392,0.742761151,Gauva
329345.5,2423.069316,922,512,1.43333976,0.704903914,Gauva
125690.5,1594.403231,621,306,1.511856505,0.621320934,Gauva
352925.5,2676.113031,916,649,1.684446151,0.619275641,Gauva
352925.5,2676.113031,916,649,1.684446151,0.619275641,Gauva
179545,1935.675309,812,306,1.383898187,0.602168674,Gauva
305234.5,2287.21145,804,548,1.443454131,0.733214171,Gauva
201626,1953.973866,702,485,1.688621507,0.66361913,Gauva
25089.5,633.1686083,222,164,1.451124973,0.78643552,Gauva
99953,1209.484404,328,396,1.299490761,0.858628209,Gauva
106171,1308.337218,323,467,1.420736359,0.779428676,Gauva
114494,1570.788006,561,319,1.563042605,0.583119332,Gauva
75256.5,1057.962546,334,281,1.247121511,0.844915533,Gauva
66135.5,983.2173796,343,252,1.306953149,0.859697002,Gauva
239533.5,2441.848971,992,421,1.743522305,0.504822294,Gauva
207621.5,1985.03065,796,354,1.357200483,0.662136844,Gauva
201429,1890.469251,726,387,1.394843841,0.708259853,Gauva
471430,2801.98814,1033,641,1.404562713,0.754561243,Gauva
249393.5,2130.971773,822,403,1.328286423,0.690143815,Gauva
381681.5,2757.91202,1064,611,1.703263061,0.630594472,Gauva
237220.5,2019.530208,705,527,1.566201066,0.730905742,Gauva
166179.5,1724.060089,665,350,1.400593936,0.702558537,Gauva
91739.5,1222.070192,431,297,1.395331346,0.771922909,Gauva
147992,1571.190027,602,339,1.378979945,0.75333939,Gauva
145740,1567.734185,625,312,1.337999177,0.745150114,Gauva
24401,609.8721465,218,143,1.277570591,0.824403621,Gauva
37906,775.5533839,279,181,1.332216536,0.791943918,Gauva
174705,1815.841833,723,361,1.493964111,0.665823569,Gauva
81993.5,1168.38895,438,248,1.324787941,0.754769613,Gauva
214646,2003.807341,786,412,1.508679407,0.671770204,Gauva
258562.5,2406.535263,1025,367,1.454870679,0.561036275,Gauva
123663,1469.023507,576,295,1.374056913,0.720098907,Gauva
147059,1655.87632,617,346,1.451675858,0.67397794,Gauva
175306.5,1829.599193,703,366,1.467703708,0.658106171,Gauva
181057,1930.63577,761,385,1.618192061,0.610414002,Gauva
404405,2831.041969,1002,602,1.491583932,0.634064977,Gauva
271396,2173.464197,836,444,1.367684122,0.721952003,Gauva
90934,1372.312832,531,246,1.436492401,0.606778118,Gauva
477953,2935.478474,1175,544,1.337369992,0.697007187,Gauva
107848.5,1267.751428,419,348,1.352007677,0.843248848,Gauva
288606,2209.713977,850,488,1.437253557,0.742750742,Gauva
423705.5,2952.064265,1202,494,1.401416786,0.610973467,Gauva
529705.5,3158.691678,1252,571,1.349602751,0.667159806,Gauva
423593,3014.311083,1098,743,1.925938342,0.58584469,Gauva
481593,2786.840952,1058,629,1.381834869,0.779229996,Gauva
519073.5,3102.657189,1201,637,1.473851006,0.677596471,Gauva
436887,2999.031861,1081,749,1.853268694,0.610403235,Gauva
353465,2441.395215,943,528,1.408637347,0.745212451,Gauva
478272,2743.929267,852,801,1.426911883,0.798250127,Gauva
484280,3146.438936,1255,600,1.554885603,0.614706467,Gauva
325580.5,2531.093697,965,545,1.615345514,0.63863366,Gauva
88566,1172.999123,423,283,1.351636068,0.8088752,Gauva
313450,2463.762745,919,540,1.583219014,0.648903879,Gauva
288946,2318.400268,908,478,1.502093817,0.675537892,Gauva
118741.5,1450.403233,514,342,1.480425967,0.70930803,Gauva
475703.5,2753.225731,879,795,1.468992765,0.78861053,Gauva
293242,2086.351501,730,510,1.269599853,0.846566502,Gauva
384462.5,2737.093705,1127,497,1.456888513,0.64488833,Gauva
257862,2219.856113,796,475,1.46628817,0.657578432,Gauva
106601.5,1397.658065,489,372,1.706430022,0.685758675,Gauva
389240,2686.140381,1017,506,1.322068647,0.677906685,Gauva
515540.5,2928.53944,1020,729,1.442330913,0.755388725,Gauva
422307.5,2680.716064,929,681,1.498076638,0.738477087,Gauva
175424.5,1778.486492,683,352,1.370481318,0.696945743,Gauva
212393.5,1923.682451,744,405,1.418687483,0.721247498,Gauva
109163,1275.626541,426,324,1.264384453,0.843020689,Gauva
64413,964.8326043,300,282,1.313399469,0.869519745,Gauva
251677,2080.174869,784,454,1.414257163,0.730892831,Gauva
91429.5,1236.437722,451,288,1.420635572,0.751539334,Gauva
261029,2283.263183,929,421,1.498335434,0.629197047,Gauva
337247.5,3039.063389,1098,788,2.565546075,0.458858822,Gauva
112321,1721.003298,609,469,2.542899369,0.476548844,Gauva
189444,1941.94948,735,370,1.435516564,0.631269583,Gauva
79103.5,1209.325024,471,240,1.429013887,0.679703466,Gauva
53859.5,1050.354462,358,276,1.834551008,0.613480004,Gauva
31842.5,861.3595136,257,277,2.235659889,0.53932197,Gauva
127967,1661.782958,562,421,1.848929802,0.582316708,Gauva
266464.5,2295.069314,840,529,1.66761426,0.635707901,Gauva
169626.5,3026.245061,715,463,1.951611334,0.232753048,Gauva
78791.5,1719.883459,478,308,1.868526427,0.334727345,Gauva
696976,3774.810646,1401,746,1.499543743,0.614663388,Gauva
189049,2281.419601,738,556,2.170484901,0.456429716,Gauva
374489.5,2733.828762,1061,546,1.546921876,0.629661142,Gauva
147233,1578.729133,627,334,1.422357759,0.742334729,Gauva
427340,2947.041964,1171,547,1.498893153,0.618316406,Gauva
147156.5,1726.143345,698,325,1.541556098,0.620634048,Gauva
215574.5,2220.216501,911,393,1.660785483,0.549561878,Gauva
234614.5,2302.515055,817,604,2.10331416,0.556108786,Gauva
440194,2657.75264,927,677,1.425687311,0.78311378,Gauva
358138,2561.30185,781,767,1.672615025,0.686023103,Gauva
407340,2635.835903,909,693,1.54646487,0.736767032,Gauva
256922,2445.125225,884,603,2.07476199,0.540018883,Gauva
29374.5,800.0214199,316,170,1.828797086,0.576736074,Gauva
119463,1734.518019,645,414,2.235252756,0.498982884,Gauva
307083,2847.277462,1083,419,1.477701468,0.475999019,Gauva
52606,1096.832601,457,171,1.48551496,0.549495884,Gauva
133989.5,1847.706835,750,374,2.093447621,0.49319027,Gauva
417211.5,2758.372923,1095,537,1.409393078,0.689064971,Gauva
108405,1394.337213,560,272,1.405101241,0.700686163,Gauva
217296,2432.522189,655,854,2.574230543,0.461474784,Gauva
345568.5,2537.083592,777,783,1.760551092,0.674643684,Gauva
110642,1437.391039,518,345,1.615209414,0.67294569,Gauva
80923,1289.366657,513,251,1.591179269,0.611686602,Gauva
155692.5,1597.8002,548,423,1.488857845,0.766359621,Gauva
113729.5,1370.177838,477,357,1.497316,0.761253174,Gauva
315404.5,2295.176963,866,544,1.493650217,0.752394127,Gauva
192669,1952.17487,591,586,1.797518023,0.635307923,Gauva
84471,1285.307778,372,408,1.796782328,0.642544526,Gauva
270401.5,2037.28043,725,486,1.303062298,0.818685943,Gauva
72555,1089.910811,360,311,1.543105231,0.767529877,Gauva
92273.5,1281.432671,380,415,1.709049727,0.706147252,Gauva
241269,2369.419598,626,801,2.078286062,0.540041874,Gauva
96825.5,1493.373796,384,516,2.046403065,0.545585173,Gauva
38042,860.4894561,265,266,1.852952,0.645627617,Gauva
377923,2885.904881,1170,538,1.66557738,0.570228818,Gauva
326619,2624.802287,1099,426,1.433394873,0.595741861,Gauva
173236,2048.861162,796,428,1.966612021,0.518588583,Gauva
67648,1256.974737,513,215,1.630425142,0.538036485,Gauva
111618.5,1469.207274,491,323,1.420848694,0.649800298,Gauva
110180.5,1542.452002,506,421,1.933427421,0.581957521,Gauva
138719.5,1700.996157,585,350,1.47600013,0.602477335,Gauva
146308.5,1895.422565,423,710,2.052717375,0.511761168,Gauva
140187.5,1736.108856,518,497,1.836440481,0.584474072,Gauva
31543.5,794.22243,233,244,1.802336456,0.628398946,Gauva
315568,2226.365775,819,549,1.424830781,0.800036474,Gauva
100629,1334.361604,491,313,1.527223763,0.710208634,Gauva
107774,1594.479352,285,640,1.692430456,0.532704134,Gauva
178132.5,1770.770764,680,377,1.439153439,0.713885138,Gauva
69989,1193.910811,421,304,1.828630213,0.617015228,Gauva
59495,1154.454965,398,244,1.632271619,0.560965744,Gauva
221481,1976.057121,622,559,1.569877326,0.712766617,Henna
107358,1380.645875,427,396,1.575029341,0.707749672,Henna
195245.5,2095.388076,867,400,1.776225316,0.558807158,Henna
322573.5,2730.171908,718,768,1.709452264,0.543824242,Henna
526316.5,3296.519237,1318,688,1.722887274,0.60861916,Henna
285126,2603.787132,910,500,1.595785723,0.528488733,Henna
406393.5,3223.64203,1064,607,1.589218331,0.491431508,Henna
473626.5,3081.735403,1241,594,1.556403622,0.62669346,Henna
289949,3425.992314,882,562,1.709555818,0.310426444,Henna
151459.5,2321.922127,655,400,1.729835369,0.353029569,Henna
205306.5,2061.696731,745,446,1.618409549,0.606964092,Henna
271164,2456.189158,979,489,1.765466655,0.564830677,Henna
110452,1499.131154,560,343,1.739035961,0.617595594,Henna
163987,1786.209363,731,352,1.56909999,0.645884053,Henna
184808,1907.405326,781,376,1.588978832,0.638329109,Henna
292609.5,2438.113034,967,537,1.774648465,0.618572507,Henna
178056.5,1877.04493,745,417,1.744755176,0.635065266,Henna
112766.5,1579.124013,275,634,1.546115203,0.568273612,Henna
305538.5,2567.402354,872,688,1.96353651,0.582489278,Henna
173203.5,1919.647959,666,502,1.930284319,0.590640665,Henna
179375,1966.17487,685,510,1.947595819,0.583079129,Henna
566334.5,3273.715194,1020,914,1.646164943,0.66405048,Henna
570145,3305.815689,1019,920,1.644283472,0.65559844,Henna
403308.5,2799.132364,1047,649,1.684821917,0.646845212,Henna
277689.5,2300.29976,587,638,1.348650201,0.659478216,Hibiscus
328676.5,2689.270324,529,1035,1.665817301,0.571096632,Hibiscus
481059.5,3521.319094,1431,557,1.656898991,0.487526129,Hibiscus
486935.5,3542.975948,1437,562,1.658523562,0.487466633,Hibiscus
488275,3548.390163,1437,567,1.668688751,0.487317065,Hibiscus
483067.5,3535.520103,1430,564,1.669580338,0.485636211,Hibiscus
488084,3572.248025,1443,567,1.676311864,0.480641455,Hibiscus
92196.5,1167.526034,341,371,1.372188749,0.849945642,Hibiscus
47017,826.8914768,237,268,1.350915626,0.864107447,Hibiscus
103315.5,1251.810305,386,372,1.389839859,0.828511043,Hibiscus
92663.5,1203.46716,387,350,1.461740599,0.803988944,Hibiscus
88475.5,1149.526034,297,402,1.349458325,0.841385972,Hibiscus
75217,1057.342269,274,371,1.351476395,0.845463151,Hibiscus
52192,875.2934985,219,303,1.271401747,0.856064323,Hibiscus
249731.5,1991.197167,484,673,1.304328849,0.791506815,Hibiscus
227616.5,1891.942336,462,642,1.303086551,0.799093898,Hibiscus
269965.5,2133.932231,594,643,1.414780778,0.745001051,Hibiscus
206118,1857.380935,526,556,1.418876566,0.750799227,Hibiscus
302897,2281.77285,590,687,1.338177664,0.731071779,Hibiscus
154345.5,1547.089526,413,506,1.353962377,0.810350574,Hibiscus
135527.5,1441.834694,387,475,1.356366789,0.819230945,Hibiscus
165773.5,1635.942339,470,503,1.426102483,0.778375193,Hibiscus
148237,1545.616435,451,469,1.426897468,0.779763724,Hibiscus
211119.5,2142.098748,712,523,1.763816227,0.578174906,Hibiscus
210981.5,2135.613465,710,523,1.760012134,0.581311532,Hibiscus
624906.5,3217.936406,1051,836,1.406027942,0.758350525,Honge
381307,2509.395215,840,645,1.420902318,0.760933161,Honge
279962,2154.660153,735,548,1.438695251,0.757794399,Honge
279962,2154.660153,735,548,1.438695251,0.757794399,Honge
918309.5,3853.347656,1244,1032,1.398012326,0.777181679,Honge
104060,1255.994071,364,406,1.420180665,0.828931239,Honge
88106,1151.567666,336,373,1.42246839,0.834903775,Honge
160047,1591.841832,514,444,1.425931133,0.793702184,Honge
145820.5,1514.628628,493,426,1.440250171,0.798759662,Honge
131135.5,1438.545368,470,400,1.433631625,0.79631155,Honge
491196.5,2751.936406,997,697,1.4147271,0.815057673,Honge
528427,2851.576013,1033,724,1.415317537,0.8166293,Honge
385593.5,2458.28966,752,693,1.351516558,0.801813676,Honge
603327,3076.345567,930,874,1.347229612,0.801110435,Honge
588878,3032.546577,917,863,1.343862396,0.804674491,Honge
588878,3032.546577,917,863,1.343862396,0.804674491,Honge
268677,1992.566789,706,541,1.42158056,0.85038302,Honge
556637,2928.144562,982,820,1.446616017,0.815824807,Honge
433730,2596.296806,879,720,1.459156618,0.80857563,Honge
433730,2596.296806,879,720,1.459156618,0.80857563,Honge
377928.5,2485.152574,743,744,1.462689371,0.768977077,Honge
712036.5,3239.465402,1075,914,1.379915215,0.852639462,Honge
202270,1730.978913,591,476,1.390794483,0.848316245,Honge
264574,2157.63072,788,507,1.510035,0.714171958,Honge
248589.5,2089.790096,759,494,1.508293794,0.715298496,Honge
233697.5,2025.848973,734,480,1.50758994,0.715566169,Honge
249283.5,2047.412463,742,518,1.541842922,0.747296094,Honge
507310.5,2929.215628,1060,742,1.550372011,0.742986684,Honge
502854,2918.771977,1060,740,1.559896113,0.741739551,Honge
523868.5,2983.642031,1082,758,1.565576094,0.739500916,Honge
619135,3246.962879,1180,822,1.566637325,0.737973169,Honge
352935,2372.272412,730,744,1.53886693,0.788089382,Honge
348386.5,2354.8582,725,740,1.539956342,0.789480959,Honge
522742.5,3189.347654,1182,713,1.612201036,0.645793918,Insulin
527049.5,3205.690803,1186,715,1.60893806,0.644492707,Insulin
326715.5,2543.308995,940,569,1.637081804,0.63471878,Insulin
381761.5,2864.446076,1138,587,1.749799286,0.584683301,Insulin
266650,2472.639943,947,503,1.786390399,0.548062,Insulin
498061,3208.20343,1166,745,1.744103634,0.608091038,Insulin
407132.5,2775.451123,1004,637,1.57085961,0.664168798,Insulin
217263.5,2014.559649,735,467,1.579855797,0.672723151,Insulin
197636,2265.179924,947,334,1.600406808,0.484028029,Insulin
581530.5,3253.07349,1276,673,1.476703286,0.690549178,Insulin
340443,2599.81152,875,709,1.822258058,0.632951663,Insulin
483365.5,3011.083593,1115,671,1.547824576,0.669946139,Insulin
225458.5,2042.535262,772,447,1.530587669,0.679105663,Insulin
317932,2754.424651,1156,442,1.607110955,0.526601768,Insulin
43972,855.6610311,314,213,1.521013372,0.754714295,Insulin
472701.5,3144.955738,1136,622,1.494795341,0.600575718,Insulin
604616.5,3350.519226,1282,704,1.492728035,0.676808229,Insulin
668010,3383.982214,1276,788,1.505199024,0.733055209,Insulin
329235,2350.071401,887,551,1.484462466,0.749124061,Insulin
262674,2062.625662,726,541,1.495260285,0.775864924,Jackfruit
693505.5,3247.499898,1171,801,1.352506938,0.826345148,Jackfruit
247333,2000.660156,746,464,1.399505929,0.776506835,Jackfruit
510475.5,2991.534386,1064,684,1.425682525,0.716797973,Jackfruit
333769,2288.566788,842,555,1.400100069,0.800808509,Jackfruit
205234.5,1918.902796,710,424,1.466809917,0.700413133,Jackfruit
217529,1906.743414,612,567,1.595207995,0.751869586,Jackfruit
187997.5,1685.398182,490,526,1.370975678,0.831681222,Jackfruit
743467.5,3354.234957,1199,856,1.380482671,0.830395317,Jackfruit
657018.5,3189.80855,1125,841,1.440027944,0.81144339,Jackfruit
545261,4144.727376,1083,826,1.640605141,0.398861723,Jackfruit
289442,2459.370828,835,595,1.716492423,0.601344551,Jackfruit
688868.5,3465.146646,1234,868,1.55488602,0.720946359,Jackfruit
338449.5,2734.358636,450,1088,1.446596907,0.568843486,Jackfruit
337187,2639.703871,777,791,1.822748208,0.608093369,Jackfruit
281095,2132.19926,797,502,1.423340863,0.776975649,Jackfruit
340832,2563.395216,572,940,1.577551404,0.651807102,Jackfruit
848842,3735.521316,1293,973,1.482123882,0.764423951,Jackfruit
242924.5,2348.13324,397,926,1.513317924,0.553650516,Jackfruit
334821,2917.797234,1180,506,1.783281216,0.494210919,Jackfruit
593851.5,3595.936406,1341,683,1.54230982,0.577116799,Jackfruit
606230,3616.262308,1352,700,1.561123666,0.582542263,Jackfruit
616716.5,3571.254292,878,1155,1.64433739,0.60765053,Jackfruit
691711,3831.791309,1387,772,1.547993309,0.592012464,Jackfruit
190615.5,1825.020546,591,506,1.568844087,0.719171653,Jackfruit
433183,2856.806464,791,915,1.670806564,0.66699047,Jackfruit
558737,3313.943547,853,1118,1.706803022,0.639332944,Jackfruit
779968.5,3512.082718,993,1178,1.499745182,0.794616275,Jackfruit
345060,2576.698822,698,835,1.689068568,0.653096211,Jackfruit
554891.5,3582.769011,1314,870,2.060186541,0.543225712,jamun
509820.5,3756.411585,1549,624,1.895914346,0.454026097,jamun
703025.5,3885.160925,1543,820,1.799735571,0.585278967,jamun
519424,3699.399392,1468,586,1.65615759,0.476946246,jamun
355720,2905.596229,1148,534,1.723355448,0.529477636,jamun
289643,2955.821622,1244,453,1.945608905,0.416597307,jamun
707713.5,3749.406535,1415,803,1.605515509,0.632619071,jamun
335405,2537.953655,621,910,1.684858604,0.654352885,jamun
692316,3675.090737,1422,698,1.433674796,0.644136784,jamun
771384.5,3892.578103,1377,897,1.601236478,0.639743823,jamun
655452,3241.517147,1055,861,1.385845188,0.78388817,jamun
686523,3337.517142,1093,827,1.316650717,0.7744938,jamun
829511.5,3999.063385,1564,769,1.449908772,0.651802017,jamun
1021108.5,6269.845462,1396,1021,1.395851665,0.326413477,jamun
610447.5,3321.499899,1246,729,1.487980539,0.695327965,jamun
758693,3947.531422,1470,822,1.592660009,0.611821522,jamun
619417.5,3740.779117,1505,694,1.686213257,0.556248951,jamun
662536.5,3656.082723,1010,1125,1.714999853,0.622855991,jamun
839864.5,3839.514174,1395,891,1.479935156,0.715923368,jamun
337002.5,2622.657189,905,610,1.638118412,0.615686927,jamun
441940.5,3068.563822,1215,610,1.67703571,0.589798068,jamun
862517.5,3930.62687,1424,916,1.512298591,0.701542752,jamun
328381.5,2578.348531,983,528,1.580551889,0.620733665,jamun
452497,2764.899827,907,701,1.405107658,0.74381814,jamun
493463,3092.546578,954,759,1.467356215,0.648383508,jamun
621559,3257.281648,1073,826,1.425927386,0.736175904,jamun
544412,3059.43388,1107,714,1.451837946,0.730895705,jamun
312181.5,2620.456181,1007,582,1.877350195,0.571298683,jamun
650776.5,3299.298885,1077,849,1.405049199,0.75127408,jamun
106300,1816.562612,776,255,1.861523989,0.404801754,jamun
406827.5,2866.515056,1035,588,1.495916574,0.62217379,jamun
577845,3123.37501,1061,801,1.470742154,0.744342748,jamun
615910,3239.517139,984,933,1.490594405,0.737507694,jamun
520645.5,3255.499897,1176,710,1.603701559,0.617328903,jamun
453833,3199.413674,1104,771,1.875544528,0.55714103,jamun
656606,3309.967942,1101,796,1.334736509,0.753125124,jamun
468019,2894.286694,1025,723,1.583429305,0.702085902,jamun
499454.5,3024.372917,1095,654,1.433824302,0.686175352,jamun
685718,4017.084812,1399,867,1.768851044,0.533990354,jamun
671734,3475.105018,1239,846,1.56043017,0.698990588,jamun
645093.5,3597.229903,1247,839,1.621831564,0.62646403,jamun
501155.5,3349.004511,1055,946,1.991457741,0.561501473,jamun
333461.5,2640.147521,829,689,1.712884396,0.601172595,jamun
335513.5,2713.402356,1058,538,1.696515938,0.572652905,jamun
467146,3270.654222,1168,746,1.865215586,0.548773629,jamun
545474,3336.678611,973,913,1.628581747,0.615680167,jamun
422092.5,2943.107979,1042,680,1.678684175,0.612357593,jamun
400994.5,2905.568881,900,770,1.728203255,0.596878491,jamun
409417,2906.355679,1089,640,1.702323059,0.609085431,jamun
550717.5,3486.06844,1113,931,1.881550886,0.56946485,jamun
432092.5,3157.901916,944,787,1.719372588,0.544489261,jamun
530909,3420.22782,1406,617,1.633993773,0.57032168,jamun
389683.5,2825.96079,1027,654,1.723598767,0.613182311,jamun
559021,3355.03186,1272,712,1.620089406,0.624086358,jamun
355685.5,2934.397302,1044,574,1.684791761,0.519084661,jamun
610348,3511.163891,1025,969,1.627309338,0.622135791,jamun
508015,3554.35985,1025,737,1.487013179,0.505316653,jamun
553698,3690.688715,1503,591,1.604255388,0.510820109,jamun
564081,3543.271539,1331,790,1.864076259,0.564602067,jamun
538727,3235.576014,1000,857,1.59078717,0.646659097,jamun
582106,3589.105011,1379,743,1.760155367,0.567857818,jamun
596959,3502.522194,1274,730,1.557929439,0.61149453,jamun
545253,3294.87962,1256,716,1.649318757,0.631144532,jamun
459971.5,3382.612597,1353,620,1.823721687,0.505168502,jamun
543222.5,3603.867432,1192,946,2.075819761,0.525593517,jamun
331148,2585.846007,956,565,1.631113581,0.622338522,jamun
510444.5,3333.759784,1226,680,1.633243183,0.577151444,jamun
527495,3302.179049,1181,697,1.560501995,0.607892767,jamun
463879,2875.787134,877,806,1.523806855,0.70485714,jamun
549710.5,3330.446074,1083,825,1.625355528,0.622786349,jamun
720975,3863.982212,1308,913,1.656373661,0.606819926,jamun
769294.5,3975.396433,1478,811,1.558126309,0.611704399,jamun
855229,3917.517144,1517,762,1.351630967,0.700277982,jamun
710006.5,3740.754732,1528,690,1.484944152,0.637607946,jamun
890149.5,4016.744624,1549,832,1.447810733,0.693305067,jamun
505705.5,3262.612599,1291,635,1.621071948,0.597003013,jamun
348536.5,2754.005385,1053,544,1.643535182,0.577468846,jamun
313826.5,2893.995282,1127,548,1.96795363,0.470873056,jamun
501008,3044.605458,1121,676,1.512542714,0.679191874,jamun
51764.5,1752.795148,539,203,2.113745907,0.211728618,jamun
254297.5,3396.21057,1189,427,1.996492297,0.277052923,jamun
321739,3080.767799,1336,385,1.598687135,0.425986307,jamun
734722.5,3403.073495,1205,814,1.335021045,0.797242692,jamun
511652,3180.286693,1123,740,1.624189879,0.635699685,jamun
497458,3228.512095,1280,604,1.554141254,0.599737836,jamun
953004,4058.08986,1412,983,1.456442995,0.727212388,jamun
753375.5,3870.484741,1402,896,1.667418173,0.631961524,jamun
574796,3326.997372,1280,723,1.610032081,0.65255735,jamun
713010,3641.933444,1387,814,1.583453248,0.675525076,jamun
838382,4037.909055,1527,821,1.495341026,0.646158026,jamun
841246,4006.668507,1489,866,1.532814421,0.658515575,jamun
863392.5,3957.146646,1385,888,1.424473805,0.692873332,jamun
604846,3389.232869,1298,691,1.482886553,0.661685866,jamun
402452.5,2821.686631,1054,573,1.500654114,0.635194798,jamun
967047,4752.412796,1262,1031,1.345458907,0.538058049,jamun
641997.5,3380.837991,1049,818,1.336581529,0.705820846,jamun
844036.5,4025.593261,1489,826,1.457181058,0.654502496,jamun
614001.5,3552.293828,1386,729,1.645588814,0.611450822,jamun
787575,4063.496931,1534,807,1.571835063,0.599379539,jamun
678019.5,3649.573047,1225,803,1.450806356,0.639687593,jamun
689256.5,3783.583159,1495,719,1.559513766,0.605040111,jamun
297839.5,2595.44695,1065,416,1.48751257,0.555607175,jamun
900116.5,3968.332501,1445,888,1.425548804,0.718277858,jamun
873704,5112.118431,1432,935,1.532464084,0.42011905,jamun
238594.5,2640.96167,1153,358,1.730023115,0.429878868,jamun
579295,3650.14456,1465,687,1.737379056,0.546373359,jamun
1032910,4133.756819,1542,907,1.354032781,0.7595957,jamun
961071,4127.37918,1600,859,1.430071243,0.708951619,jamun
971341,4174.325361,1561,922,1.481706219,0.700501374,jamun
934178.5,4151.881711,1510,915,1.478999998,0.681004197,jamun
490215.5,3072.681575,1083,682,1.506696545,0.652471867,jamun
407289.5,3086.539439,1220,549,1.644481382,0.537241331,jamun
361753,2997.61051,1154,561,1.789602298,0.505908062,jamun
524196.5,3140.009565,1190,681,1.545966064,0.668100872,jamun
719128,3816.820745,1442,743,1.489868285,0.62031536,jamun
731009,3925.320308,1526,797,1.663757902,0.59618684,jamun
603100,3339.433881,1244,717,1.478938816,0.679600194,jamun
574063.5,3717.215627,1507,636,1.669592301,0.522076674,jamun
426174,3220.889724,908,664,1.414708546,0.516232216,Jasmine
716477,4243.639062,1167,863,1.405657125,0.499959979,Jasmine
473579,4591.878738,1001,725,1.53242648,0.282241895,Jasmine
177457.5,2833.225726,649,434,1.587230745,0.277806159,Jasmine
307819.5,2710.799325,676,667,1.464793491,0.526394393,Jasmine
561440,2990.051196,1137,726,1.470258621,0.789143468,Jasmine
229539.5,1919.613473,739,457,1.471306681,0.782779992,Jasmine
241782,1921.596225,651,552,1.486264486,0.822828936,Jasmine
458004.5,2633.676532,890,741,1.43992035,0.829764292,Jasmine
1372,252.3086563,106,33,2.549562682,0.270831811,Jasmine
445267,3119.350619,1117,614,1.540284818,0.575045207,Jasmine
142233.5,1685.457054,662,341,1.587122584,0.62918213,Jasmine
129720,1890.743413,647,391,1.950177305,0.455986108,Jasmine
277926,3029.766925,959,579,1.997873535,0.38047016,Jasmine
238252.5,2020.96167,691,534,1.548751849,0.733045913,kamakasturi
202587,1852.20936,635,486,1.523345526,0.742063872,kamakasturi
214068.5,2409.197172,987,356,1.641399832,0.463466065,kamakasturi
102909,1283.165643,474,308,1.41865143,0.785412441,kamakasturi
245492.5,2025.24594,713,515,1.495748343,0.752129378,kamakasturi
225030,1904.434757,632,512,1.437959383,0.779683038,kamakasturi
134513.5,1985.28043,830,283,1.746218781,0.428876267,kamakasturi
174467,2164.920038,867,406,2.017584987,0.467777617,kamakasturi
150176.5,2067.36369,852,299,1.696323992,0.441548154,kamakasturi
89779,1332.361603,533,291,1.727608906,0.635536372,kamakasturi
102835.5,1447.515931,547,325,1.72873181,0.616745833,kamakasturi
106307.5,1723.373796,278,706,1.8462291,0.449795181,kamakasturi
245850,2014.105893,762,511,1.583819402,0.761579905,kamakasturi
260294.5,2125.69673,739,554,1.572856899,0.723889449,kamakasturi
246416.5,2099.505824,726,522,1.537932728,0.70249863,kamakasturi
99540,1235.817449,375,404,1.522001206,0.819028199,kamakasturi
103775,1332.930142,388,407,1.521715249,0.733986088,kamakasturi
48828,1149.25901,464,207,1.967068076,0.464561232,kamakasturi
163207.5,1746.878407,524,519,1.666320482,0.67208565,kamakasturi
165801.5,2241.731223,909,430,2.357457562,0.414601852,kamakasturi
112160,2182.229571,1004,178,1.593366619,0.295969522,kamakasturi
209692,1930.223647,556,617,1.63598039,0.70725571,kamakasturi
252245,2042.164766,583,679,1.569335368,0.760065242,kamakasturi
104275.5,1739.030649,688,340,2.243288212,0.433289009,kamakasturi
227147.5,2149.388074,697,588,1.804272554,0.617857262,kamakasturi
76464,1410.562611,523,307,2.099824754,0.482927727,kamakasturi
70886,1067.650929,325,352,1.613858872,0.781469028,kamakasturi
257708,2291.135332,883,506,1.733737408,0.616930553,kamakasturi
224035.5,2206.24089,801,517,1.848443662,0.578390093,kamakasturi
79090.5,1537.526034,197,638,1.589141553,0.420425674,kamakasturi
294125.5,2540.005388,1049,460,1.640592196,0.572892671,kamakasturi
304626.5,2546.892693,1056,466,1.615407721,0.590141627,kamakasturi
119640,1937.925089,318,793,2.10777332,0.400324618,kamakasturi
108943.5,1468.579858,445,401,1.637959126,0.634769503,kamakasturi
237003,2045.076453,588,652,1.617599777,0.712105944,kamakasturi
192122,1859.086557,628,519,1.696484525,0.69853431,kamakasturi
274531,2393.37083,777,561,1.5877879,0.602256185,kamakasturi
349767.5,2861.804379,573,787,1.289287884,0.536672608,Kambajala
344371,2811.4196,568,778,1.283220713,0.54750123,Kambajala
391853,3047.125226,718,909,1.665578674,0.530337619,Kambajala
392189.5,3049.024719,718,908,1.662318854,0.530131897,Kambajala
373212,3057.017582,811,803,1.744941213,0.501844987,Kambajala
475181,3213.600403,679,934,1.334619861,0.578209449,Kambajala
537157,3439.482649,713,1020,1.353905841,0.570590922,Kambajala
463690,3441.458266,700,1036,1.563975932,0.491985813,Kasambruga
460057.5,3349.818657,699,1031,1.56647593,0.515204189,Kasambruga
483987,3862.962876,759,1019,1.598020195,0.407570265,Kasambruga
481228.5,3894.092824,756,1015,1.594543964,0.39879399,Kasambruga
538719,3695.046139,740,1154,1.585167778,0.495829572,Kasambruga
352984.5,3026.716064,628,877,1.560283808,0.484197046,Kasambruga
580582.5,3703.181137,828,1088,1.551655449,0.53201502,Kasambruga
131471.5,2869.059205,473,556,2.00034228,0.200706973,Kasambruga
406724.5,3329.191238,716,919,1.617812549,0.461139912,Kasambruga
244712,2524.424649,550,716,1.609238615,0.482547763,Kasambruga
422584,3269.51714,633,1033,1.547358632,0.496770361,Kasambruga
178239.5,2055.731221,412,657,1.518653273,0.530006451,Kasambruga
469717.5,5621.900165,826,1048,1.842911963,0.186758487,Kasambruga
227202,2744.497812,525,721,1.666028468,0.379049769,Kasambruga
390539,4168.477595,764,1001,1.958226963,0.282435531,Kasambruga
219586,2642.684535,562,737,1.886249579,0.395115317,Kasambruga
380508.5,4137.337547,653,917,1.573686265,0.279339478,Kasambruga
528392,4260.266479,775,1090,1.598718376,0.365841162,Kasambruga
558693,3390.782076,1245,669,1.490809801,0.61063731,kepala
241014,2345.97386,852,435,1.537752994,0.550307963,kepala
433471,2713.586118,977,629,1.417702684,0.739746117,kepala
1224242.5,4519.979246,1514,1094,1.352931302,0.7530164,kepala
625682,3128.830852,1109,766,1.357708868,0.803154976,kepala
452857,3108.605455,1296,560,1.602625111,0.588897539,kepala
670445.5,4244.391368,1172,785,1.372251734,0.467673217,kepala
428309.5,3045.676519,953,617,1.372841368,0.580229788,kepala
542574,3202.522187,1188,637,1.394751684,0.664790108,kepala
933186,4803.535595,1319,974,1.376688034,0.508225033,kepala
554382,3640.619731,1044,737,1.387902205,0.525615723,kepala
906193.5,3780.249237,1132,1134,1.416571626,0.796874515,kepala
566887,3048.997369,874,934,1.439997742,0.76628842,kepala
1107706,4074.242097,1294,1143,1.335229745,0.838572678,kepala
666064,3202.321183,984,910,1.344375315,0.816198982,kepala
800671.5,3536.911144,1122,1051,1.472791276,0.804296049,kepala
502129,2862.629841,878,864,1.510751221,0.770007189,kepala
750576.5,3401.357759,1049,954,1.333303134,0.81526763,kepala
385983.5,2545.377968,739,704,1.347871088,0.748641749,kepala
425445,2643.787128,952,614,1.373921423,0.764892355,kepala
338138,2867.468371,885,694,1.816388575,0.51678104,Kohlrabi
336469.5,2869.912023,882,693,1.816586645,0.513355713,Kohlrabi
288903,2730.840952,879,618,1.880292001,0.486820773,Kohlrabi
262602.5,2375.578977,783,611,1.821814339,0.584749385,Kohlrabi
229748.5,2212.039875,732,571,1.819258885,0.590033467,Kohlrabi
320901,2623.076455,845,677,1.782683756,0.586082881,Kohlrabi
226377.5,2197.73122,705,568,1.768903712,0.588971077,Kohlrabi
219160,2178.660153,694,560,1.773316299,0.580219306,Kohlrabi
180067,1941.380934,627,507,1.765392882,0.600374824,Kohlrabi
293381.5,2561.118083,861,610,1.790194678,0.562060912,Kohlrabi
289278,4199.379175,866,653,1.954860031,0.206136591,Kohlrabi
394724,5662.87786,1034,776,2.032772266,0.154678164,Kohlrabi
340289,2509.929265,776,647,1.475428239,0.678789022,Lantana
342091,2467.728254,777,646,1.467276251,0.705922209,Lantana
539999.5,3802.141589,1108,788,1.616860756,0.469403853,Lantana
553263.5,3746.970014,1116,801,1.615714754,0.495200927,Lantana
352279,2496.792181,829,619,1.456660772,0.710120136,Lantana
355699.5,2490.064261,834,625,1.465422358,0.720894992,Lantana
390603.5,2923.42674,920,663,1.56158355,0.574330082,Lantana
408752.5,2934.941458,940,677,1.556883444,0.596309049,Lantana
237253.5,2225.294708,666,596,1.673045919,0.602070602,Lantana
250362,2226.851056,684,611,1.669278884,0.634447859,Lantana
490168,3546.394336,1055,876,1.885435198,0.489757133,Lantana
278416,2583.360723,804,656,1.894373887,0.52424458,Lantana
251805,2590.532294,946,538,2.021198944,0.471515737,Lantana
99676.5,1651.599188,607,334,2.03395986,0.459190953,Lantana
445740,3636.619731,1220,738,2.019921928,0.423541228,Lantana
243376.5,2635.603366,915,544,2.045226224,0.440279433,Lantana
341981,3007.267361,1104,615,1.985373456,0.475190512,Lantana
118481,1741.782957,664,355,1.989517307,0.490761519,Lantana
536129,3365.683664,1046,922,1.798843189,0.59474743,Lantana
262976.5,2340.466282,744,643,1.819143536,0.603284306,Lantana
260915,2391.149616,692,731,1.938761666,0.573449805,Lantana
114393.5,1567.07942,457,484,1.9335714,0.585368297,Lantana
211088.5,2275.211451,685,558,1.8107571,0.512425706,Lantana
94969,1540.101715,458,380,1.832598006,0.503144721,Lantana
335116,3424.962878,819,913,2.231307965,0.358999042,Lantana
151268.5,2560.054154,532,683,2.402059913,0.290041445,Lantana
98008,1451.793059,464,371,1.756428047,0.58433508,Lantana
302108.5,2653.000336,882,594,1.734171663,0.539384173,Lantana
146687,1854.150485,615,413,1.731544036,0.536181139,Lantana
151683.5,1813.020543,564,421,1.565391094,0.579886175,Lantana
60848,1110.454967,352,263,1.52143045,0.620089347,Lantana
474245.5,3357.274501,1051,836,1.852702872,0.528736606,Lantana
246643.5,2516.206395,768,602,1.874511187,0.489538683,Lantana
793918.5,4214.959914,1471,945,1.750929094,0.561563521,Lantana
442215.5,3421.808553,1074,761,1.848225582,0.47460511,Lantana
223949.5,2394.892688,755,543,1.830613598,0.490668124,Lantana
161112,1769.15554,699,353,1.531524654,0.646853183,lemon
203598,1972.341391,624,576,1.765361153,0.657686904,lemon
118701,1635.640819,634,328,1.751897625,0.55755583,lemon
250667,2266.483528,921,434,1.594601603,0.613199643,lemon
187411.5,1965.824587,698,399,1.486045413,0.609419822,lemon
222605.5,2007.623579,756,412,1.399210711,0.694034691,lemon
212222.5,1924.912899,748,389,1.371070457,0.719745776,lemon
346593.5,2487.779996,936,544,1.469110067,0.703730437,lemon
196910.5,2044.986055,738,465,1.742771462,0.591695188,lemon
307632,2340.507916,909,482,1.424227649,0.705701669,lemon
421140.5,2885.107983,1134,584,1.572529833,0.635788587,lemon
234529,2066.268235,761,407,1.320634122,0.690292281,lemon
273494,2218.223646,837,507,1.551620877,0.698468791,lemon
216572.5,2201.790096,879,405,1.643768253,0.5613857,lemon
253282.5,2111.731218,834,439,1.445524266,0.713736271,lemon
343457,2579.301855,1015,526,1.55445951,0.648750783,lemon
595705.5,3522.529333,1265,735,1.5607964,0.603298489,lemon
198445.5,1988.902795,700,472,1.664940752,0.63041132,lemon
346362.5,2610.549542,995,553,1.588610199,0.638670491,lemon
224635.5,2035.505828,722,486,1.562050522,0.681308103,lemon
165985,1874.150486,630,453,1.719372232,0.593840464,lemon
266146,2737.263184,1000,366,1.375185049,0.446371744,lemon
179784,2020.743414,790,424,1.863124638,0.55327183,lemon
367437.5,2912.314043,1126,530,1.624167375,0.544398516,lemon
487829.5,2848.823709,1021,701,1.467153995,0.75534746,lemon
107082.5,1372.0357,528,295,1.454579413,0.714821394,lemon
295855.5,2431.187066,843,557,1.587095727,0.62900306,lemon
263843,2425.052072,956,445,1.612398282,0.563784723,lemon
137793.5,1708.628626,654,351,1.665927638,0.593120916,lemon
141021.5,1834.854023,713,347,1.754420425,0.526371246,lemon
106491,1360.219465,536,295,1.484820313,0.723277239,lemon
160033.5,1909.103805,728,401,1.824168065,0.55177457,lemon
119813,1446.479354,532,321,1.425321125,0.719596974,lemon
174058,1913.037791,712,373,1.525790254,0.597663528,lemon
176837,1744.954528,630,419,1.492730594,0.729818342,lemon
157185,1946.351498,649,375,1.548334765,0.521408871,lemon
188785,1869.464195,703,421,1.56772519,0.678801893,lemon
180765,1820.95453,705,368,1.435233591,0.685055894,lemon
249386,2335.914986,944,446,1.688242323,0.574338418,lemon
216365.5,2077.055035,826,370,1.412517245,0.630234058,lemon
175165.5,1829.991108,708,379,1.531876996,0.657295226,lemon
144766.5,1660.025597,650,337,1.51312631,0.660158727,lemon
132897,1487.675311,547,352,1.448821268,0.754585977,lemon
230629.5,2116.927181,684,589,1.74685372,0.646714924,lemon
136670,1623.356549,623,348,1.586332041,0.651711258,lemon
221273.5,2493.377972,914,434,1.792695465,0.447263062,lemon
65526.5,1192.437719,425,294,1.906862109,0.579102481,lemon
140366,1587.415429,487,462,1.602909536,0.699987998,lemon
115115,1470.337216,575,273,1.363636364,0.669125964,lemon
148214.5,1595.775816,563,376,1.428254321,0.731403104,lemon
165682.5,1896.961672,607,547,2.004007665,0.578587959,lemon
120852,1618.576897,579,411,1.96909443,0.579691632,lemon
216234,1887.096664,700,424,1.372587105,0.763036921,lemon
178323,1929.606333,661,482,1.786656797,0.601838262,lemon
157442,1811.003299,500,622,1.975330598,0.603242567,lemon
243239.5,2260.192118,809,435,1.446783931,0.598347187,lemon
322863.5,2991.250118,1019,588,1.855805937,0.453443684,lemon
294142.5,3065.617647,1106,546,2.053004921,0.393306993,lemon
317606.5,2385.49572,907,507,1.447857648,0.701361565,lemon
87744,1407.935194,516,265,1.558397155,0.556239675,lemon
210488,2060.777905,834,384,1.521492912,0.622837606,lemon
237495,2055.724084,814,401,1.374403672,0.70621134,lemon
197712,2107.523068,710,527,1.892500202,0.559368775,lemon
155621,2289.311957,879,356,2.01080831,0.373136826,lemon
208935,1933.807341,778,379,1.411261876,0.702093015,lemon
209274.5,2036.843919,769,475,1.745434824,0.633885293,lemon
125199,1691.391039,649,325,1.684717929,0.549949325,lemon
120779.5,1564.11896,614,295,1.499675028,0.620388202,lemon
150808.5,1920.417513,541,465,1.668108893,0.513859475,lemon
491646.5,3441.146651,949,830,1.602106391,0.521742786,lemon
62146,1164.337216,359,284,1.640588292,0.576057037,lemon
323118,3444.026806,527,1069,1.743520943,0.34232449,lemon
370978.5,2634.255169,879,675,1.599351445,0.671804523,lemon
66783,1131.484405,370,303,1.678720632,0.655508977,lemon
59735.5,1057.785922,340,287,1.633534498,0.670883023,lemon
234498,2110.400266,569,607,1.472861176,0.661636325,lemon
55024.5,1011.643785,275,318,1.589292043,0.675632813,lemon
38750.5,828.7909715,224,250,1.445142643,0.708919874,lemon
129609,1420.763623,347,483,1.293127792,0.806865908,lemon
158036.5,1711.34941,332,634,1.331894847,0.678093979,lemon
52099.5,994.7564819,319,261,1.598076757,0.661621888,lemon
286273.5,2411.779989,702,685,1.679757295,0.618465726,lemon
65715,1104.312831,353,303,1.627619265,0.677158197,lemon
32174,809.0681028,180,283,1.583265991,0.617653294,lemon
379930,3354.051191,860,770,1.742952649,0.424398733,lemon
17782.5,558.3401794,193,144,1.562884859,0.716811423,lemon
131509,1584.410373,540,396,1.626048407,0.658309292,lemon
194561.5,1960.098752,689,466,1.650244267,0.636371711,lemon
27550.5,731.3351281,264,170,1.629008548,0.647301302,lemon
255463.5,2272.005386,769,562,1.691740699,0.621899215,lemon
821867.5,3898.85227,1082,1133,1.491610266,0.679419663,lemon
387812.5,2872.764833,850,699,1.532054795,0.590515791,lemon
36941,776.406198,268,213,1.545274898,0.770088299,lemon
183474.5,2124.192114,374,827,1.685781948,0.510973047,lemon
159864,1602.528125,615,364,1.400315268,0.782256569,lemon
231099,1975.228697,610,578,1.525666489,0.744343083,lemon
270000,2200.767798,783,533,1.5457,0.70052749,lemon
48718,922.7737255,324,239,1.589474116,0.718966864,lemon
202165,2098.60128,665,492,1.618381025,0.576840796,lemon
45046.5,883.9625468,319,210,1.487129966,0.724441278,lemon
145088.5,2160.819534,335,785,1.812514431,0.390486353,lemon
216082,2000.625669,602,605,1.685517535,0.678417093,lemon
31750,752.2051876,242,224,1.707338583,0.705149083,lemon
165689.5,1847.481436,571,485,1.671409474,0.610020858,lemon
46512,934.9747382,331,232,1.651014792,0.668613474,lemon
337422.5,2369.838865,667,695,1.373841401,0.754998811,lemon
74649,1150.856988,257,433,1.490723251,0.708257431,lemon
75769,1109.401143,324,321,1.372645805,0.773613788,lemon
186729,1742.895655,669,396,1.418761949,0.77246509,lemon
248928.5,1988.618527,769,442,1.365444294,0.79100918,lemon
182833,1715.297674,620,423,1.434423764,0.780882072,lemon
185448.5,1713.398182,650,390,1.366956325,0.793810036,lemon
193323,1749.782956,660,402,1.372418181,0.793459978,lemon
185937.5,1752.084472,680,376,1.375085714,0.761143898,lemon
198982,1797.581946,662,428,1.423927792,0.773831244,lemon
356796,2688.615556,874,674,1.651016267,0.620258075,lemon
486882.5,3177.642029,1156,711,1.688119824,0.605932277,lemon
71935,1206.881372,451,271,1.699047751,0.620613107,lemon
204042,2473.454091,492,960,2.314817538,0.419103925,lemon
147308.5,1787.363691,660,400,1.792157275,0.579444452,lemon
317762,3112.227815,758,663,1.58154216,0.412257974,lemon
125700,1500.469246,494,403,1.583786794,0.701602204,lemon
106926,1945.900705,244,640,1.460449283,0.35485574,lemon
549186,3211.708048,1007,872,1.598919128,0.669047884,lemon
264904.5,2175.814481,665,622,1.561430629,0.703162132,lemon
51122,1022.749342,176,416,1.43218184,0.614156825,lemon
211514.5,2300.192116,372,904,1.589905184,0.502367792,lemon
397066.5,2771.284605,845,733,1.559902434,0.649696988,lemon
532472.5,3134.563825,957,867,1.558238219,0.681008939,lemon
71850.5,1131.099631,369,304,1.561241745,0.705728957,lemon
47993,909.86204,294,247,1.51309566,0.728511932,lemon
451850.5,3039.441022,856,951,1.801604734,0.614634862,Malabar_Nut
584665.5,3677.975074,1452,734,1.822867948,0.543124968,Malabar_Nut
625902.5,3555.018791,900,1106,1.590343544,0.622347213,Malabar_Nut
644572,3630.516268,914,1125,1.595244596,0.614532033,Malabar_Nut
491949,3256.619731,1307,655,1.740190548,0.582902404,Malabar_Nut
494695.5,3287.548665,1315,655,1.741121559,0.575179559,Malabar_Nut
281697.5,2316.750554,930,485,1.601185669,0.659529621,Malabar_Nut
604209,3227.947728,921,1054,1.606619564,0.72869211,Malabar_Nut
410559,2665.423774,768,872,1.631180902,0.726194419,Malabar_Nut
444135.5,2756.470459,761,945,1.619201798,0.73454544,Malabar_Nut
158851.5,1631.790096,457,570,1.639833429,0.749674258,Malabar_Nut
332091,2705.257266,666,1015,2.035556519,0.57022969,Malabar_Nut
332531,2806.168946,665,1032,2.063807585,0.530657582,Malabar_Nut
263495,2140.684536,850,456,1.470995655,0.722564963,Malabar_Nut
109752,1380.077331,548,294,1.467964137,0.724128203,Malabar_Nut
600368.5,3525.538564,1327,827,1.827925682,0.606983412,Malabar_Nut
327484,2467.409497,667,851,1.733266358,0.675954535,Malabar_Nut
134606.5,1546.736273,426,540,1.708981364,0.707038976,Malabar_Nut
338770,2360.75769,685,762,1.54077988,0.763856858,Malabar_Nut
183385.5,1727.647959,503,560,1.535999302,0.772083648,Malabar_Nut
375238,3507.596228,1534,357,1.459441741,0.383263523,mango
385960.5,3543.402355,1538,433,1.725445998,0.386288505,mango
434682,3650.9486,1504,521,1.802660336,0.409798235,mango
403698,3597.478479,1564,394,1.526428172,0.391985546,mango
313354,3464.012525,1260,648,2.605615374,0.328160421,mango
320459.5,3331.676517,1357,430,1.820854117,0.362791714,mango
357878,3860.664332,1558,387,1.684780847,0.301731589,mango
368262,3572.840956,1485,442,1.782345178,0.362526204,mango
371234.5,3290.549543,1425,404,1.550771817,0.430845266,mango
449307,3580.806465,1454,509,1.647172201,0.440343258,mango
453396,3612.830848,1515,553,1.847821772,0.436508084,mango
338077.5,2971.319095,1178,460,1.602827754,0.481202134,mango
383526,3663.953657,1571,450,1.843290937,0.3590085,mango
428476.5,3654.303938,1521,454,1.61160297,0.403206514,mango
335451.5,3543.769884,1419,539,2.280034521,0.335666945,mango
269722.5,3075.412463,1318,326,1.593000213,0.358360637,mango
198014,2745.537351,1127,421,2.396128557,0.330104199,mango
301406,3253.645,1407,417,1.946606902,0.35778442,mango
429242.5,3606.029771,1551,435,1.571803817,0.414814533,mango
316334,3139.135332,1286,430,1.748089045,0.403399782,mango
454417.5,3409.946516,1470,426,1.378071927,0.491099823,mango
351870.5,4738.700034,1378,528,2.067760724,0.196912953,mango
409192,4120.355674,1537,422,1.585109191,0.3028779,mango
342136.5,3299.284601,1301,487,1.85185445,0.394975095,mango
364213.5,3453.946513,1355,500,1.860172673,0.383649545,mango
361319.5,3260.078543,1260,554,1.93191898,0.427213667,mango
430810.5,3323.922127,1319,520,1.592068903,0.489998175,mango
468834,4028.585243,1473,643,2.02020118,0.363014396,mango
283448,3030.743413,1241,353,1.545514521,0.387779567,mango
392842.5,3886.941459,1502,652,2.492866734,0.326747543,mango
366483,3581.894776,1449,529,2.091559499,0.358953383,mango
281003,3409.953652,1337,486,2.312366772,0.303685369,mango
275227,3094.081506,1273,388,1.794605907,0.361274576,mango
438741,3672.248029,1466,449,1.500279208,0.408840652,mango
273905,3018.674433,1182,470,2.028221464,0.377726341,mango
257996,3028.698821,1181,471,2.156045055,0.353435899,mango
515581.5,3411.735399,1400,576,1.564059222,0.556617052,mango
283594,2667.85611,1113,413,1.620869976,0.500705195,mango
306587.5,3530.137419,1342,639,2.797041628,0.309158424,mango
199156,2959.003296,1282,362,2.33025367,0.285832996,mango
460225,3546.840954,1463,567,1.802424901,0.459723433,mango
449080.5,3376.32415,1423,429,1.359370981,0.495046269,mango
319256,3000.365779,1272,388,1.545894204,0.445656787,mango
444892.5,3421.887639,1223,567,1.558670915,0.477456114,mango
349948.5,3282.799325,1330,394,1.497420335,0.408061225,mango
452344,3722.168946,1313,673,1.953488938,0.410285846,mango
373827,3621.718149,1335,597,2.131988861,0.358138682,mango
477233.5,4108.602486,1568,648,2.129070989,0.355265092,mango
334108.5,3191.897742,1333,394,1.571950429,0.412096997,mango
349010,3011.003298,1278,382,1.398802327,0.483754783,mango
367172,3043.110945,1259,455,1.560154369,0.49824603,mango
401103.5,3564.421687,1447,480,1.731622885,0.396723714,mango
475838.5,3998.338428,1501,595,1.876886801,0.374033361,mango
257710.5,2935.235835,1206,413,1.932703557,0.375885849,mango
281641,2664.566792,1117,412,1.634009253,0.498485488,mango
305857,3321.502859,1239,384,1.55555047,0.348384663,mango
349813.5,3431.250116,1438,400,1.644304751,0.37337194,mango
180852.5,3451.950685,1158,758,4.853480046,0.190723942,mango
285501,3321.291743,1350,394,1.86304076,0.325239621,mango
361985,3353.904884,1332,551,2.027520477,0.404388647,mango
158605,2517.71398,1047,353,2.330260711,0.314422746,mango
183010.5,2318.770762,984,288,1.548501315,0.427730521,mango
344141.5,3120.80943,1335,401,1.555566533,0.444030101,mango
394023.5,3486.123137,1413,385,1.380641002,0.407423938,mango
259098,2880.650049,1206,352,1.638422527,0.392367404,mango
283292,2804.116,1227,373,1.615545091,0.4527435,mango
489587,3695.433879,1545,561,1.770359507,0.4505146,mango
332368,3310.365777,1426,371,1.591747701,0.38113348,mango
335843.5,3922.813604,1432,532,2.26838989,0.27425305,mango
290265.5,2981.814481,1300,356,1.594402366,0.410245707,mango
414266.5,3385.441019,1337,696,2.24626418,0.454212598,mango
469229,3765.6004,1545,553,1.820827357,0.415839985,mango
230183,2871.87039,1169,518,2.630698184,0.350714271,mango
280968,2947.287571,1297,362,1.671058626,0.406463637,mango
223293.5,2627.637855,1116,356,1.779254658,0.406401147,mango
141660.5,2323.187066,969,361,2.469347489,0.329830089,mango
145671,2162.209365,884,340,2.063279582,0.391550225,mango
211182.5,2488.064261,1016,482,2.318904265,0.428691236,mango
118725.5,2003.741324,840,295,2.087167458,0.371595599,mango
140217.5,2199.020544,935,299,1.993795354,0.364379143,mango
205638,2876.321186,1171,497,2.830152987,0.312347817,mango
478997,4133.316128,1510,569,1.793727309,0.352326583,mango
378009,4060.575146,1600,697,2.950194308,0.288095782,mango
516063,3716.806466,1517,542,1.593243461,0.469432,mango
452365,3994.036914,1474,425,1.384833044,0.356348316,mango
314848,4207.693766,1313,525,2.189389801,0.223471711,mango
419833.5,4046.362812,1525,404,1.467486515,0.322223575,mango
388761,3424.512096,1285,589,1.946864526,0.416576863,mango
416771,3573.610506,1418,449,1.527654275,0.410102979,mango
453373,3951.267357,1554,444,1.521872718,0.364915813,mango
273597.5,3500.848094,1421,500,2.596880454,0.280527509,mango
455554.5,3264.02977,1398,505,1.549737737,0.537331106,mango
413299.5,3839.156746,1489,505,1.819370698,0.352373351,mango
306916.5,3640.362812,1283,660,2.758991452,0.291032013,mango
415665,4199.438054,1336,668,2.147036676,0.296190389,mango
336949,3366.311078,1296,693,2.665471629,0.373650479,mango
333291.5,3384.750555,1409,412,1.741742589,0.3655786,mango
328763.5,3408.647083,1348,468,1.918899148,0.355573496,mango
183718,2719.630716,1191,317,2.055035435,0.312134446,mango
445516,3651.551632,1542,497,1.720194112,0.419873319,mango
382499,3272.47342,1321,489,1.688812258,0.448836237,mango
478093,3633.208485,1521,541,1.721131663,0.455136441,mango
220136,2279.096663,942,362,1.549060581,0.532568462,mango
378969.5,4627.455297,1351,541,1.928627502,0.222397376,mango
500700,3785.360724,1551,514,1.592198922,0.43910958,mango
257645,2585.925091,1097,322,1.371010499,0.484172036,mango
261891,3043.537349,1293,357,1.76256916,0.355281969,mango
216480,2521.890601,1070,338,1.67063932,0.427735363,mango
193766,2363.121048,993,339,1.737286211,0.436029127,mango
329299.5,2918.608417,1173,481,1.713373388,0.485790787,mango
636332.5,3827.735395,1586,583,1.453073668,0.54577062,mango
432234.5,3557.402355,1526,456,1.609903883,0.42920356,mango
361630,3225.159713,1352,449,1.678643918,0.436889757,mango
653815.5,3998.99023,1575,637,1.534492529,0.513764852,mango
229837.5,2833.721118,1153,405,2.031718062,0.359680207,mango
319676.5,3536.05416,1528,381,1.821116034,0.321279311,mango
274236,3084.199256,1369,374,1.86702694,0.362284267,mango
521394.5,3766.078543,1521,604,1.761974858,0.461952757,mango
388959.5,3812.494841,1413,728,2.644655806,0.33627588,mango
399371,3197.454088,1335,425,1.420671506,0.490882733,mango
475261,5269.7711,1529,599,1.927090588,0.215059454,mango
400267.5,3795.936404,1393,424,1.475593197,0.349077886,mango
311796.5,3892.220676,1357,450,1.95848895,0.258634341,mango
470498,5483.005718,1355,808,2.326981199,0.196666436,mango
416867.5,3894.362811,1365,521,1.705973721,0.34541014,mango
488674.5,4258.695852,1487,663,2.017459475,0.338591688,mango
396892.5,3513.495718,1509,362,1.376337421,0.404020963,mango
434101,3791.232872,1471,500,1.694306164,0.379524422,mango
405137.5,3361.970895,1393,467,1.605704236,0.450426993,mango
373462.5,3682.137421,1333,502,1.791789002,0.346144056,mango
556776.5,5302.488914,1532,622,1.711465911,0.24884632,mango
150371.5,2328.368743,997,278,1.843208321,0.348555448,mango
348937.5,3331.66224,1408,383,1.545445818,0.395035,mango
339964,2938.660152,1254,388,1.431186832,0.494702456,mango
86956.5,1870.015491,740,417,3.548670887,0.312479482,mango
86956.5,1870.015491,740,417,3.548670887,0.312479482,mango
453479.5,4133.018793,1558,764,2.624841917,0.333605163,mango
497850.5,3573.558771,1433,669,1.925632293,0.489899452,mango
465032,3563.443984,1512,532,1.729739029,0.460206587,mango
494734,3833.26736,1416,619,1.771667199,0.423100364,mango
387761,3707.433881,1460,577,2.172523797,0.354508915,mango
374239,3137.914987,1358,399,1.447850171,0.477613464,mango
325297.5,3139.343478,1175,596,2.152798592,0.414775332,mango
229598.5,2680.476388,1108,341,1.645603085,0.401564155,mango
317012,3169.14961,1278,570,2.297894086,0.396643263,mango
313722,3577.850187,1436,632,2.892854183,0.307971505,mango
94025.5,1802.23671,782,221,1.838033299,0.363774165,mango
356509,3092.81657,1191,543,1.814015915,0.468351629,mango
505010,2891.041965,1055,684,1.4289222,0.759278409,mango
257408.5,2408.480561,727,788,2.225551992,0.557630419,mango
371342,2661.929264,966,616,1.60244734,0.658553276,mango
527002.5,3326.858201,1328,576,1.451469395,0.598348158,mango
202362.5,2101.339307,864,354,1.511426277,0.575900601,mango
346948,2715.596226,1091,474,1.490523076,0.591212843,mango
301870.5,2495.672346,980,451,1.464137768,0.609053446,mango
202750,2625.395211,478,1076,2.536759556,0.369642032,mango
245851,2293.488581,895,426,1.550817365,0.587338783,mango
297293.5,2585.554593,1058,418,1.487567,0.558840476,mango
683171.5,3351.333377,1225,754,1.352003121,0.764371245,mango
445147.5,2793.132365,948,778,1.656853066,0.717019172,mango
223262,1960.576892,711,475,1.512684649,0.729889163,mango
228864.5,2148.711888,877,377,1.444649563,0.622919496,mango
134114.5,1910.147525,577,649,2.792188764,0.461904059,mango
378156.5,2684.618522,1100,454,1.320617258,0.659350393,mango
345344,2577.679484,983,502,1.428911462,0.653136492,mango
266814,2324.081507,848,502,1.595478498,0.620748627,mango
296495,2436.140382,923,459,1.42888413,0.627801886,mango
324434,2598.639946,931,617,1.770551175,0.603731735,mango
364486,3661.943547,1149,553,1.743268603,0.341560331,mango
270402,2522.733312,968,496,1.775608169,0.533921094,mango
293189.5,2552.240889,982,503,1.684732912,0.56560723,mango
297598,2585.904882,1023,469,1.612198335,0.559261316,mango
248748,2309.110944,939,419,1.581685079,0.586245959,mango
480220,3189.031864,1218,630,1.597892633,0.593379298,mango
475897,2869.159716,1056,645,1.43123407,0.726462803,mango
199471.5,1873.197167,722,395,1.429728056,0.714370863,mango
119292.5,1494.378848,586,292,1.434390259,0.671276712,mango
178152.5,2354.657188,612,838,2.878747141,0.403781493,mango
254469.5,2764.667295,1173,380,1.751644107,0.41836934,mango
182498.5,2264.701785,903,432,2.137529898,0.447143702,mango
143793.5,2704.60842,469,1131,3.688894143,0.24702467,mango
499514,3208.889723,1230,669,1.647341216,0.609604191,mango
373834,3853.423773,1102,536,1.580038199,0.316369871,mango
236948.5,2016.049983,783,427,1.411028135,0.732590424,mango
171716.5,2767.981,709,397,1.639172706,0.281640873,mango
79917,1732.655978,232,757,2.197579989,0.334521745,mango
179086.5,2110.334252,798,339,1.510566123,0.50532434,mango
523081.5,3072.42169,1144,681,1.489374027,0.696333966,mango
399951,2746.757694,1045,550,1.437051039,0.666156012,mango
321066.5,2555.118087,931,561,1.626737763,0.617992074,mango
45426.5,1008.246817,385,194,1.644194468,0.561546108,Mint
38503,820.666083,232,245,1.476248604,0.718408502,Mint
53259,1246.298552,557,130,1.359582418,0.430882337,Mint
66566,1028.063051,341,261,1.337033921,0.791448798,Mint
62631,976.2884476,303,285,1.378790056,0.825739213,Mint
594864,3196.154663,1142,686,1.316959843,0.73176558,Mint
372036.5,2479.329201,901,543,1.315040325,0.760548691,Mint
437723.5,3174.559647,1352,428,1.321966949,0.545811578,Mint
397389.5,2623.353584,965,547,1.328306359,0.725625592,Mint
391371,2608.081508,960,541,1.327027296,0.723029781,Mint
379463.5,2618.039875,940,538,1.332723701,0.695708578,Mint
113654.5,1367.46716,515,293,1.327664105,0.763770164,Mint
262123,4295.070518,853,478,1.555506384,0.178555979,Mint
75490.5,1248.555472,443,245,1.437730575,0.608536288,Mint
98597,2035.322059,518,289,1.518322058,0.299093714,Mint
309803,5455.667626,951,524,1.608518962,0.13079757,Mint
363539.5,6845.585572,1030,577,1.634787967,0.097485554,Mint
451802.5,2781.981004,968,619,1.326225508,0.733584545,Mint
318131.5,2324.250992,833,506,1.324917526,0.740031979,Mint
237090.5,1995.256044,720,437,1.327088179,0.748387882,Mint
220195.5,1908.912896,674,437,1.337620433,0.759357138,Mint
318242,2297.665203,831,503,1.313443857,0.757519584,Mint
656383.5,3424.799325,1188,729,1.319429876,0.703229792,Mint
519257.5,3276.078538,1003,692,1.336670149,0.607972636,Mint
338338,2506.851056,820,560,1.357222659,0.676555734,Mint
424781.5,2897.142468,906,627,1.337304002,0.635968717,Mint
537011.5,3404.931355,1014,703,1.327424087,0.582072027,Mint
174097.5,1696.829641,573,433,1.425115237,0.759846583,Mint
191151.5,1802.510878,620,453,1.46930576,0.739318861,Mint
550688,3197.492758,1194,668,1.448355512,0.676856085,Mint
332733.5,2473.981001,948,514,1.46445128,0.683146224,Mint
402355,2737.502864,1041,568,1.469567919,0.674699056,Mint
164853,1690.645874,643,349,1.361255179,0.724772024,Mint
395891,2704.56679,1008,537,1.36728544,0.680127086,Mint
362443.5,2538.927178,946,527,1.375502665,0.706561047,Mint
387024,2773.904884,1100,541,1.537630741,0.632069204,Mint
220664.5,2037.481439,756,398,1.363554174,0.667967007,Mint
272351.5,2253.544491,688,705,1.78093383,0.673918475,Mint
228730.5,1979.197168,667,452,1.318075202,0.733763022,Mint
337106.5,2473.755607,821,561,1.366277423,0.692250706,Mint
205198.5,1836.04998,575,502,1.406686696,0.764918293,Mint
114340,1495.106766,281,577,1.418025188,0.642781898,Mint
244197.5,2603.093698,596,599,1.461947809,0.452867835,Mint
118647,1616.27834,466,345,1.35502794,0.570734755,Mint
136080.5,1633.089522,517,346,1.314530737,0.641188576,Mint
169469.5,1850.368742,547,440,1.420196555,0.621992066,Mint
188910,2579.336339,780,439,1.812609179,0.356819729,Mint
128484,2029.121048,497,384,1.485383394,0.392141676,Mint
185124,2113.713974,598,536,1.731423262,0.520691098,Mint
25851.5,1021.761536,191,395,2.918399319,0.311169135,Neem
18791,939.3178854,303,262,4.224682029,0.267629864,Neem
33878,1032.288446,357,187,1.970570872,0.399508014,Neem
80895.5,2604.598313,468,889,5.143079652,0.14984861,Neem
38713,1330.243851,354,436,3.986877793,0.27491863,Neem
217206,2818.615559,1020,509,2.390265462,0.343565852,Neem
139101.5,2292.84392,428,833,2.563049284,0.332500799,Neem
143179,2169.606332,772,388,2.092038637,0.382232235,Neem
92466.5,1689.800202,646,293,2.046989991,0.406933617,Neem
84884.5,1696.937282,619,410,2.989827354,0.370430447,Neem
96491.5,1732.638732,701,292,2.121347476,0.4039084,Neem
137750.5,1986.545366,745,381,2.060573283,0.438637819,Neem
113882.5,1898.770765,323,749,2.124356244,0.396937184,Neem
112085.5,1801.633684,659,333,1.957853603,0.43393663,Neem
114463.5,1770.22661,681,358,2.129919145,0.459006839,Neem
115303,1923.959581,778,342,2.30762426,0.391434034,Neem
94549.5,1698.71189,415,563,2.471139456,0.411746245,Neem
61034,1454.396091,566,282,2.615132549,0.362590399,Neem
239207,2466.459141,812,592,2.009573298,0.494123942,Neem
142246.5,2260.476387,632,571,2.536948185,0.349825532,Neem
175912,4173.438058,943,566,3.034119332,0.126916295,Neem
152065.5,2624.705957,710,894,4.174122335,0.277382619,Neem
41293.5,1167.241764,411,225,2.239456573,0.380863998,Neem
26643,1063.033612,206,406,3.139135983,0.296277721,Neem
352958.5,4225.808551,1334,464,1.753679257,0.248378428,Nelavembu
147277.5,1868.202221,803,298,1.624783147,0.53027176,Nelavembu
148296.5,1880.687503,806,301,1.635952298,0.526874874,Nelavembu
88916,1508.454967,648,217,1.581447658,0.491049284,Nelavembu
26225,827.2102383,349,132,1.756644423,0.481607852,Nelavembu
106768.5,1702.177836,734,265,1.821792008,0.463066265,Nelavembu
247110.5,2371.790096,850,446,1.534131492,0.552012054,Nelavembu
255157.5,2756.618525,1217,368,1.755213936,0.42195376,Nelavembu
79003.5,1500.756484,661,208,1.740277329,0.440794066,Nelavembu
122477,1836.278342,806,259,1.704434302,0.456443871,Nelavembu
126928.5,1923.917951,837,282,1.859582363,0.430919273,Nelavembu
218541.5,2409.48144,1059,336,1.628175884,0.473038635,Nelavembu
93651,1569.283394,688,222,1.630906237,0.477880737,Nelavembu
119015.5,1796.462107,742,304,1.895282547,0.463422662,Nelavembu
68019,1348.572717,558,227,1.862214969,0.469992977,Nelavembu
127650.5,1890.427618,781,294,1.798770863,0.448861418,Nelavembu
57685,1300.974738,575,170,1.694547976,0.42828714,Nelavembu
99401.5,1703.1484,720,237,1.716674296,0.430623593,Nelavembu
884727,3834.824914,1127,1184,1.508225701,0.756010914,Nooni
314108.5,2325.107982,665,743,1.573007416,0.730135221,Nooni
625329.5,3198.165976,977,1038,1.621746615,0.768275146,Nooni
321318.5,2292.338427,697,751,1.62905964,0.768401361,Nooni
97794,1262.503738,319,470,1.533120641,0.771004173,Nooni
402369.5,2875.014617,1099,618,1.687955971,0.611722991,Nooni
920483,4017.761001,1562,931,1.579846667,0.716568047,Nooni
497868,3098.761872,1223,680,1.670402597,0.651549882,Nooni
822197,3914.565038,1531,908,1.690772406,0.674246539,Nooni
400616.5,2852.529335,1139,584,1.660380938,0.618697638,Nooni
735645,4111.285814,1572,788,1.683877414,0.54691875,Nooni
468941,3382.678612,1275,628,1.707464265,0.514999247,Nooni
599735,3307.66346,1278,785,1.672788815,0.688853116,Nooni
406160.5,2668.1517,892,806,1.770117971,0.71694611,Nooni
864095,3796.37413,1232,1108,1.579752226,0.75341341,Nooni
442514.5,2778.990236,875,832,1.645143831,0.720051117,Nooni
539931,3099.423783,967,795,1.423820822,0.706295118,Nooni
239986.5,2096.52516,644,543,1.457131964,0.686114375,Nooni
442599,2630.168939,806,854,1.555186523,0.803994361,Nooni
127962,1439.724083,427,468,1.561682374,0.775768863,Nooni
684566,3827.93762,991,1137,1.645958169,0.587077567,Nooni
975250,4050.682784,1392,1103,1.574340938,0.746911859,Nooni
989435.5,4095.577226,1429,1109,1.601681969,0.741254109,Nooni
770891.5,3738.322393,1188,1089,1.678228389,0.693185735,Nooni
893735,3911.021754,1461,800,1.3077702,0.734240214,Padri
635917,3281.291739,1225,677,1.30414032,0.742199417,Padri
487351,15307.75813,1419,755,2.198302661,0.026135363,Padri
413679,5219.300093,1065,582,1.498335666,0.190830946,Padri
1161387.5,4371.670598,1519,1037,1.356311309,0.763646121,Padri
557559,2975.06635,1031,719,1.329525665,0.791602912,Padri
718082,3287.787132,857,1038,1.238808381,0.834788623,Padri
334566.5,2235.96672,586,707,1.238324817,0.840933486,Padri
795680,3407.708049,1052,991,1.310240298,0.861040433,Padri
603663.5,3005.475511,925,859,1.316254834,0.839804881,Padri
710596,3233.080629,995,974,1.363826985,0.854278648,Padri
464549,2615.527243,807,784,1.36194029,0.85334156,Padri
763694.5,3508.009562,1245,834,1.359614348,0.779844458,Padri
361888.5,2432.54954,846,584,1.365238188,0.768530768,Padri
705255.5,3449.107978,1218,744,1.284913056,0.744976828,Padri
341226.5,2457.211449,837,524,1.285328074,0.710178557,Padri
844783,4947.324478,1088,1034,1.331693464,0.433724784,Padri
381178.5,4621.033066,759,703,1.399808751,0.224315926,Padri
749867.5,3988.911142,1374,766,1.403559962,0.592223547,Padri
272138.5,2272.098746,822,466,1.407562693,0.662438319,Padri
815278.5,3986.068437,896,1149,1.262763583,0.644801964,Padri
395667.5,2838.927177,1060,472,1.264496073,0.616924103,Padri
976784,3899.011651,1230,1078,1.357454668,0.807419688,Padri
752592.5,3581.26439,1105,913,1.340519604,0.737389555,Padri
750476.5,3595.087769,974,1071,1.389988894,0.729672479,Padri
885752,3857.354794,1070,1147,1.385591001,0.748071024,Padri
970280.5,3877.195416,1244,1053,1.350054958,0.811095116,Padri
419934.5,2508.490669,808,683,1.314166852,0.838622365,Padri
841088,3682.099965,1262,943,1.414912589,0.779579034,Padri
545280.5,2947.250113,1010,759,1.405863588,0.78885257,Padri
828780,3608.193324,1208,946,1.378855667,0.799962316,Padri
372706,2404.851059,800,642,1.378029868,0.809841224,Padri
836921.5,4357.837108,1203,984,1.414412224,0.553799556,Padri
892667.5,3696.023846,1246,1010,1.409774636,0.821164297,Padri
713949,3312.477601,1119,913,1.430980364,0.817656989,Padri
566575.5,3248.612596,1145,809,1.634918912,0.674639564,Padri
902589.5,3993.891813,1451,815,1.310191399,0.711062128,Padri
661904,3423.232871,1236,699,1.305270855,0.709793442,Padri
615953.5,3036.328325,995,856,1.382766719,0.839576607,Padri
365410,2398.473423,771,656,1.384132892,0.798216078,Padri
900946,3945.66345,1212,1045,1.405789026,0.727224577,Padri
442231.5,2695.083593,866,724,1.41777327,0.765094461,Padri
768868,3816.806464,1436,729,1.361539302,0.663225739,Parijatha
700860,3775.860285,1419,698,1.413209485,0.617745096,Parijatha
691820,3726.061299,1402,693,1.404391316,0.62618547,Parijatha
280687,2119.679487,710,599,1.515175266,0.785039969,Parijatha
195084.5,1777.991104,610,481,1.504014927,0.775485106,Parijatha
257381.5,2145.388074,740,531,1.526683153,0.702708921,Parijatha
264366,2171.28757,753,536,1.526701618,0.70466187,Parijatha
272962.5,2209.3292,764,541,1.514215323,0.70273565,Parijatha
206228.5,1910.594138,660,476,1.523358799,0.709940031,Parijatha
209846,1891.571839,678,487,1.573468162,0.736995574,Parijatha
216873.5,1912.098755,688,496,1.573488693,0.745410859,Parijatha
197993,1836.115996,661,470,1.569095877,0.738005285,Parijatha
359435.5,2393.970901,773,711,1.529072671,0.78812136,Parijatha
367100,2417.870399,774,723,1.524385726,0.789093038,Parijatha
374168.5,2437.769891,782,729,1.523586299,0.791209821,Parijatha
393491,2504.438936,798,752,1.525056482,0.788358535,Parijatha
206758,1992.802285,727,475,1.670189303,0.654250046,Parijatha
243879.5,2167.412458,788,511,1.651094085,0.652382089,Parijatha
254163.5,2203.211444,804,522,1.651252048,0.657976963,Parijatha
249910,2186.483527,797,518,1.651978712,0.656902749,Parijatha
528175.5,2970.303937,968,826,1.513830157,0.752291811,Parijatha
462192.5,2776.137416,895,776,1.502663933,0.753617264,Parijatha
598141.5,3181.298886,1020,890,1.517701079,0.742685342,Parijatha
274871.5,2170.054159,811,550,1.622758271,0.73349715,Parijatha
363464,2496.629843,929,636,1.62559153,0.73276202,Parijatha
302144.5,2289.794276,851,579,1.630772693,0.724155154,Parijatha
219241,2300.767799,932,413,1.755675261,0.520458442,Parijatha
201036,2191.169819,897,396,1.76690742,0.526176713,Parijatha
448330,2875.007476,879,759,1.488102514,0.681600198,Parijatha
433225,3198.570962,870,746,1.49811299,0.53212222,Parijatha
432194.5,3214.955737,868,748,1.502249566,0.525459325,Parijatha
499916.5,3336.43597,922,808,1.490200864,0.564341185,Parijatha
378913.5,2630.76484,1000,607,1.60194873,0.687995955,Parijatha
351960,2642.664332,968,585,1.608932833,0.633314114,Parijatha
234471,2085.53735,796,480,1.62954054,0.677427863,Parijatha
249992,2033.57184,740,509,1.506688214,0.759655937,Parijatha
247139.5,2026.015493,736,506,1.506906019,0.75660029,Parijatha
178272.5,1813.731221,702,407,1.602681288,0.681001959,Parijatha
265642.5,2113.755608,742,501,1.399407098,0.747132927,Parijatha
273829.5,2111.554596,759,513,1.421932261,0.77176569,Parijatha
340597.5,2660.6328,964,617,1.746307592,0.60461851,Parijatha
3192,1423.415425,447,166,23.2462406,0.019797457,Parijatha
409484,2556.404443,746,829,1.510276348,0.787385973,Pea
413629.5,2585.960785,752,832,1.512619385,0.777280012,Pea
415246,2534.747589,754,831,1.508922422,0.812168019,Pea
407967,2541.232869,748,824,1.510788863,0.79386375,Pea
410263,2546.747592,748,828,1.509626752,0.794877872,Pea
407593,2506.9486,746,823,1.506301629,0.814977693,Pea
412053.5,2526.848099,745,833,1.506078701,0.81097077,Pea
370575,2589.846002,1029,536,1.488346489,0.694285507,Pea
377194,2578.81657,1022,542,1.468538736,0.712744272,Pea
377438.5,2627.059209,1042,540,1.490785916,0.687252517,Pea
382904,2611.301851,1038,543,1.471998203,0.705643936,Pea
384957,2681.929267,1064,542,1.498058225,0.672554443,Pea
376555,2675.443985,1050,537,1.497390819,0.661068643,Pea
395738.5,2702.255165,1064,553,1.486820211,0.681028765,Pea
409435,2566.664332,752,831,1.526278897,0.78101015,Pea
372788.5,2452.33843,712,798,1.524124269,0.778953554,Pea
358361,2386.497808,698,783,1.525093411,0.790694147,Pea
350710.5,2374.456178,689,777,1.526481243,0.781682366,Pea
352018.5,2375.426742,689,778,1.522766559,0.783956688,Pea
341975.5,2333.627749,679,768,1.524881168,0.78911754,Pea
339891.5,2331.62775,677,766,1.525728063,0.785654743,Pea
400190.5,2528.622698,737,821,1.511972423,0.786517834,Pea
416347.5,2741.274499,754,838,1.517607287,0.69624289,Pea
301513,2390.650047,962,473,1.509142226,0.662954758,Pea
329039,2522.390163,1007,494,1.511851179,0.649879313,Pea
324039.5,2477.520103,998,491,1.512216875,0.663396909,Pea
329172.5,2462.147519,988,501,1.503734364,0.682346974,Pea
746302,3746.13445,1494,758,1.517417882,0.6682789,Pepper
758060,3776.619734,1507,765,1.520796507,0.667893057,Pepper
744960,3743.306023,1495,758,1.521168922,0.668085664,Pepper
699486.5,3621.32327,1441,736,1.516220828,0.670277453,Pepper
658330,3518.512087,1407,709,1.515293242,0.668244535,Pepper
121554,2020.885548,790,435,2.827138556,0.374020738,pomegranate
73601.5,1509.907846,411,545,3.043348301,0.405691254,pomegranate
112048.5,1675.917949,695,247,1.532059778,0.501314662,pomegranate
164383,2042.184977,844,328,1.684067087,0.495309448,pomegranate
72483.5,1373.030647,500,311,2.14531583,0.483157313,pomegranate
143072.5,2253.225732,749,655,3.428995789,0.354125031,pomegranate
179065,2381.772847,921,383,1.969915952,0.396661355,pomegranate
157615,2059.949481,854,338,1.831373917,0.466760688,pomegranate
114418,1677.851935,700,260,1.590658812,0.510736563,pomegranate
77366.5,1305.751431,470,290,1.761744424,0.570219143,pomegranate
145562,1952.434754,773,350,1.858658166,0.479849248,pomegranate
84223,1428.798111,590,238,1.66724054,0.518440399,pomegranate
46869,933.1168736,238,336,1.706202394,0.676430943,pomegranate
101035.5,1421.716941,420,453,1.883100494,0.628141637,pomegranate
104451,1424.028559,255,561,1.369589568,0.647269388,pomegranate
84611,1371.768674,554,247,1.617260167,0.565034453,pomegranate
106941.5,1465.290533,395,485,1.791399971,0.625905327,pomegranate
75995.5,1195.692556,315,425,1.761617464,0.667972664,pomegranate
74637.5,1307.668171,493,237,1.565446324,0.548493951,pomegranate
68525,1308.915865,529,199,1.536242247,0.502614999,pomegranate
43022,913.9209145,333,193,1.493863605,0.647266646,pomegranate
58604,1122.454968,374,295,1.882635998,0.584519858,pomegranate
20316.5,603.0264739,190,158,1.477616715,0.702079026,pomegranate
46230.5,1014.472212,348,265,1.994786991,0.564492458,pomegranate
98827,1612.989019,626,251,1.58990964,0.477334313,pomegranate
137645.5,1928.770763,805,300,1.754507049,0.464954712,pomegranate
43527.5,972.2813067,404,153,1.420067773,0.578615037,pomegranate
40854.5,989.0752441,382,194,1.813949504,0.524796705,pomegranate
70564,1119.567666,417,271,1.601482342,0.707444478,pomegranate
80636.5,1312.177835,476,282,1.664655584,0.588513105,pomegranate
53099,1077.317883,404,227,1.727113505,0.574921392,pomegranate
19140,616.2396744,156,223,1.817554859,0.633362705,pomegranate
170569,2034.375881,717,467,1.963070663,0.517901979,pomegranate
25884.5,751.7371491,303,152,1.779288764,0.575595804,pomegranate
111442,1560.788008,586,329,1.729994078,0.57487169,pomegranate
59843.5,1274.756484,469,273,2.139530609,0.462777665,pomegranate
78642.5,1244.697606,488,251,1.557529326,0.637880707,pomegranate
50626.5,1012.790972,398,193,1.517268624,0.620223368,pomegranate
85777.5,1504.486493,568,318,2.105727026,0.476218938,pomegranate
39761,975.5188941,197,369,1.828248786,0.525044111,pomegranate
53560.5,974.5310872,257,335,1.607434583,0.708701075,pomegranate
95530.5,1693.706834,465,533,2.594407022,0.418480701,pomegranate
96856.5,1390.177836,387,409,1.634201112,0.629793125,pomegranate
79986.5,1214.354461,421,294,1.54743613,0.681609465,pomegranate
73205,1525.141259,632,203,1.752557885,0.395485412,pomegranate
49526,948.2295724,314,269,1.705488026,0.692175346,pomegranate
38527.5,804.648838,266,229,1.581052495,0.747769791,pomegranate
158422.5,2987.225727,758,355,1.698559232,0.223095415,pomegranate
152899.5,1847.932229,622,469,1.907906828,0.56265716,pomegranate
108738.5,1641.785921,680,243,1.51960897,0.506944187,pomegranate
53798.5,1227.820411,514,164,1.566883835,0.448446185,pomegranate
164575,1736.067228,649,392,1.545848397,0.686184099,pomegranate
181257,2122.115998,794,417,1.826677039,0.505785545,pomegranate
104822,1598.126101,602,303,1.740149969,0.515751164,pomegranate
216179.5,2154.618523,856,386,1.528433547,0.585172076,pomegranate
100889.5,1373.09963,540,257,1.375564355,0.672437204,pomegranate
84360.5,1720.309868,617,304,2.223410245,0.358208303,pomegranate
90720.5,1650.878409,402,541,2.397275147,0.41829736,pomegranate
87526.5,1352.839744,497,273,1.55017052,0.600975433,pomegranate
62200,1145.543279,259,375,1.561495177,0.595630935,pomegranate
65444.5,1179.727044,421,271,1.743324496,0.590908106,pomegranate
15608.5,511.9726498,133,176,1.499695679,0.748303042,pomegranate
14074.5,562.2569207,201,132,1.885111372,0.559465383,pomegranate
20695,632.1564168,206,172,1.712104373,0.650768006,pomegranate
20213.5,693.4528799,271,141,1.890370297,0.528223198,pomegranate
80027.5,1618.687504,641,273,2.186660835,0.38381601,pomegranate
62990,1259.59205,475,231,1.741943166,0.498909358,pomegranate
110001,1575.959584,583,361,1.913282607,0.556565582,pomegranate
96219,1394.111822,552,260,1.491597294,0.62212189,pomegranate
94463,1459.675313,522,356,1.967246435,0.557133242,pomegranate
30972.5,784.7665864,307,158,1.566098959,0.631982596,pomegranate
31292,815.2346253,332,156,1.655119519,0.591667823,pomegranate
34670.5,861.1097335,325,181,1.696687386,0.587561015,pomegranate
32567,853.6366453,351,155,1.670556084,0.561618645,pomegranate
29874,887.8965304,355,140,1.663654014,0.476188083,pomegranate
38319.5,913.9625442,343,194,1.736504913,0.576464944,pomegranate
20795.5,659.3107444,231,169,1.877281143,0.601172249,pomegranate
28596.5,852.281307,345,151,1.821726435,0.494716983,pomegranate
55897,1214.680362,417,299,2.230584826,0.476073868,pomegranate
68497.5,1066.47221,359,279,1.462257747,0.756807624,pomegranate
20163,628.3818102,179,174,1.544710609,0.641678967,pomegranate
164836.5,1981.907847,687,489,2.038037692,0.527346823,pomegranate
197166,2634.438933,988,549,2.751042269,0.356997864,pomegranate
165084.5,2063.162681,756,480,2.19814701,0.487359253,pomegranate
146331,1904.091615,749,384,1.965516534,0.507189815,pomegranate
224538,2302.31701,927,403,1.663776287,0.532315938,pomegranate
143333,2014.317006,810,342,1.932702169,0.443915609,pomegranate
73932,1194.253955,449,269,1.633676892,0.651401782,pomegranate
77561.5,1359.207274,503,284,1.841790063,0.527575578,pomegranate
61880.5,2641.946512,419,262,1.774032207,0.11140781,pomegranate
78233,1223.141259,468,259,1.549371748,0.657122922,pomegranate
70249.5,1434.94739,525,298,2.227062114,0.428727305,pomegranate
50959.5,1083.560524,424,195,1.622464899,0.545417003,pomegranate
108560.5,1523.113907,530,400,1.952828147,0.588053626,pomegranate
52979,1112.798118,421,259,2.058155118,0.537626733,pomegranate
304846.5,3032.716064,1236,431,1.74748931,0.416512053,pomegranate
95429.5,1380.118962,481,360,1.814533242,0.629592385,pomegranate
135931.5,1695.682451,588,440,1.903311594,0.594074515,pomegranate
98986.5,1384.864127,429,406,1.759573275,0.648591871,pomegranate
126323.5,1643.824587,597,391,1.847850954,0.587466451,pomegranate
75271,1412.160595,528,285,1.99917631,0.474317745,pomegranate
25075.5,770.9675977,306,150,1.830471975,0.530135899,pomegranate
33071.5,858.423443,337,163,1.660976974,0.563975994,pomegranate
21566,653.8965299,248,146,1.678939071,0.633813375,pomegranate
18263,711.7543947,212,189,2.19394404,0.453024478,pomegranate
64408,1292.229571,552,192,1.645509875,0.484696995,pomegranate
46796.5,1139.01637,444,218,2.068359813,0.453276605,pomegranate
22653.5,737.737149,236,215,2.23983049,0.523048389,pomegranate
37279.5,982.4478258,389,188,1.96172159,0.485356613,pomegranate
42932.5,925.7615356,335,213,1.662027601,0.629502962,pomegranate
98357,1809.758569,687,292,2.039549803,0.377375633,pomegranate
55717.5,1076.874233,346,276,1.713931889,0.603769979,pomegranate
70932,1605.415424,657,256,2.37117239,0.34584158,pomegranate
84084.5,1375.46716,551,249,1.631680036,0.558502805,pomegranate
125159,1823.630722,710,374,2.121621298,0.472931399,pomegranate
127436,1863.013403,695,321,1.75064346,0.461391975,pomegranate
66451,1659.900705,574,279,2.409986306,0.303072943,pomegranate
104714,1671.533174,680,272,1.76633497,0.470960641,pomegranate
55099.5,1024.330076,381,234,1.61805461,0.659899308,pomegranate
225830.5,2660.372916,795,501,1.763690024,0.400965886,pomegranate
257.5,71.01219249,21,22,1.794174757,0.641684064,pomegranate
198804,2278.684539,803,433,1.748953743,0.481134579,pomegranate
110320,1575.214416,581,369,1.943337563,0.558707835,pomegranate
209725,2269.939372,901,422,1.81295506,0.51148341,pomegranate
97179.5,1303.325028,492,286,1.447959703,0.718917498,pomegranate
239570.5,2515.745499,910,606,2.301869387,0.475674417,pomegranate
75688.5,1451.540318,444,465,2.727759171,0.451420789,pomegranate
196386,2312.327109,947,355,1.711858279,0.461553286,pomegranate
128339.5,1863.39818,750,316,1.846664511,0.464471288,pomegranate
162729.5,2069.589083,746,456,2.090438427,0.477428021,pomegranate
84559.5,1237.383902,492,247,1.437141894,0.694006194,pomegranate
100374.5,1347.75143,531,278,1.470672332,0.694406306,pomegranate
116362,1502.420475,568,318,1.552259329,0.64779569,pomegranate
133826,1572.989018,627,317,1.485204669,0.679671376,pomegranate
172781.5,2011.04493,741,427,1.831255082,0.536863102,pomegranate
260490,2755.998245,1132,433,1.881669162,0.430966037,pomegranate
151671,1996.160592,840,300,1.66149099,0.478323215,pomegranate
202605,2294.327111,968,334,1.59577503,0.483670221,pomegranate
130355,1880.327112,759,320,1.863219669,0.463309005,pomegranate
45751.5,984.104681,371,203,1.646131821,0.593652917,pomegranate
81044.5,1299.467159,484,276,1.648279649,0.603118701,pomegranate
92614,1358.077332,530,276,1.579458829,0.631011835,pomegranate
102562.5,1787.893566,766,256,1.911965874,0.403195002,pomegranate
113716,1674.184978,674,322,1.908508917,0.509829026,pomegranate
114355,1542.018456,533,395,1.841065104,0.604346316,pomegranate
51846,1168.974738,482,194,1.803572117,0.476776529,pomegranate
144735,1867.724078,658,427,1.941244343,0.521384354,pomegranate
49203,1017.744289,367,250,1.864723696,0.596930953,pomegranate
38442.5,846.021419,317,188,1.55026338,0.674930059,pomegranate
156197,1746.846883,722,310,1.432934051,0.643239749,pomegranate
65480.5,1318.212327,525,230,1.844060445,0.473533942,pomegranate
83137,1527.841835,593,324,2.311028784,0.447556035,pomegranate
33730.5,816.1635565,278,214,1.763744979,0.636323915,pomegranate
30061.5,798.0802947,191,283,1.798080601,0.593099196,pomegranate
51304,953.5777701,327,235,1.497836426,0.709004276,pomegranate
149040,2044.767801,730,498,2.43921095,0.447945018,pomegranate
94504.5,1331.810305,286,489,1.479866038,0.669541669,pomegranate
202598,2355.67949,874,538,2.320911361,0.458788598,pomegranate
83914,1309.969687,511,258,1.571108516,0.61449987,pomegranate
117874.5,1728.462106,738,267,1.671659265,0.495803972,pomegranate
183441.5,2302.510876,979,343,1.830539981,0.434814558,pomegranate
60181,1071.851936,384,291,1.856798657,0.658263343,pomegranate
113836,1655.557562,648,347,1.975262659,0.521916372,pomegranate
135152,1816.719026,627,496,2.301053629,0.514584632,pomegranate
132263.5,1797.304815,605,508,2.323694746,0.514524903,pomegranate
96212,1434.597104,594,252,1.555814244,0.587461226,pomegranate
204459.5,2166.726172,777,522,1.983737611,0.547279398,pomegranate
92712,1470.479349,597,280,1.803002848,0.538800455,pomegranate
101569.5,1535.692554,628,283,1.749777246,0.541208516,pomegranate
111217.5,1599.775814,651,301,1.761872008,0.546090648,pomegranate
120059.5,1660.746377,677,312,1.759327667,0.54701567,pomegranate
116439.5,1664.854024,567,448,2.181527746,0.527907553,pomegranate
85723,1470.018456,519,358,2.167469641,0.498495969,pomegranate
65479,1256.597102,509,219,1.702393134,0.521098466,pomegranate
315212.5,2970.872476,979,792,2.459826308,0.448792174,pomegranate
297663.5,2645.686628,933,642,2.012292404,0.534390395,pomegranate
194778,2329.890599,960,389,1.917259649,0.450898415,pomegranate
139763,2002.189156,703,576,2.897247483,0.438118779,pomegranate
49172,979.6021543,326,268,1.776783535,0.643914602,pomegranate
233845.5,2372.490667,882,573,2.161196174,0.522071344,pomegranate
87894,1331.425528,539,257,1.576023392,0.623067838,pomegranate
89981.5,1351.325026,547,260,1.580547112,0.61921783,pomegranate
125837.5,1563.339304,537,424,1.809381146,0.647013664,pomegranate
174773,2070.719032,867,372,1.845388018,0.51220269,pomegranate
117197,1496.788009,592,316,1.596218333,0.657363775,pomegranate
167751,2053.807338,828,376,1.855893557,0.499753195,pomegranate
107127,1503.841834,572,340,1.815415348,0.595256962,pomegranate
164775,1979.454091,691,544,2.281316947,0.528457805,pomegranate
191865,2148.954527,372,880,1.706199672,0.522096968,pomegranate
205576.5,2228.64291,902,401,1.759452077,0.520118565,pomegranate
38280.5,807.5361407,305,184,1.466020559,0.737672392,pomegranate
176611.5,2349.755608,902,499,2.54852034,0.40196057,pomegranate
116462.5,1490.805253,555,326,1.553547279,0.65849752,pomegranate
173769.5,1973.481447,809,343,1.596868265,0.560682912,pomegranate
110656,1508.562613,585,308,1.628289474,0.611023834,pomegranate
120243,1567.709801,627,265,1.381826801,0.614806315,pomegranate
123240,1779.096666,733,310,1.843800714,0.489285631,pomegranate
152570.5,1983.530208,631,550,2.274686129,0.487307164,pomegranate
130388,1737.959583,663,303,1.540701598,0.542460529,pomegranate
90976,1540.528124,607,293,1.954922177,0.481723064,pomegranate
133419,1666.302732,662,326,1.617550724,0.603837016,pomegranate
85708,1282.253956,483,288,1.62299902,0.655063091,pomegranate
175191.5,1719.231657,451,530,1.364392679,0.744824745,pomegranate
149850.5,1739.457056,536,488,1.745526375,0.622358518,pomegranate
120480.5,1663.824587,527,483,2.112715336,0.546904567,pomegranate
111464,1673.39104,689,265,1.638062513,0.500206821,pomegranate
69773,1163.719904,448,215,1.380476689,0.647441205,pomegranate
74317.5,1376.839744,529,268,1.907652975,0.492645101,pomegranate
50590.5,1019.075242,367,232,1.683003726,0.612161954,pomegranate
121609.5,1708.285482,705,308,1.785551293,0.523668519,pomegranate
51766.5,938.6488369,357,205,1.413752137,0.73833316,pomegranate
138799.5,1714.226609,597,396,1.70326262,0.593555456,pomegranate
82448.5,1233.526034,483,254,1.487983408,0.680919831,pomegranate
76588.5,1389.040753,574,224,1.678789897,0.498819534,pomegranate
117504,1592.434758,532,472,2.136982571,0.582289847,pomegranate
92641.5,1504.378846,586,268,1.695222983,0.514400055,pomegranate
137391.5,1835.88346,682,363,1.801901864,0.512247103,pomegranate
141195,1907.32206,782,341,1.888607954,0.487731852,pomegranate
170920,2136.55251,903,327,1.727597707,0.470517311,pomegranate
168440,1934.542403,746,449,1.988565661,0.565585921,pomegranate
120633,1656.101716,666,319,1.761159882,0.552715925,pomegranate
104727.5,1520.261096,581,292,1.619937457,0.569421992,pomegranate
29380.5,704.4234421,248,177,1.494052177,0.744048844,pomegranate
103398,1429.391038,558,287,1.548830732,0.635945492,pomegranate
59284.5,1199.560524,497,192,1.609594413,0.51773401,pomegranate
65033,1129.910811,363,324,1.808497224,0.640111051,pomegranate
85451.5,1602.001211,429,345,1.732035131,0.418411753,pomegranate
81701.5,1324.462107,391,417,1.995642675,0.585276139,pomegranate
53376,1091.460019,424,207,1.644334532,0.563041265,pomegranate
90184.5,1427.893564,466,369,1.906691283,0.55584038,pomegranate
177845.5,1850.912896,713,393,1.575575429,0.652350173,pomegranate
183052.5,1956.854021,711,447,1.736206826,0.600715268,pomegranate
173078.5,2002.795147,767,381,1.688407283,0.542225485,pomegranate
92709.5,1402.462108,487,370,1.943598013,0.592313772,pomegranate
91239,1294.337216,474,297,1.542958603,0.684377154,pomegranate
99802,1231.366655,444,305,1.356886636,0.827131062,pomegranate
115873,1631.037787,583,426,2.143363855,0.547348673,pomegranate
120392,1545.959583,601,309,1.542536049,0.633010949,pomegranate
48549,977.1757492,350,220,1.586026489,0.638917512,pomegranate
39453,955.3178837,228,336,1.941753479,0.543242927,pomegranate
44792,919.7787796,353,194,1.528889087,0.665339867,pomegranate
83429,1479.709799,601,240,1.728895228,0.478821676,pomegranate
89372,1329.910814,508,288,1.637022781,0.634989152,pomegranate
65976,1272.655978,502,245,1.864162726,0.511886648,pomegranate
47035,933.8031659,358,199,1.514659296,0.677829285,pomegranate
72884.5,1122.614348,432,234,1.386961562,0.726748034,pomegranate
132325.5,1758.711887,722,335,1.827841195,0.53760588,pomegranate
134189,1698.444862,641,340,1.624127164,0.584552975,pomegranate
44575,900.0630509,302,229,1.551497476,0.691441351,pomegranate
63667.5,1275.383898,518,214,1.741108101,0.491864866,pomegranate
123361.5,2066.701787,813,379,2.497756593,0.362939198,pomegranate
69633.5,1212.18794,469,233,1.569316493,0.595508783,pomegranate
49260,1081.033614,430,198,1.728380024,0.529695002,pomegranate
37689.5,846.5067015,266,229,1.616206105,0.660951266,pomegranate
54977.5,977.1929946,370,204,1.372925288,0.723492713,pomegranate
44488.5,997.1097326,415,159,1.483192286,0.562304704,pomegranate
31830,846.8082166,322,154,1.557901351,0.557797259,pomegranate
48305,962.5483325,303,273,1.712431425,0.655174308,pomegranate
50219.5,993.0163698,362,223,1.607463236,0.639984466,pomegranate
154199.5,2198.054159,804,595,3.10234469,0.401066189,pomegranate
64825.5,1175.785921,436,253,1.701614334,0.589249508,pomegranate
60898.5,1110.129067,434,213,1.517968423,0.620968416,pomegranate
33705,799.2346251,285,208,1.758789497,0.663064252,pomegranate
48728.5,1150.354461,424,256,2.227525986,0.462732011,pomegranate
46059,882.5239464,338,180,1.320914479,0.743141256,pomegranate
35071,730.7249557,254,186,1.347095891,0.825372765,pomegranate
29486.5,748.7077125,296,161,1.616197243,0.661010679,pomegranate
40416,1190.264062,483,172,2.055522565,0.358489592,pomegranate
37397,904.950354,356,170,1.618311629,0.573848327,pomegranate
48722.5,1006.246817,348,236,1.68562779,0.604686662,pomegranate
21141,681.6122615,225,182,1.936994466,0.571821659,pomegranate
404440,2710.414549,619,878,1.343788943,0.691819065,pomegranate
407385,2729.929266,621,883,1.346006849,0.686929408,pomegranate
226765,2056.625662,664,516,1.510920998,0.673713713,pomegranate
233099.5,2075.554594,673,518,1.495558764,0.679959245,pomegranate
245369,2078.743415,493,691,1.388370169,0.713555543,pomegranate
250786.5,2238.52516,500,720,1.435483967,0.628912256,pomegranate
82046.5,1258.72199,309,400,1.506462799,0.650744168,pomegranate
124491.5,1466.261095,435,431,1.506006434,0.727657385,pomegranate
123041.5,1451.432669,433,428,1.506191001,0.733952059,pomegranate
198572.5,1825.221555,457,593,1.364745874,0.749027547,pomegranate
111112,1761.062174,402,480,1.736626107,0.450216545,pomegranate
108626.5,1707.363689,393,475,1.718503312,0.468267017,pomegranate
226048,3405.173992,565,617,1.542172459,0.244980726,pomegranate
222337,3312.747589,560,612,1.541443844,0.254592094,pomegranate
167518.5,1778.309864,404,592,1.427710969,0.66566813,pomegranate
164060,1789.238797,400,588,1.433621846,0.643985306,pomegranate
115825,1478.822494,566,287,1.402477876,0.665549064,pomegranate
131284,1642.008351,417,471,1.496046738,0.611886599,pomegranate
129191,1728.635768,409,469,1.484786092,0.543294281,pomegranate
194937.5,2046.500772,517,601,1.593931388,0.584899743,pomegranate
191090,1877.003297,513,598,1.60539013,0.681581437,pomegranate
160977,1768.410371,402,599,1.495853445,0.646855965,pomegranate
64330,1037.685414,313,313,1.522913104,0.75074421,pomegranate
72552,1166.940247,340,326,1.527731834,0.669517627,pomegranate
443835,5070.540641,1446,529,1.723464801,0.216931628,Pumpkin
354979,4163.545693,815,910,2.089278521,0.257327295,Pumpkin
538441,5444.569201,993,1121,2.067362998,0.228255338,Pumpkin
270925,3684.98726,618,789,1.799767463,0.250718837,Pumpkin
169652.5,1889.71694,767,304,1.374385877,0.59700314,Rose
307764,2450.223642,808,550,1.443963556,0.644193339,Rose
220871,1937.48858,695,451,1.419131529,0.739384358,Rose
59092.5,1061.016369,208,424,1.492439819,0.659626447,Rose
256594.5,2052.417512,583,640,1.45412314,0.765465786,Rose
290129.5,2400.951562,771,518,1.376550816,0.632462757,Rose
347468,2586.93432,655,728,1.372327811,0.652459972,Rose
278920.5,2206.892686,630,687,1.551732483,0.719660835,Rose
265411.5,2700.785043,874,443,1.458798884,0.457245627,Rose
401484,3687.929265,1386,431,1.48789491,0.370947921,Rose
301313,2437.703872,632,767,1.608772273,0.637185434,Rose
519141,2817.11512,897,850,1.46867614,0.822026852,Sampige
613605.5,3201.759782,1217,717,1.422068414,0.752179716,Sampige
713445.5,3387.725292,1257,789,1.390117395,0.781185717,Sampige
453132.5,5912.056574,1163,558,1.43215064,0.162913815,Sampige
414145,3112.179048,1090,530,1.394922068,0.537320162,Sampige
626663,4874.447279,1288,698,1.43462116,0.331431027,Sampige
630276,5597.113365,1290,707,1.447032729,0.252820582,Sampige
695492,5939.152028,1317,769,1.456196477,0.247772509,Sampige
417387,2791.527246,1106,549,1.454750627,0.67307745,Sampige
181170,1678.434758,566,482,1.505834299,0.808141146,Sampige
233655,1906.968809,656,540,1.516081402,0.807416767,Sampige
452212,2809.267362,1106,582,1.423429719,0.720055214,Sampige
451299,2812.438937,1110,581,1.429008263,0.716981635,Sampige
580559.5,3364.308118,830,1122,1.604073312,0.644562556,Sampige
485326,2831.894777,1049,646,1.396286208,0.760482452,Sampige
832010.5,3670.945636,1351,855,1.388329835,0.775858934,Sampige
149730,1688.788007,433,500,1.445936018,0.659733316,Sapota
63117,1099.9453,294,325,1.513855221,0.655562399,Sapota
495243.5,2746.078539,890,791,1.421502756,0.825282697,Sapota
246232,2019.85611,610,607,1.503744436,0.758426487,Sapota
157438,1843.263183,698,351,1.556155439,0.582297239,Sapota
386406.5,3071.39225,1195,504,1.558669432,0.514735023,Sapota
159439,1928.895653,773,318,1.541743237,0.538501549,Sapota
496062,2769.4196,1003,642,1.298075644,0.81277119,Sapota
236345.5,1943.138295,708,435,1.303092295,0.786592462,Sapota
342534,2567.135327,972,514,1.458564697,0.653154651,Sapota
163164,1807.155541,700,349,1.497266554,0.627831556,Sapota
241753,2203.6551,611,608,1.536642772,0.625596759,Sapota
138685,1508.018455,446,441,1.418221149,0.766348024,Sapota
366440.5,2471.946511,684,758,1.414887274,0.753590115,Sapota
147321.5,1530.545367,422,476,1.363494127,0.790284715,Sapota
273736,2445.831728,897,459,1.50408788,0.575027522,Seethaashoka
141614,1657.675309,604,352,1.501320491,0.647615324,Seethaashoka
326705.5,2649.505824,1124,406,1.39680538,0.584839306,Seethaashoka
479026.5,3329.745498,1411,491,1.44626863,0.542934354,Seethaashoka
326826.5,2753.069315,1171,399,1.429593378,0.541867165,Seethaashoka
318918.5,2756.383023,1173,401,1.474900327,0.527485401,Seethaashoka
496981.5,3316.314041,1371,537,1.481397195,0.567856743,Seethaashoka
671338,3221.742533,935,1005,1.399704769,0.812773309,Seethapala
332506,2267.454089,640,720,1.385839654,0.812703904,Seethapala
654404.5,10349.89665,1279,1021,1.995492085,0.076768687,Seethapala
726446,5234.520437,1060,1056,1.540871586,0.333165023,Seethapala
567639.5,3505.136538,967,945,1.609850971,0.580594066,Seethapala
501472.5,3139.80855,943,844,1.587109961,0.639220435,Seethapala
179193,3188.846884,1440,212,1.703637977,0.221443823,Seethapala
166989.5,4915.248354,1188,546,3.884363987,0.086857654,Seethapala
100274,1557.131153,422,429,1.805433113,0.519694136,Seethapala
85082.5,1583.197168,375,436,1.921664267,0.42655997,Seethapala
141309.5,2179.873354,382,769,2.078826972,0.373696214,Seethapala
212966.5,2495.069312,390,968,1.772673167,0.4298886,Seethapala
293860,2474.282514,730,676,1.679303069,0.603186713,Seethapala
30027.5,787.0508565,223,229,1.700674382,0.609148877,Seethapala
389366,2560.581067,788,781,1.580589985,0.746261144,Seethapala
220266.5,2486.539437,711,741,2.391879836,0.447679916,Seethapala
492867,3095.777029,1178,648,1.548782937,0.646249556,Seethapala
148631.5,1748.937284,632,393,1.671085873,0.610621726,Seethapala
491751,3465.188271,949,855,1.650011896,0.514637519,Seethapala
164496.5,1861.658063,713,335,1.452036973,0.596439908,Seethapala
310383,2535.904884,956,527,1.623194569,0.606515453,Seethapala
111013,1799.169818,575,417,2.159882176,0.430962408,Seethapala
525035,3169.115118,970,866,1.599931433,0.656934529,Seethapala
653485,3639.448158,1395,734,1.566876057,0.619975336,Seethapala
85810.5,1434.060084,326,416,1.580412653,0.524343153,Seethapala
287973.5,2960.431793,1139,564,2.230746926,0.412907023,Seethapala
263541.5,2231.755606,699,624,1.655056225,0.664914201,Seethapala
343273,2679.350618,749,683,1.490262852,0.600883684,Seethapala
197977,1869.748466,566,503,1.438035731,0.711636528,Spinach
713687.5,4317.548664,1307,812,1.487042999,0.481108989,Spinach
728555,4368.619733,1319,820,1.484555044,0.479715467,Spinach
530484.5,3323.298885,970,799,1.460985194,0.603592395,Spinach
508386.5,3834.31822,982,871,1.682424691,0.434537806,Spinach
441553,3054.983091,903,672,1.374276701,0.594531791,Spinach
166716,1732.729132,549,412,1.356726409,0.697791687,Spinach
346328.5,2844.054155,745,692,1.488586703,0.538049674,Spinach
161542,1911.606329,511,473,1.496223892,0.555518338,Spinach
451588.5,3177.024722,933,665,1.373916741,0.562226807,Spinach
445239,6774.607874,896,695,1.398619618,0.121908711,Spinach
270995.5,3505.073486,687,536,1.358812231,0.277190083,Spinach
557825.5,4133.136537,1098,818,1.610116425,0.4103446,Spinach
258170.5,2824.941456,748,560,1.622493662,0.406534658,Spinach
696144,3550.39434,1040,906,1.353513066,0.693994076,Spinach
261510.5,2134.559647,639,548,1.3390361,0.721244318,Spinach
372268.5,2785.686624,868,592,1.380337042,0.60283941,Spinach
179918.5,2040.677397,615,399,1.363867529,0.542921421,Spinach
726396.5,4006.033945,1162,909,1.454106676,0.568793149,Spinach
285950.5,2504.809426,717,624,1.564634438,0.572731865,Spinach
670934.5,3518.176083,1029,897,1.375712532,0.681168952,Spinach
355209,2656.591172,864,640,1.556717313,0.632476473,Spinach
338261.5,2755.676524,861,834,2.122836918,0.559765285,Spinach
244790.5,2363.176958,725,721,2.135397411,0.550822835,Spinach
303617,2656.78208,828,800,2.181696018,0.540535326,Spinach
365162,2669.492758,930,715,1.820972609,0.643928945,Spinach
233897.5,2141.779991,723,586,1.811383191,0.640745744,Spinach
345888,2640.497808,890,718,1.84747664,0.62340996,Spinach
232635,2659.890603,1119,403,1.938474434,0.413197199,Spinach
202936,2554.390162,817,538,2.165934088,0.390835941,Spinach
304606.5,3117.333374,1232,628,2.539985194,0.393896872,Spinach
273707,2342.70892,726,697,1.848772593,0.626699151,Spinach
729769,3514.830849,1269,819,1.424164359,0.742311888,Spinach
200096.5,2077.574804,820,346,1.417915856,0.58255377,Spinach
186530,1991.474301,790,352,1.490805769,0.591029477,Spinach
247405,2333.620607,702,647,1.835831935,0.570897096,Spinach
150220,2545.734187,1142,254,1.9309546,0.291280568,Spinach
254287.5,3304.677397,1468,338,1.951271691,0.292601627,Spinach
280018,2352.708927,904,500,1.614181945,0.635710541,Spinach
178314,2186.493632,354,917,1.820485211,0.46870423,Spinach
276631,2271.512969,634,687,1.574509003,0.673721286,Spinach
198558.5,2335.495719,610,643,1.975387606,0.457446381,Spinach
204554,2582.140382,987,523,2.523543905,0.385529967,Spinach
218270.5,2730.123137,1075,520,2.561042376,0.367993745,Spinach
205515,2003.003299,633,578,1.780278812,0.64370971,Spinach
215450.5,2712.476386,1131,422,2.215274506,0.367981036,Spinach
282218.5,2271.779991,732,658,1.706677627,0.687167803,Spinach
160433,1851.949476,567,485,1.714080021,0.587821274,Spinach
267188,2235.395216,714,647,1.728962379,0.671920944,Spinach
267145,2182.282518,690,632,1.632371933,0.704912103,Spinach
217645.5,2924.202222,1332,281,1.719732317,0.319848818,Spinach
566407,3371.531421,1121,884,1.749561711,0.626158172,Spinach
64.5,40.72792172,12,10,1.860465116,0.488635572,Spinach
313853,2516.556681,777,764,1.891420506,0.622762875,Spinach
174523,2331.831724,887,459,2.332832922,0.403337053,Spinach
144593,2516.871268,1113,288,2.216870803,0.28683697,Spinach
158126,1666.920038,527,507,1.68972212,0.715127723,Spinach
336804,2923.644995,1119,619,2.056569993,0.495151194,Spinach
287013.5,3088.912898,1376,325,1.558114862,0.37800789,Spinach
234279.5,2043.304813,694,536,1.5877787,0.705144035,Spinach
159047,1918.576892,607,476,1.816645394,0.542971365,Spinach
291061.5,2504.372916,824,661,1.871302113,0.583171955,Spinach
177423.5,1857.280434,654,464,1.710348404,0.646347449,Spinach
233308,3084.179045,774,544,1.804721655,0.308219655,Spinach
132621,1598.528124,475,466,1.669041856,0.652201209,Spinach
193705.5,2458.452003,988,415,2.11671842,0.402743322,Spinach
321791.5,2855.343481,1047,623,2.027029925,0.495984055,Spinach
244406,2073.880493,565,720,1.66444359,0.714092175,Spinach
200003,2758.341392,1178,439,2.585671215,0.330331767,Spinach
240434,2950.272413,1216,541,2.736118852,0.347121496,Spinach
371630,2780.286693,823,880,1.948820063,0.604145392,Spinach
188220.5,3005.197168,1357,270,1.946599866,0.261897194,Spinach
225534.5,2695.721118,1069,521,2.469462543,0.390007472,Spinach
191110.5,1930.250992,559,596,1.743305575,0.644565185,Spinach
170774,2911.91081,1347,225,1.774713949,0.253090287,Spinach
255100,2537.846005,860,661,2.228381027,0.497725385,Spinach
327256.5,2716.490667,904,633,1.748573367,0.557290591,Spinach
253573.5,3169.172783,1448,297,1.695981638,0.317264802,Spinach
287234,2606.365776,920,587,1.880139538,0.531343022,Spinach
155038.5,2150.177836,924,283,1.686626225,0.421405947,Spinach
279824.5,2428.206396,647,794,1.835857832,0.596381829,Spinach
270897,2412.258131,703,712,1.847698572,0.585014327,Spinach
314705,2605.728257,683,845,1.833892058,0.582445457,Spinach
255134,2302.743412,692,675,1.830802637,0.604626399,Spinach
317063,2572.365775,665,833,1.74711335,0.602129608,Spinach
385545.5,3232.151695,821,1002,2.133709251,0.463769338,Spinach
351747,2769.70387,610,967,1.676972369,0.576200447,Spinach
343661,2905.492756,652,1029,1.952237816,0.511564642,Spinach
3028,239.8233742,82,52,1.408190225,0.661580532,Spinach
353356.5,2925.652134,657,1033,1.920669352,0.518773252,Spinach
229551.5,2215.897742,550,791,1.895217413,0.587476595,Spinach
263669,2527.311953,521,879,1.736870849,0.518741786,Spinach
205301.5,2354.515052,582,723,2.049600222,0.465370708,Spinach
253766.5,2390.785042,536,839,1.772117281,0.557908649,Spinach
306432,2476.674436,661,852,1.837836779,0.627778065,Spinach
210133.5,2139.731222,526,761,1.904912829,0.576748815,Spinach
374698.5,3056.362813,677,1089,1.967589942,0.504059732,Spinach
183407.5,2115.623577,543,687,2.033946267,0.514932329,Spinach
358561,2928.639942,794,928,2.054969726,0.525340583,Spinach
193170.5,2108.785047,512,750,1.987881172,0.545865996,Spinach
124906,1617.238799,471,517,1.949522041,0.600129341,Spinach
303256,2709.336342,652,886,1.904898831,0.519150673,Spinach
326758,2725.610507,720,907,1.998543264,0.55272423,Spinach
363183.5,3602.872478,727,1003,2.007748149,0.351591358,Spinach
189388.5,2209.505828,522,751,2.069935609,0.487498367,Spinach
103475.5,1611.457056,408,522,2.058226343,0.500737279,Spinach
1000978.5,4202.048229,1233,1120,1.379610052,0.712381361,Taro
993175.5,4291.420815,1226,1121,1.383789673,0.677694023,Taro
817442.5,4203.666418,1225,922,1.381687397,0.581313739,Taro
1055036.5,4709.091943,1335,1081,1.36785315,0.597864833,Taro
1001158.5,5053.140717,1307,1056,1.378594898,0.492708345,Taro
949406.5,6015.522526,1273,1014,1.359609398,0.329697269,Taro
970549,6624.402687,1366,1005,1.414488089,0.27792901,Taro
966432.5,4594.842163,1373,984,1.397957954,0.575228235,Taro
516842.5,3597.35776,1101,674,1.435783628,0.501881076,Taro
1162842.5,5357.213869,1484,1079,1.377001615,0.509158257,Taro
831147.5,4128.484738,1397,830,1.395071272,0.612782847,Taro
929166,4434.692889,1445,893,1.388756153,0.593712339,Taro
896572.5,5611.674767,1540,867,1.489204721,0.357775249,Taro
431774.5,2848.348531,933,641,1.385104956,0.66877587,Taro
845573,4261.275707,1295,973,1.490155197,0.585169528,Taro
348453.5,2897.049097,994,566,1.614574111,0.521726606,Taro
947476,4867.594469,1366,1008,1.453258974,0.502515317,Taro
283794,2668.934318,742,572,1.495535494,0.500653551,Taro
464006.5,3082.823708,894,714,1.375661763,0.613531052,Taro
611253.5,3509.347655,1107,790,1.430715734,0.623703865,Taro
1156958.5,4818.783286,1569,1009,1.368347266,0.626113192,Taro
1186891.5,4800.631048,1560,1074,1.411620186,0.647178714,Taro
679863.5,3648.269448,973,937,1.341005952,0.641885813,Taro
4082.5,303.237588,57,117,1.633557869,0.557917508,Taro
469560.5,4407.871599,1195,919,2.338793404,0.303699132,Taro
52625,1984.842708,88,945,1.58023753,0.16786099,Thumbe
30633,1538.04877,56,739,1.350961382,0.162726836,Thumbe
43263,1813.602155,191,824,3.63784296,0.165288428,Thumbe
172904,3071.630714,1362,246,1.93779207,0.230290966,Thumbe
121019.5,2515.089524,1135,193,1.810080194,0.240413207,Thumbe
72959,1796.361601,175,764,1.832536082,0.284119611,Thumbe
119694,2673.62654,1239,174,1.801142914,0.210416968,Thumbe
43877,2327.8906,1008,355,8.155525674,0.10174701,Thumbe
118336.5,2541.637853,1022,337,2.910462959,0.23019784,Thumbe
60816.5,2042.289653,508,680,5.68003749,0.183230013,Thumbe
57635.5,1676.6875,715,288,3.572798015,0.257629551,Thumbe
179967,2976.02263,1297,418,3.012474509,0.255346719,Thumbe
101793,2273.935195,1027,186,1.876573045,0.247384002,Thumbe
54926,1771.360724,587,572,6.113024797,0.219975247,Thumbe
167214.5,2832.490669,1196,449,3.211467905,0.261906829,Thumbe
90327.5,2297.800198,964,132,1.408740417,0.214983599,Thumbe
72370.5,2120.61852,857,305,3.611761698,0.202230352,Thumbe
100415.5,2360.73627,971,253,2.446464938,0.226420463,Thumbe
32754,1627.665201,366,586,6.54808573,0.155361731,Thumbe
69406.5,1864.697607,830,137,1.638319178,0.250837915,Thumbe
50753.5,1810.206395,564,600,6.667520467,0.194634432,Thumbe
56108,2215.669376,743,611,8.091056534,0.143623247,Thumbe
65632.5,2278.990228,756,610,7.026396983,0.158797582,Thumbe
66570,2448.331284,1016,477,7.280036052,0.139555854,Thumbe
191138,3100.682787,1032,981,5.296654773,0.249828641,Thumbe
121673,1870.361601,252,808,1.673469052,0.437071939,Thumbe
38135,1934.802285,804,386,8.138035925,0.128014873,Thumbe
173217,3337.771095,1216,866,6.079403292,0.195383227,Thumbe
95795.5,2325.207274,1041,151,1.640901713,0.222654577,Thumbe
86613.5,2485.897738,1042,379,4.559543258,0.176128215,Thumbe
30291,1635.02768,528,491,8.558581757,0.142387956,Thumbe
68390,2049.052066,772,451,5.090978213,0.204689931,Thumbe
88847.5,2725.240009,908,735,7.511522553,0.150329968,Thumbe
88381.5,2127.231658,933,157,1.657371735,0.245437917,Thumbe
131348.5,2619.290534,1186,178,1.607235713,0.240584495,Thumbe
107583.5,2375.264403,847,717,5.644908373,0.239624717,Thumbe
80434,2092.146311,964,151,1.809732203,0.230922061,Thumbe
88349,2229.518894,1035,139,1.628371572,0.223351662,Thumbe
58930,2536.404442,590,972,9.731545902,0.115109004,Thumbe
217473.5,2038.653009,732,425,1.430519121,0.657551212,Tulsi
223210,2049.439807,740,431,1.428878634,0.667810398,Tulsi
78232,1198.371705,430,260,1.429082728,0.684559504,Tulsi
67022.5,1142.614347,396,241,1.423939722,0.64510609,Tulsi
132716,1518.905757,567,324,1.384218934,0.722888792,Tulsi
143424.5,1502.143348,479,445,1.486182626,0.798749227,Tulsi
90549,1639.650923,517,233,1.330340479,0.423243919,Tulsi
81584.5,1259.584909,440,257,1.386047595,0.646193556,Tulsi
137340.5,1481.290537,476,389,1.348211198,0.786552999,Tulsi
77057.5,1073.016369,354,286,1.313876002,0.841031157,Tulsi
219748,1835.817444,595,471,1.275301709,0.819361985,Tulsi
109268,1570.420476,416,484,1.842662079,0.556763761,Tulsi
124345,1385.425528,437,365,1.282761671,0.814088873,Tulsi
86058,1242.479354,347,396,1.596737084,0.700523568,Tulsi
229610.5,2034.986053,629,532,1.457372376,0.696752818,Tulsi
140588,1445.851936,473,389,1.308767462,0.845104618,Tulsi
81796,1515.474298,370,350,1.583207003,0.447553317,Tulsi
532696,3245.835896,721,1021,1.381915764,0.635383865,Tulsi
73198,1119.116873,334,297,1.355200962,0.734443161,Tulsi
74963.5,1083.727045,340,296,1.342520026,0.80208408,Tulsi
34641.5,756.9675971,232,197,1.319342407,0.759717227,Tulsi
56390,963.5188929,293,249,1.293793226,0.763293368,Tulsi
134422.5,1440.177837,474,384,1.35405903,0.814422167,Tulsi
199676.5,1774.250995,602,467,1.407947355,0.797088796,Tulsi
158577,1586.07733,482,422,1.282682861,0.792138909,Tulsi
59636,1072.891478,419,212,1.489502985,0.651038661,Tulsi
21896.5,631.511755,180,202,1.660539356,0.689956464,Tulsi
96121,1531.342268,641,239,1.593814047,0.515090576,Tulsi
133645,2090.798113,923,223,1.540117475,0.384183209,Tulsi
477757,3366.526373,1062,966,2.147309197,0.529727941,Turmeric
340927,2480.414545,573,926,1.55633904,0.696342211,Turmeric
339931.5,2473.627751,791,705,1.640492276,0.698124028,Turmeric
342888,2336.556683,646,795,1.4977777,0.789240764,Turmeric
274225,2095.13533,580,711,1.503801623,0.78504174,Turmeric
637566.5,3189.181134,884,1058,1.466940311,0.787729266,Turmeric
491983,2829.173994,775,957,1.507521601,0.77239712,Turmeric
500819,2847.316126,781,965,1.504865031,0.776281587,Turmeric
502147,2867.316131,781,966,1.50244052,0.767519787,Turmeric
