673495.5,3476.176078,1126,938,1.568218347,0.700391762,Arive-Dantu
681558,3635.285818,1110,1058,1.723081528,0.648090357,Arive-Dantu
572235,3231.247149,1042,917,1.669793005,0.688721954,Arive-Dantu
589500,3322.952779,1001,973,1.652201866,0.670880755,Arive-Dantu
618796,3289.188275,992,972,1.558225974,0.718753371,Arive-Dantu
620710,3367.850174,1029,940,1.558312255,0.687690588,Arive-Dantu
703532,3650.658406,1195,989,1.679888051,0.663363123,Arive-Dantu
556410.5,3197.181135,954,886,1.519101455,0.684022988,Arive-Dantu
458583.5,3080.328326,791,943,1.62655874,0.607343334,Arive-Dantu
606867,3319.864467,1074,998,1.766205775,0.691930824,Arive-Dantu
530761,3422.300972,939,950,1.680699976,0.569472119,Arive-Dantu
549206.5,3211.950685,1018,895,1.658957059,0.668971776,Arive-Dantu
490414,3015.350619,780,949,1.509377791,0.677793012,Arive-Dantu
572918.5,3213.514173,962,997,1.674084534,0.697175747,Arive-Dantu
618086,3108.203433,923,920,1.373854124,0.803970103,Arive-Dantu
709995,3701.580192,1136,1014,1.622411425,0.65116467,Arive-Dantu
652309,3364.075578,970,1024,1.522713929,0.724322117,Arive-Dantu
623446,3238.761871,969,994,1.544938936,0.746879727,Arive-Dantu
704553.5,3592.852268,1064,1050,1.585685118,0.685875233,Arive-Dantu
583415,3314.654227,975,986,1.64779788,0.667284432,Arive-Dantu
378494.5,2708.397301,733,866,1.677112877,0.648402518,Arive-Dantu
490195.5,2985.298887,919,888,1.664788844,0.691199708,Arive-Dantu
509227.5,3011.122259,867,996,1.695768591,0.705772829,Arive-Dantu
628022,3547.898951,969,975,1.504366089,0.62696347,Arive-Dantu
444467.5,2887.323267,915,856,1.762198586,0.669975703,Arive-Dantu
493900,2929.766918,892,914,1.65071472,0.723074005,Arive-Dantu
732973,3515.295918,1120,1037,1.584560414,0.745373694,Arive-Dantu
643759.5,3309.867426,1056,908,1.489450641,0.738435076,Arive-Dantu
571174,3253.306025,1026,914,1.64181843,0.678154205,Arive-Dantu
592654.5,3070.494843,979,883,1.458618807,0.789941091,Arive-Dantu
613616.5,3262.980122,1035,892,1.50455537,0.724232545,Arive-Dantu
677168.5,3487.430913,1136,949,1.592017349,0.699673437,Arive-Dantu
501782.5,3041.808554,915,941,1.715912771,0.681493348,Arive-Dantu
556305.5,3236.647084,929,937,1.564739159,0.667317513,Arive-Dantu
654796.5,3309.524278,1001,965,1.475214055,0.751251013,Arive-Dantu
677412,3357.805594,1110,959,1.571407061,0.755008174,Arive-Dantu
588246,3245.756816,982,1000,1.669369617,0.701676434,Arive-Dantu
533301.5,3154.779117,992,937,1.742924031,0.673356031,Arive-Dantu
630156,3261.247151,1057,907,1.521367725,0.744544251,Arive-Dantu
532272.5,3078.210573,957,928,1.668498748,0.705906599,Arive-Dantu
557771.5,3064.435964,947,922,1.5653973,0.746388746,Arive-Dantu
518035.5,3045.524279,941,932,1.692957336,0.701851535,Arive-Dantu
571833,3143.53142,969,953,1.6149068,0.727182582,Arive-Dantu
572932.5,3120.779112,961,932,1.563276651,0.739243069,Arive-Dantu
678595.5,3470.685756,1110,925,1.51305159,0.707929895,Arive-Dantu
560546.5,3469.999456,987,977,1.720283687,0.5850092,Arive-Dantu
537319,3166.595351,1017,888,1.680744586,0.673374897,Arive-Dantu
617175,3379.129402,1113,901,1.624843845,0.679216994,Arive-Dantu
523869.5,2971.666416,900,927,1.592572196,0.745474627,Arive-Dantu
683175,3318.418722,1051,953,1.466100194,0.779613695,Arive-Dantu
496826,2976.678607,943,902,1.71204003,0.704612408,Arive-Dantu
632895,3307.330413,1079,918,1.565065295,0.727086966,Arive-Dantu
642888.5,3291.372042,1065,910,1.507493135,0.745747094,Arive-Dantu
507984.5,3034.033947,926,933,1.700756618,0.693456868,Arive-Dantu
616932,3396.835025,1037,981,1.648961312,0.671890115,Arive-Dantu
717281.5,3525.430915,1151,925,1.484319615,0.725228857,Arive-Dantu
560723.5,3055.558771,853,953,1.449750189,0.754705194,Arive-Dantu
554320,3250.300974,981,925,1.637005701,0.659361001,Arive-Dantu
515303.5,2873.049106,824,911,1.456741513,0.784489,Arive-Dantu
598698.5,3384.165972,1057,980,1.730186396,0.65692339,Arive-Dantu
711500.5,3648.945635,1139,911,1.458367211,0.671506603,Arive-Dantu
541740,3117.281645,942,859,1.493664858,0.700565397,Arive-Dantu
741632,3696.942674,1209,1007,1.641599877,0.681887755,Arive-Dantu
561487,3155.448159,948,967,1.632657568,0.708642949,Arive-Dantu
565377.5,3243.323271,1090,863,1.663791007,0.675410657,Arive-Dantu
553158,3194.962877,965,924,1.611944508,0.680969137,Arive-Dantu
668091.5,3434.93553,1124,971,1.633614557,0.711555254,Arive-Dantu
570060,3232.325358,979,1014,1.741406168,0.685646548,Arive-Dantu
537395.5,3205.406532,986,932,1.710010597,0.657260684,Arive-Dantu
475013.5,2853.676519,870,836,1.531156483,0.73300398,Arive-Dantu
677594,3256.820744,1041,934,1.434921207,0.802771054,Arive-Dantu
560423,3257.389291,1010,950,1.71209961,0.663722417,Arive-Dantu
609994.5,3268.685752,1046,962,1.649608316,0.717446371,Arive-Dantu
607909,3376.560857,1073,881,1.55502386,0.670037754,Arive-Dantu
571605.5,3124.14159,996,958,1.66927715,0.735944131,Arive-Dantu
559933.5,3160.293833,944,966,1.628593395,0.704516856,Arive-Dantu
622136,3438.904,1033,970,1.610596397,0.661081634,Arive-Dantu
537075,3091.683665,924,956,1.644731183,0.706081282,Arive-Dantu
664071.5,3807.018794,1070,1036,1.669278082,0.575777467,Arive-Dantu
560692,3114.879617,984,922,1.618086222,0.726192384,Arive-Dantu
604603,3474.536474,1087,932,1.675618546,0.629341559,Arive-Dantu
600888,3487.153785,1099,902,1.649721745,0.620956524,Arive-Dantu
715375.5,3951.445197,1319,937,1.727628357,0.57574742,Arive-Dantu
606850,3518.398518,1212,918,1.83342836,0.616029007,Arive-Dantu
625662.5,3261.160928,1018,1039,1.690531237,0.739274164,Arive-Dantu
691214,3458.124349,1199,898,1.557697037,0.726342035,Arive-Dantu
545403.5,3082.387201,881,974,1.57331957,0.72136223,Arive-Dantu
409350,3170.9385,1168,682,1.945953341,0.511598215,Arive-Dantu
800904.5,3623.146647,1075,1042,1.398606201,0.766688189,Arive-Dantu
663740,3859.785381,1224,936,1.726073463,0.559862709,Arive-Dantu
735933,3491.972114,1140,1017,1.575387977,0.758414465,Arive-Dantu
605600,3794.18322,1231,916,1.861948481,0.528638918,Arive-Dantu
640374,3633.310209,1327,941,1.949965177,0.60959107,Arive-Dantu
698963,3756.197507,1297,958,1.777670635,0.622539927,Arive-Dantu
779091,3732.516264,1245,1033,1.650750683,0.702739935,Arive-Dantu
673451.5,3462.023841,1083,1027,1.65155323,0.706083528,Arive-Dantu
627688,3445.864465,1123,1010,1.80699647,0.664289376,Arive-Dantu
611943.5,3426.734519,1198,926,1.812827491,0.654877804,Arive-Dantu
607007.5,3533.087772,932,1054,1.618312789,0.611075776,Arive-Dantu
646982.5,3498.925434,1284,903,1.792091749,0.664099301,Arive-Dantu
711683.5,3537.989353,1228,964,1.663368618,0.714469539,Arive-Dantu
712079,3809.275718,1249,1039,1.822425602,0.616670574,Arive-Dantu
597122,3789.722327,1325,859,1.906101266,0.522466147,Arive-Dantu
682025.5,3610.959919,1262,948,1.754151421,0.657302283,Arive-Dantu
861730.5,3887.72947,1266,1076,1.58079121,0.716455557,Arive-Dantu
706486,3801.251327,1333,910,1.716990853,0.6144128,Arive-Dantu
675924.5,3615.587335,1190,1033,1.818649864,0.649756061,Arive-Dantu
583518,4038.8392,1278,908,1.98866873,0.449522046,Arive-Dantu
625250.5,3448.901051,1296,864,1.790872618,0.66054505,Arive-Dantu
551794.5,3577.479684,1275,857,1.980220897,0.541792363,Arive-Dantu
716764,3755.913233,1278,1020,1.818673929,0.638491245,Arive-Dantu
693369.5,3542.58228,1160,1016,1.699757489,0.694280082,Arive-Dantu
640824.5,3679.420809,1173,937,1.715135735,0.594826147,Arive-Dantu
702179,3446.315252,1227,921,1.609371684,0.742929659,Arive-Dantu
671355,3542.148734,1237,937,1.726462155,0.67240124,Arive-Dantu
684575,3568.859408,1110,1063,1.723594931,0.67541705,Arive-Dantu
745188.5,3976.381267,1205,999,1.61542348,0.592243046,Arive-Dantu
650795.5,3408.509126,1089,995,1.664970025,0.703923531,Arive-Dantu
711232,3703.653345,1190,1064,1.78023486,0.651569116,Arive-Dantu
547729.5,3469.455305,1291,783,1.845533242,0.57181218,Arive-Dantu
581744,3582.006596,1238,865,1.840792514,0.56975614,Arive-Dantu
645910,3519.025938,1273,923,1.819106377,0.655446029,Arive-Dantu
821455.5,3931.822835,1046,1085,1.381584273,0.667737896,Basale
765299,3787.663453,994,1065,1.383263274,0.670344797,Basale
785670.5,3694.234961,983,1113,1.392541784,0.723437943,Basale
837994.5,3585.219802,1078,1073,1.380312162,0.819255677,Basale
897922.5,3733.278683,1126,1076,1.349310213,0.809595149,Basale
896555.5,3987.327446,1147,1075,1.375291323,0.708636045,Basale
848111.5,3751.763955,1024,1113,1.343823306,0.757167218,Basale
578591,3029.801415,886,921,1.410333033,0.792051115,Basale
923599,3881.521315,1195,1095,1.41676745,0.770352271,Basale
913209,3788.408617,1156,1042,1.319032116,0.799588272,Basale
1031228.5,4063.812724,1266,1121,1.376209056,0.784688702,Basale
962958,3972.256376,1209,1129,1.417466805,0.76690694,Basale
862543.5,3843.39643,1072,1070,1.329834379,0.733770936,Basale
847060,3795.614679,1082,1096,1.399985833,0.738855997,Basale
495845.5,2854.161803,826,821,1.367655852,0.764890137,Basale
748944.5,3444.431791,892,1075,1.280335192,0.793276012,Basale
511667.5,2841.593261,810,838,1.326603703,0.796294779,Basale
634829,3299.340515,825,1053,1.368439375,0.732845359,Basale
503999.5,2917.877535,877,788,1.3711839,0.743885081,Basale
895533.5,3782.842169,1177,1081,1.420758687,0.786421281,Basale
838616.5,3647.646209,1091,1060,1.379009356,0.792041339,Basale
533414.5,2895.049103,851,832,1.327357993,0.79976577,Basale
683237,3354.193335,1002,948,1.390287704,0.763141476,Basale
930270,3802.918281,1170,1097,1.379696217,0.80832292,Basale
1050529,4179.511214,1313,1124,1.404827473,0.755730448,Basale
823512.5,3695.337554,1025,1105,1.375358601,0.757830061,Basale
897576,3692.041089,1130,1075,1.353367291,0.827461973,Basale
1087635,4224.089863,1279,1117,1.313531654,0.765996422,Basale
960548.5,4348.180259,1208,1112,1.398467646,0.63843117,Basale
935509.5,3823.680694,1220,1065,1.388868846,0.804071797,Basale
778341,3628.30097,1025,1057,1.391967017,0.742973224,Basale
650309.5,3295.583157,935,985,1.416210281,0.752428805,Basale
670182,3362.904,921,1025,1.4086099,0.744686848,Basale
674521,3248.051196,914,1033,1.399751824,0.803451392,Basale
759424.5,3668.51923,893,1093,1.285248237,0.709108789,Basale
652767,3399.389285,834,1078,1.377293889,0.709849454,Basale
590054.5,3031.142468,725,1031,1.266789763,0.807029281,Basale
603232.5,3055.225733,752,1032,1.286508933,0.812097155,Basale
678922,3416.418726,966,1033,1.469797709,0.730949812,Basale
724219.5,3523.372055,993,1061,1.454770273,0.733099743,Basale
712761.5,3381.441025,907,1044,1.328506099,0.783340286,Basale
670955.5,3240.636979,931,1028,1.426425448,0.802865533,Basale
741568.5,3439.926306,901,1088,1.321911597,0.7875223,Basale
682565,3297.80141,783,1103,1.265299276,0.78868736,Basale
622678,3265.624787,794,1104,1.407751679,0.733737674,Basale
674095.5,3274.588212,777,1097,1.26446327,0.789983287,Basale
606303,3145.801414,1005,906,1.501773866,0.769904707,Basale
600477.5,3098.033953,912,952,1.445889313,0.786202203,Basale
747586,3634.359846,1074,1037,1.489779102,0.711238361,Basale
676398,3301.056246,874,1046,1.35157703,0.780021064,Basale
666096.5,3235.950687,911,1020,1.395023094,0.799361498,Basale
646587.5,3173.985175,998,885,1.365986815,0.80654273,Basale
665844.5,3192.161803,916,1002,1.378447971,0.821131831,Basale
592846.5,3048.789218,831,981,1.375079384,0.801488554,Basale
556562.5,3054.470461,755,1030,1.397237507,0.749638609,Basale
675319,3291.316131,790,1101,1.287969093,0.783392909,Basale
702678.5,3358.612591,899,1027,1.313933755,0.78279259,Basale
646157.5,3255.46541,875,1025,1.388012984,0.766164602,Basale
695955,3374.335464,921,1053,1.39349958,0.768094244,Basale
630660,3240.629841,766,1086,1.319056227,0.754651252,Basale
663684,3184.938497,902,1010,1.372671332,0.822184171,Basale
708006,3366.099961,937,1061,1.404164654,0.785222588,Basale
687289.5,3246.435969,918,1035,1.382430548,0.819475342,Basale
619925.5,3183.323271,857,1026,1.418367207,0.768754864,Basale
729491,3418.359848,935,1089,1.395788296,0.784502343,Basale
651801,3339.399392,957,1009,1.481453695,0.734493842,Basale
707846,3433.815695,897,1098,1.391412821,0.754387847,Basale
649548,3252.76187,880,1033,1.399496265,0.771465614,Basale
615468.5,3174.23496,845,1051,1.442957682,0.767604573,Basale
701298.5,3344.671475,905,1015,1.309820283,0.787781615,Basale
747531.5,3591.666417,1015,1076,1.460995289,0.728194466,Basale
678269.5,3225.097869,861,1043,1.323991422,0.819457352,Basale
721844,3656.727385,1024,1061,1.505122991,0.678372207,Basale
696204.5,3358.377096,952,1022,1.397497431,0.775689247,Basale
593283,3115.31613,883,946,1.407958765,0.768188004,Basale
692797.5,3450.51923,950,1050,1.439814664,0.73121867,Basale
670782,3366.203428,831,1075,1.331766505,0.743893131,Basale
752660,3575.874571,945,1095,1.374823958,0.73968046,Basale
736095,3581.791306,982,1084,1.446128557,0.721013134,Basale
635510,3335.173994,799,1063,1.336465201,0.717951755,Basale
703322.5,3481.288774,912,1069,1.386174906,0.729263162,Basale
742896,3681.982218,1052,1070,1.515205358,0.688611879,Basale
721731,3368.33546,888,1080,1.328805331,0.799382339,Basale
647856.5,3278.647086,910,1020,1.432724685,0.757354728,Basale
705772.5,3462.234957,1023,1057,1.532095682,0.7398804,Basale
834386,3693.330417,1015,1108,1.347841407,0.76867109,Basale
640453,3283.57602,854,1037,1.382768134,0.746453876,Basale
605783.5,3229.711012,884,999,1.457807946,0.729793474,Basale
585073,3220.286693,799,1023,1.397051308,0.708974877,Basale
598742.5,3206.647083,791,1038,1.371304025,0.73172454,Basale
572730,3117.385108,863,962,1.449559129,0.740591773,Basale
657598.5,3348.921251,988,1012,1.520465755,0.736818985,Basale
921655,3916.349749,1096,1138,1.353269933,0.755118845,Basale
709696.5,3499.24001,916,1068,1.378459666,0.728341514,Basale
612264.5,3215.465409,879,979,1.4055053,0.744151325,Basale
616274.5,3203.735397,819,1025,1.362177082,0.754520046,Basale
822461,3716.727383,1000,1109,1.348392203,0.748175983,Basale
722738.5,3456.186191,992,1023,1.404126112,0.760320662,Basale
757570,3599.011649,1116,1046,1.540895231,0.734964102,Basale
697800.5,3441.715188,1060,1003,1.523615991,0.740271933,Basale
744382,3364.536473,943,1056,1.33776475,0.826333283,Basale
797255,3638.262307,1069,1035,1.387780572,0.756866183,Basale
729232.5,3317.867429,934,1042,1.334592191,0.832449356,Basale
631058,3245.18828,935,981,1.453487635,0.753007572,Betel
782890,3594.349744,1016,1082,1.404171723,0.761500062,Betel
839423,3753.639064,1045,1141,1.420434036,0.748661859,Betel
711162,3572.776155,952,1133,1.516695211,0.700110824,Betel
712485.5,3457.077671,966,1099,1.490042955,0.749147993,Betel
742448.5,3607.018796,961,1151,1.489815118,0.717099446,Betel
800889,3895.109194,1003,1146,1.435202631,0.663350283,Betel
675835.5,3294.602491,888,1119,1.470286778,0.782428785,Betel
744134.5,3547.621831,930,1149,1.435990402,0.742996327,Betel
684653,3310.134457,919,1075,1.442957235,0.785215944,Betel
726127.5,3741.989356,939,1137,1.470324426,0.651654882,Betel
686249,3606.325356,892,1136,1.47659523,0.663073663,Betel
675005,3941.628968,904,1142,1.529422745,0.545965716,Betel
764994,3740.433007,964,1139,1.435300146,0.687106618,Betel
568117.5,3183.465403,837,1045,1.539584681,0.704446089,Betel
670887.5,3570.793394,914,1149,1.565368262,0.66119585,Betel
780362,3585.722336,972,1153,1.436148864,0.762698099,Betel
582434,3468.761868,760,1126,1.469282356,0.608285705,Betel
772470,3815.72233,957,1164,1.442059886,0.666711519,Betel
940268.5,3948.734529,1394,1006,1.49145058,0.757784777,Betel
532317,3037.115122,740,1115,1.55001625,0.725199827,Betel
754763,3451.178172,1156,967,1.481063592,0.796316481,Betel
524280.5,3026.754731,777,1061,1.572434985,0.719149378,Betel
534749.5,2996.754735,766,1062,1.521258084,0.748269168,Betel
520070,3023.541532,766,1066,1.570088642,0.714890934,Betel
586527.5,3100.553725,809,1085,1.496545345,0.766689863,Betel
800913.5,3650.048237,1289,964,1.551473411,0.755437032,Betel
814838.5,3804.048231,1322,955,1.549399053,0.707602527,Betel
809709.5,3737.420811,1317,948,1.541930779,0.728442204,Betel
689058.5,3867.351833,937,1135,1.543403064,0.578946711,Betel
754292.5,3725.361945,1144,1045,1.584902409,0.682987422,Betel
752258.5,3502.876657,1085,1049,1.512997194,0.770419519,Betel
721734,3355.614682,937,1084,1.407316269,0.805457922,Betel
742071.5,3595.562948,1101,1067,1.583091387,0.721309785,Betel
695764,3428.491881,1065,1023,1.565897345,0.743816088,Betel
738992.5,3576.239143,1098,1112,1.652217039,0.726100591,Betel
625420,3278.384237,894,1058,1.512346903,0.73124334,Betel
736997,3581.840076,1083,1055,1.550298034,0.721876994,Betel
664768.5,3401.396428,1060,987,1.573811033,0.722047542,Betel
651906,3403.438069,1024,1020,1.602194181,0.707227497,Betel
584104,3128.688712,785,1043,1.401728117,0.749851619,Betel
754983,3626.751767,1061,1063,1.493865425,0.72129243,Betel
640169.5,3414.734528,1023,979,1.564455976,0.689907635,Betel
690953.5,3467.229908,964,1088,1.517948748,0.722259736,Betel
725077.5,3590.793405,1144,1016,1.603006575,0.706664794,Betel
696217.5,3560.758905,1046,1079,1.621093983,0.690032683,Betel
725716,3476.207611,1009,1077,1.497408077,0.754684013,Betel
740298.5,3599.763954,1055,1054,1.502056265,0.717907823,Betel
812864,3913.854353,1260,969,1.502022479,0.666835073,Betel
301996,2315.052068,745,607,1.497420496,0.70809174,Betel
831976.5,3700.783287,1180,1089,1.544538818,0.76336741,Betel
342299,2418.792182,709,723,1.497541623,0.73522181,Betel
283464.5,2190.334251,615,675,1.464469096,0.742485117,Betel
787812.5,3624.994407,1092,1114,1.544133915,0.753386875,Betel
762222.5,3529.004518,1004,1100,1.448920755,0.769107772,Betel
640424.5,3163.288787,999,968,1.509985955,0.804266757,Betel
654035,3217.18828,927,1040,1.474049554,0.794068372,Betel
296154.5,2204.275377,616,695,1.445596808,0.765943088,Betel
619101,3086.904009,955,976,1.505537869,0.81644159,Betel
836506,3773.781198,1116,1138,1.518229397,0.738117482,Betel
311997.5,2274.216504,641,719,1.477188118,0.758049149,Betel
574028,2970.41873,963,912,1.529988084,0.817537329,Betel
626100,3133.41368,1039,923,1.531699409,0.801342354,Betel
499535.5,2820.50495,896,844,1.513854371,0.78908264,Betel
454136,2679.056253,880,805,1.559885145,0.795118995,Betel
722815.5,3377.489793,1005,1045,1.452964138,0.796249606,Betel
488656.5,2880.799325,808,905,1.496429496,0.73992471,Betel
652845,3196.099963,934,1050,1.502194242,0.803117775,Betel
611418.5,3188.837987,887,1038,1.505852374,0.755585351,Betel
600786,3069.957834,939,987,1.542634149,0.801059632,Betel
692104.5,3426.484741,958,1055,1.460314158,0.740770933,Betel
442906,2735.860283,800,818,1.477514416,0.743590098,Betel
646292.5,3270.259346,995,998,1.536471489,0.759406988,Betel
681066.5,3319.136544,1078,974,1.541658561,0.776871421,Betel
414969,2790.365777,710,900,1.539874063,0.669735384,Betel
740636,3438.644123,1092,998,1.471459664,0.787118679,Betel
812718,4007.334584,1171,1087,1.566197623,0.635972788,Betel
388028,2507.752645,793,765,1.563405218,0.775360255,Betel
658661.5,3236.342611,1007,973,1.487578976,0.790247554,Betel
329558.5,2356.289659,681,738,1.525003907,0.745907591,Betel
635530.5,3145.122263,929,1008,1.473465082,0.807367375,Betel
368927.5,2688.383029,497,1082,1.457614301,0.641458557,Betel
727397,3413.580196,1060,1060,1.544686052,0.784442561,Betel
775225.5,3493.136541,1040,1109,1.487773558,0.798374745,Betel
776977,3679.604582,1046,1114,1.499714921,0.72113359,Betel
424121,2650.924215,642,967,1.463766237,0.758411686,Betel
505924.5,3032.549543,767,976,1.479651608,0.691321026,Betel
573779,2984.678612,959,911,1.522622822,0.809392855,Betel
606417,3066.61974,970,947,1.514782732,0.810328993,Betel
664811,3195.957833,998,984,1.477159674,0.817910869,Betel
370633,2462.365777,725,759,1.484689707,0.768154919,Betel
200945.5,1981.079418,411,731,1.495136741,0.643404919,Betel
181052,1684.920045,518,502,1.436250359,0.801409704,Betel
222767.5,2014.628628,522,631,1.478590908,0.689718211,Betel
219836.5,2060.476386,429,768,1.498713817,0.650690373,Betel
380622.5,3256.074367,1378,410,1.484357861,0.451144524,Betel
362021,3234.660154,1341,404,1.496498822,0.434796771,Betel
298368,2611.263183,1009,481,1.626612103,0.549871,Betel
655079,3863.438052,1243,806,1.52936974,0.55151285,Betel
774113.5,4258.155874,1353,852,1.48913047,0.536502061,Betel
595564,4126.217709,789,1013,1.342016979,0.439576053,Betel
546779,3064.311081,862,919,1.448808385,0.731738637,Betel
608291.5,4745.465405,1359,643,1.436543171,0.339440758,Betel
737147,3673.448166,1354,826,1.517206202,0.68646142,Betel
621403.5,3367.382142,1264,740,1.50523774,0.688650315,Betel
740229,3635.389289,1347,822,1.495799273,0.703840273,Betel
854938,4888.187399,1410,896,1.477721191,0.449623281,Betel
704797.5,3550.09283,1308,802,1.488393475,0.702740204,Betel
695943,3533.105017,1302,800,1.496674297,0.700600499,Betel
734468.5,3620.058334,1312,844,1.50765894,0.704290614,Betel
737903.5,3726.543616,1356,818,1.503188425,0.667724047,Betel
781034.5,3712.685751,1370,850,1.49097127,0.712038866,Betel
814147.5,3842.082722,1433,862,1.517226301,0.693073885,Betel
929343,4342.717272,1479,930,1.480045581,0.619245393,Betel
788724.5,3804.827887,1386,855,1.502463788,0.684644563,Betel
735258,3622.644119,1345,823,1.50550555,0.704041531,Betel
757295,3717.614679,1417,822,1.538071689,0.688567,Betel
781470.5,3804.283725,1443,840,1.551075824,0.678541874,Betel
733989.5,3669.715185,1380,817,1.53607102,0.684912344,Betel
713383,4151.521313,1366,815,1.560578259,0.520137392,Betel
725051,4099.604575,1248,834,1.435529363,0.542118817,Betel
666275,3476.276586,1308,781,1.533222768,0.692842843,Betel
783505,3797.639063,1424,844,1.533948092,0.682691136,Betel
633837,3410.820742,1277,772,1.55535887,0.684651652,Betel
673809,3771.413669,1321,789,1.546831521,0.595303355,Betel
708092.5,3758.626871,1346,816,1.551119381,0.629856231,Betel
852872.5,3999.538558,1395,938,1.534238705,0.669999069,Betel
722703.5,4862.748793,1322,863,1.578636329,0.384066434,Betel
944812,4305.913235,1467,969,1.504556462,0.640360766,Betel
730717,3721.212659,1365,856,1.599032183,0.663116899,Betel
833241.5,4139.847216,1415,923,1.56742673,0.610959088,Betel
692480,3890.183226,1290,844,1.572262015,0.575012102,Betel
680216.5,6699.727707,1372,872,1.758828255,0.190433225,Betel
920910,4035.545698,1480,965,1.550857304,0.7105956,Betel
933482.5,4061.244181,1490,973,1.553076785,0.711209977,Betel
222433,2074.351497,422,690,1.309068349,0.64959756,Bhrami
203300.5,2035.515929,416,665,1.360744317,0.616594008,Bhrami
164617,1739.935196,381,617,1.428023837,0.683310981,Bhrami
170002.5,1771.63368,387,628,1.429602506,0.680639761,Bhrami
256552,2245.464199,457,739,1.316391999,0.639400539,Bhrami
252405.5,2231.020544,453,733,1.315537894,0.637237814,Bhrami
240575.5,2241.873355,449,714,1.332579585,0.601504818,Bhrami
238115.5,2242.843921,447,709,1.330963335,0.594838988,Bhrami
181630,1931.523071,408,654,1.469096515,0.611783341,Bhrami
192402,1994.292622,419,675,1.469969127,0.607913351,Bhrami
450446.5,3094.015493,1286,455,1.298999992,0.591300318,Bhrami
216240,2577.488579,789,370,1.350027747,0.409027396,Bhrami
325526.5,2636.452003,1106,374,1.270692248,0.58851356,Bhrami
362343,2765.797233,1000,490,1.352309828,0.595235828,Bhrami
224908.5,2177.089526,915,311,1.265247867,0.59629773,Bhrami
303403.5,2453.731223,893,463,1.362736422,0.633251857,Bhrami
240359.5,2269.800203,937,324,1.263058044,0.586267602,Bhrami
192012.5,1892.545367,709,353,1.303441182,0.673669319,Bhrami
207497.5,2089.716941,871,317,1.330652177,0.59710101,Bhrami
314916.5,2620.108855,1083,369,1.268993527,0.576456593,Bhrami
437264,3144.341394,1253,443,1.26943677,0.55576885,Bhrami
381389.5,2569.672344,981,499,1.283514622,0.725810247,Bhrami
430440.5,5282.852268,1271,439,1.296274398,0.193814408,Bhrami
423071.5,2906.961672,1208,454,1.296310435,0.629136704,Bhrami
384391.5,3002.064263,1137,459,1.357686109,0.535973936,Bhrami
209833.5,3288.407408,800,786,2.996661639,0.243844774,Bhrami
408754.5,2916.088644,576,928,1.307699365,0.604047328,Bhrami
220674.5,2005.339306,417,677,1.279300508,0.689582581,Bhrami
398671.5,2917.711012,591,906,1.34307569,0.588491921,Bhrami
190761,2007.949475,432,630,1.426706717,0.594557543,Bhrami
124535.5,1634.687502,354,498,1.415596356,0.585643798,Bhrami
274777,2366.625668,560,757,1.542778326,0.616497189,Bhrami
177450,1890.836779,416,593,1.39018315,0.623702931,Bhrami
277628.5,2560.701782,1000,370,1.332716202,0.532054233,Bhrami
171990,1974.385988,779,299,1.354270597,0.554432832,Bhrami
406799.5,3073.828762,590,935,1.356073447,0.541041943,Bhrami
203668,2324.611386,891,316,1.382426302,0.473622081,Bhrami
245588,2276.944424,486,731,1.446593482,0.595267464,Bhrami
140725.5,1707.172783,364,558,1.443320507,0.60677504,Bhrami
312011.5,2879.329198,1121,403,1.447904965,0.472931044,Bhrami
198603.5,2273.030649,890,302,1.353349765,0.483043429,Bhrami
159505,1818.327112,362,582,1.320861415,0.606233787,Bhrami
77657.5,1267.584908,253,408,1.32922126,0.607350159,Bhrami
189091.5,2399.672346,414,637,1.394658142,0.412646321,Bhrami
286941,2832.861163,1072,374,1.397248912,0.449316007,Bhrami
160883.5,2110.202221,797,279,1.382136764,0.454018154,Bhrami
204113,3031.370828,839,605,2.486833274,0.279127352,Bhrami
164038,2709.949476,663,612,2.473548812,0.280693232,Bhrami
161232.5,1889.197168,368,620,1.415099313,0.567685603,Bhrami
88399,1387.768674,272,457,1.406169753,0.576797084,Bhrami
192998.5,2466.441898,787,362,1.476146188,0.398677769,Bhrami
156060.5,2376.265272,444,588,1.672889681,0.347306584,Bhrami
164409,2562.223641,447,579,1.574202142,0.314703363,Bhrami
592157.5,3976.955744,1507,553,1.407346863,0.470484784,Bhrami
222009.5,2349.020544,922,325,1.349717017,0.505600847,Bhrami
399480,3236.189151,1219,446,1.360954241,0.479332758,Bhrami
272262,3123.787131,1079,363,1.438603257,0.350617858,Bhrami
271135,2814.483527,996,390,1.432644255,0.430128307,Bhrami
591375,4226.394341,1457,586,1.443757345,0.416037801,Bhrami
332579.5,3230.691678,1195,408,1.465995348,0.400418666,Bhrami
384042.5,3270.348533,1166,460,1.39661626,0.451233229,Bhrami
389350.5,3482.608418,1300,448,1.495824456,0.403405031,Bhrami
215857,2530.209362,953,339,1.496671407,0.423704508,Bhrami
364902,3434.223644,1162,465,1.480753737,0.38880242,Bhrami
253103,2224.719026,471,693,1.289605418,0.642623819,Bhrami
108886,1474.444863,418,398,1.527873188,0.629397241,Bhrami
154500,1671.817446,396,510,1.307184466,0.694641366,Bhrami
176707.5,1799.256047,446,510,1.287211918,0.685928589,Bhrami
177836,1815.782955,452,510,1.296250478,0.677800173,Bhrami
72965,1174.999123,293,324,1.301062153,0.664124292,Bhrami
208073,1956.410373,469,567,1.278027423,0.683133651,Bhrami
173820.5,1817.907847,527,503,1.525027255,0.660947753,Bhrami
678677,3369.448161,1168,842,1.449078133,0.751199754,Citrus Limon (Lemon)
721645,3936.658396,1147,967,1.536973165,0.585164552,Citrus Limon (Lemon)
781124.5,3566.744628,1242,911,1.448504048,0.771589115,Citrus Limon (Lemon)
708459,4014.634008,1412,826,1.646266051,0.552373287,Citrus Limon (Lemon)
760694.5,3488.176084,1160,917,1.398353741,0.785639553,Citrus Limon (Lemon)
717130.5,4084.21475,1215,947,1.604456929,0.540245202,Citrus Limon (Lemon)
819860,3645.555806,1239,954,1.441716878,0.775214809,Citrus Limon (Lemon)
612104.5,3511.916197,1133,840,1.554832549,0.623658934,Citrus Limon (Lemon)
469499.5,2903.759781,936,770,1.535081507,0.699718936,Citrus Limon (Lemon)
947697,4236.908177,1410,1040,1.547330001,0.663408858,Citrus Limon (Lemon)
670427,3254.39434,1115,856,1.423630015,0.795464877,Citrus Limon (Lemon)
815717.5,4193.753841,1260,940,1.451973263,0.582832516,Citrus Limon (Lemon)
911245.5,4676.395542,1399,1076,1.651941217,0.523627908,Citrus Limon (Lemon)
517712.5,3152.636978,969,811,1.517944805,0.654561692,Citrus Limon (Lemon)
837333,4169.760993,1267,1023,1.547939709,0.605181644,Citrus Limon (Lemon)
402051,2802.463318,960,710,1.695307312,0.643296424,Citrus Limon (Lemon)
685920,4286.280757,1257,943,1.728118439,0.469161214,Citrus Limon (Lemon)
607018.5,3224.092824,1023,881,1.484737286,0.733832121,Citrus Limon (Lemon)
909591.5,4507.11633,1410,1062,1.646255489,0.562676429,Citrus Limon (Lemon)
484088.5,3150.43597,933,819,1.578486165,0.612905213,Citrus Limon (Lemon)
775357,4406.447281,1291,952,1.585117565,0.501804347,Citrus Limon (Lemon)
476262,3020.286697,1036,746,1.622753862,0.656084014,Citrus Limon (Lemon)
661444,3284.300972,1121,883,1.496487987,0.770578784,Citrus Limon (Lemon)
764093,4192.457385,1299,969,1.647353136,0.546284366,Citrus Limon (Lemon)
488541,2879.031858,887,821,1.490615936,0.740658378,Citrus Limon (Lemon)
702348.5,3964.47463,1169,916,1.52460495,0.561553628,Citrus Limon (Lemon)
313142,2556.924213,825,609,1.60446379,0.601887707,Citrus Limon (Lemon)
877945,4740.755934,1350,1013,1.557671608,0.490887507,Citrus Limon (Lemon)
392724.5,2800.102928,895,726,1.654518626,0.629433521,Citrus Limon (Lemon)
683971.5,4090.214744,1370,838,1.678520231,0.513754513,Citrus Limon (Lemon)
517332,3227.624786,987,835,1.593067895,0.624040998,Citrus Limon (Lemon)
852785.5,4693.317335,1353,1034,1.640508662,0.486507827,Citrus Limon (Lemon)
588258.5,3264.435967,995,871,1.473238381,0.693684143,Citrus Limon (Lemon)
616242,3743.521314,1201,828,1.613697216,0.55258684,Citrus Limon (Lemon)
855134.5,4263.729464,1331,984,1.531576612,0.591105514,Citrus Limon (Lemon)
547198,3224.14456,971,811,1.439115275,0.661493154,Citrus Limon (Lemon)
756070,4139.393459,1245,981,1.615386141,0.554496044,Citrus Limon (Lemon)
393088.5,2766.161799,985,665,1.666355032,0.645572532,Citrus Limon (Lemon)
895852.5,4424.890926,1325,1035,1.530804457,0.574964769,Citrus Limon (Lemon)
471597,3095.482651,1024,775,1.682792723,0.618477848,Citrus Limon (Lemon)
518882,3800.325352,1259,719,1.74456042,0.451478332,Citrus Limon (Lemon)
657757.5,3424.636984,1083,902,1.485146121,0.704768667,Citrus Limon (Lemon)
588482,3859.746712,1244,849,1.794712498,0.496392757,Citrus Limon (Lemon)
526735,3022.286692,908,854,1.472148234,0.724654049,Citrus Limon (Lemon)
781649.5,3614.484738,1208,939,1.451177286,0.751846406,Citrus Limon (Lemon)
668858.5,3888.911144,1115,968,1.613674641,0.555761009,Citrus Limon (Lemon)
367537,2965.517144,882,687,1.648634015,0.525182265,Citrus Limon (Lemon)
767932,4482.305142,1437,888,1.661678378,0.480319028,Citrus Limon (Lemon)
939757.5,4806.135658,1433,1027,1.566032727,0.511250345,Citrus Limon (Lemon)
927409,4633.844244,1381,1038,1.545680493,0.542748093,Citrus Limon (Lemon)
650649.5,3817.62182,1316,821,1.660549958,0.561010715,Citrus Limon (Lemon)
786748.5,4066.204645,1333,952,1.61298814,0.597953377,Citrus Limon (Lemon)
838480.5,4552.405645,1307,1006,1.568124721,0.508418008,Citrus Limon (Lemon)
693476.5,3963.930475,1157,925,1.543275079,0.554612375,Citrus Limon (Lemon)
831406.5,3648.401479,1199,961,1.385891258,0.784906695,Citrus Limon (Lemon)
537108.5,3416.245059,1187,719,1.588976901,0.578327516,Citrus Limon (Lemon)
661830.5,3327.063388,1142,828,1.428728353,0.751336506,Citrus Limon (Lemon)
678677,3369.448161,1168,842,1.449078133,0.751199754,Citrus Limon (Lemon)
815717.5,4193.753841,1260,940,1.451973263,0.582832516,Citrus Limon (Lemon)
661444,3284.300972,1121,883,1.496487987,0.770578784,Citrus Limon (Lemon)
616242,3743.521314,1201,828,1.613697216,0.55258684,Citrus Limon (Lemon)
781649.5,3614.484738,1208,939,1.451177286,0.751846406,Citrus Limon (Lemon)
693476.5,3963.930475,1157,925,1.543275079,0.554612375,Citrus Limon (Lemon)
831406.5,3648.401479,1199,961,1.385891258,0.784906695,Citrus Limon (Lemon)
537108.5,3416.245059,1187,719,1.588976901,0.578327516,Citrus Limon (Lemon)
661830.5,3327.063388,1142,828,1.428728353,0.751336506,Citrus Limon (Lemon)
721645,3936.658396,1147,967,1.536973165,0.585164552,Citrus Limon (Lemon)
781124.5,3566.744628,1242,911,1.448504048,0.771589115,Citrus Limon (Lemon)
708459,4014.634008,1412,826,1.646266051,0.552373287,Citrus Limon (Lemon)
760694.5,3488.176084,1160,917,1.398353741,0.785639553,Citrus Limon (Lemon)
717130.5,4084.21475,1215,947,1.604456929,0.540245202,Citrus Limon (Lemon)
819860,3645.555806,1239,954,1.441716878,0.775214809,Citrus Limon (Lemon)
612104.5,3511.916197,1133,840,1.554832549,0.623658934,Citrus Limon (Lemon)
469499.5,2903.759781,936,770,1.535081507,0.699718936,Citrus Limon (Lemon)
947697,4236.908177,1410,1040,1.547330001,0.663408858,Citrus Limon (Lemon)
670427,3254.39434,1115,856,1.423630015,0.795464877,Citrus Limon (Lemon)
911245.5,4676.395542,1399,1076,1.651941217,0.523627908,Citrus Limon (Lemon)
517712.5,3152.636978,969,811,1.517944805,0.654561692,Citrus Limon (Lemon)
837333,4169.760993,1267,1023,1.547939709,0.605181644,Citrus Limon (Lemon)
402051,2802.463318,960,710,1.695307312,0.643296424,Citrus Limon (Lemon)
685920,4286.280757,1257,943,1.728118439,0.469161214,Citrus Limon (Lemon)
607018.5,3224.092824,1023,881,1.484737286,0.733832121,Citrus Limon (Lemon)
909591.5,4507.11633,1410,1062,1.646255489,0.562676429,Citrus Limon (Lemon)
484088.5,3150.43597,933,819,1.578486165,0.612905213,Citrus Limon (Lemon)
775357,4406.447281,1291,952,1.585117565,0.501804347,Citrus Limon (Lemon)
476262,3020.286697,1036,746,1.622753862,0.656084014,Citrus Limon (Lemon)
764093,4192.457385,1299,969,1.647353136,0.546284366,Citrus Limon (Lemon)
488541,2879.031858,887,821,1.490615936,0.740658378,Citrus Limon (Lemon)
702348.5,3964.47463,1169,916,1.52460495,0.561553628,Citrus Limon (Lemon)
313142,2556.924213,825,609,1.60446379,0.601887707,Citrus Limon (Lemon)
877945,4740.755934,1350,1013,1.557671608,0.490887507,Citrus Limon (Lemon)
392724.5,2800.102928,895,726,1.654518626,0.629433521,Citrus Limon (Lemon)
683971.5,4090.214744,1370,838,1.678520231,0.513754513,Citrus Limon (Lemon)
517332,3227.624786,987,835,1.593067895,0.624040998,Citrus Limon (Lemon)
852785.5,4693.317335,1353,1034,1.640508662,0.486507827,Citrus Limon (Lemon)
588258.5,3264.435967,995,871,1.473238381,0.693684143,Citrus Limon (Lemon)
855134.5,4263.729464,1331,984,1.531576612,0.591105514,Citrus Limon (Lemon)
547198,3224.14456,971,811,1.439115275,0.661493154,Citrus Limon (Lemon)
756070,4139.393459,1245,981,1.615386141,0.554496044,Citrus Limon (Lemon)
393088.5,2766.161799,985,665,1.666355032,0.645572532,Citrus Limon (Lemon)
895852.5,4424.890926,1325,1035,1.530804457,0.574964769,Citrus Limon (Lemon)
471597,3095.482651,1024,775,1.682792723,0.618477848,Citrus Limon (Lemon)
518882,3800.325352,1259,719,1.74456042,0.451478332,Citrus Limon (Lemon)
657757.5,3424.636984,1083,902,1.485146121,0.704768667,Citrus Limon (Lemon)
588482,3859.746712,1244,849,1.794712498,0.496392757,Citrus Limon (Lemon)
526735,3022.286692,908,854,1.472148234,0.724654049,Citrus Limon (Lemon)
668858.5,3888.911144,1115,968,1.613674641,0.555761009,Citrus Limon (Lemon)
367537,2965.517144,882,687,1.648634015,0.525182265,Citrus Limon (Lemon)
767932,4482.305142,1437,888,1.661678378,0.480319028,Citrus Limon (Lemon)
939757.5,4806.135658,1433,1027,1.566032727,0.511250345,Citrus Limon (Lemon)
927409,4633.844244,1381,1038,1.545680493,0.542748093,Citrus Limon (Lemon)
650649.5,3817.62182,1316,821,1.660549958,0.561010715,Citrus Limon (Lemon)
786748.5,4066.204645,1333,952,1.61298814,0.597953377,Citrus Limon (Lemon)
838480.5,4552.405645,1307,1006,1.568124721,0.508418008,Citrus Limon (Lemon)
204722,2398.341394,741,648,2.345463604,0.447252085,Curry
432352,3112.227823,1234,629,1.795264044,0.560924713,Curry
392572,2997.281646,1170,672,2.002791845,0.549128616,Curry
441812,3318.688714,1212,652,1.788597865,0.504097258,Curry
181984,2101.502861,450,779,1.926268243,0.517825102,Curry
168443,1655.297673,462,534,1.464637889,0.772521584,Curry
453413,3092.904002,1168,708,1.823820667,0.595622302,Curry
311325.5,2263.187065,736,611,1.444456044,0.763807035,Curry
281340.5,2123.128186,723,561,1.441680099,0.784313494,Curry
357547.5,2680.161798,990,663,1.835756088,0.625491748,Curry
296095,2640.757693,1099,482,1.789013661,0.533560696,Curry
300176.5,2620.785042,967,507,1.633269093,0.549191429,Curry
247633.5,2400.941455,967,518,2.022771556,0.539828886,Curry
148526.5,1784.535262,374,656,1.651853373,0.586088964,Curry
126914,1663.332164,314,674,1.667554407,0.57644971,Curry
157941,1720.209362,403,643,1.640669617,0.670721354,Curry
175027.5,1780.192117,451,636,1.638805331,0.694036653,Curry
247433,2320.154664,678,719,1.970157578,0.577608548,Curry
193855.5,1899.412461,481,699,1.734379473,0.675226418,Curry
365828.5,2762.789219,583,1085,1.729102571,0.602270921,Curry
273959.5,2412.705963,582,934,1.984191094,0.591408325,Curry
283077,2500.983087,544,985,1.892912529,0.568712716,Curry
238467.5,2072.726165,533,733,1.638332267,0.697517653,Curry
216953,1873.512964,559,597,1.538227174,0.776715762,Curry
225288,2037.429706,735,497,1.621457867,0.681997301,Curry
280162.5,2399.735398,618,864,1.905865346,0.611354556,Curry
323197,2737.468372,1094,533,1.804168974,0.541974639,Curry
189590.5,1940.653011,445,660,1.549128253,0.632602137,Curry
242901.5,2155.04493,822,461,1.560064471,0.657245169,Curry
710753,3714.737483,1145,891,1.435372063,0.647250373,Curry
737705,3739.732427,1329,867,1.561929226,0.662844307,Curry
602117,3287.070528,1094,926,1.68247035,0.700281588,Curry
651919.5,3809.680693,1215,872,1.625169979,0.564451565,Curry
817711.5,4110.131485,1351,991,1.637302398,0.608272999,Curry
631257,3480.477595,1106,883,1.547068785,0.654844804,Curry
690049.5,3766.391372,1320,916,1.752222123,0.611278635,Curry
629626.5,3535.489792,1159,892,1.641970279,0.632985392,Curry
574167,3606.345567,1242,712,1.54015121,0.554770569,Curry
626702.5,3232.033947,1013,964,1.558206645,0.75390993,Curry
611490,3565.492753,1287,730,1.536427415,0.604449617,Curry
651101,3484.217709,1219,869,1.626953422,0.673981008,Curry
774595,3844.491876,1248,979,1.577330089,0.65857715,Curry
654115,3430.786255,1105,952,1.608218738,0.698355647,Curry
511242,3202.321184,1073,712,1.494352968,0.626479137,Curry
763278,4023.697936,1296,890,1.511166312,0.592436583,Curry
888138,4377.403563,1363,907,1.391946972,0.582447978,Curry
827399.5,3917.950686,1249,973,1.468791074,0.677340724,Curry
770498,3958.859407,1441,900,1.683197101,0.617790495,Curry
757374,3814.158837,1227,967,1.566609099,0.654218327,Curry
801255,3918.977155,1366,954,1.626403579,0.655594276,Curry
764560.5,3805.386322,1378,939,1.692399751,0.663474469,Curry
743763,3771.036034,1259,950,1.608106346,0.657238611,Curry
689000.5,3592.176085,1149,906,1.510875536,0.670987094,Curry
705847,3717.673559,1211,917,1.573268711,0.641767813,Curry
795217.5,3840.165981,1277,1006,1.615485072,0.677634956,Curry
852943,4094.384231,1423,883,1.473145333,0.639370628,Curry
713221.5,3726.092827,1263,823,1.45739998,0.645545637,Curry
722653.5,3754.935531,1192,954,1.573600626,0.644072868,Curry
775123,3847.188281,1250,919,1.482022853,0.658102598,Curry
581392.5,3386.470452,1264,740,1.608827083,0.637066411,Curry
17419,639.8721455,269,108,1.667833974,0.534621811,Curry
66432,1245.66103,517,205,1.595390776,0.538006392,Curry
126996.5,2314.413337,1069,208,1.750851401,0.297933796,Curry
47240,967.8031656,244,337,1.740643522,0.633790429,Curry
63133.5,1206.58996,178,525,1.480196726,0.544942044,Curry
260211,2440.944425,978,427,1.604874506,0.548807114,Curry
287133.5,2596.123138,1005,466,1.631053151,0.53535659,Curry
129009,1471.165644,419,451,1.464773775,0.749042956,Curry
146084,1643.190027,494,470,1.589359547,0.67988731,Curry
84138.5,1372.212327,571,241,1.635529514,0.56151582,Curry
151520,1732.871267,466,526,1.617713833,0.634084627,Curry
158779.5,1920.157625,626,536,2.113219906,0.541166035,Curry
292904.5,2909.367866,1090,641,2.385384997,0.434849157,Curry
136571.5,4617.964961,765,367,2.055736373,0.080476425,Curry
211614,2159.179921,804,401,1.523547591,0.570396162,Curry
125684.5,3002.720244,562,637,2.848354411,0.175170852,Curry
131335.5,1485.26615,422,450,1.445915232,0.748140954,Curry
105502,1728.954527,650,353,2.174840287,0.443509998,Curry
143762.5,1995.956615,788,442,2.422718025,0.453474934,Curry
143874,1949.454087,720,485,2.427123733,0.475736156,Curry
179475.5,2835.936402,540,602,1.811277862,0.280428443,Curry
248990,2220.365777,680,633,1.728744126,0.634662327,Curry
207584.5,2046.986053,781,445,1.674233866,0.62255112,Curry
168120,3135.301845,801,393,1.872430407,0.214916881,Curry
92217,2003.518894,929,144,1.450665279,0.288691481,Curry
155152,2152.861163,487,509,1.597678406,0.420663853,Curry
160642,2257.973864,497,520,1.608794711,0.39594161,Curry
506396.5,2924.744632,1039,776,1.592159503,0.743917293,Curry
459867.5,2808.636985,1017,733,1.62103432,0.732573764,Curry
277570.5,2338.833811,802,581,1.678715858,0.637653055,Curry
177506.5,1755.942334,493,522,1.449783529,0.723441846,Curry
177353.5,1864.912898,485,519,1.419284085,0.640814783,Curry
163688,1711.248902,559,426,1.454804262,0.702425616,Curry
174907,1869.616433,647,425,1.572121184,0.628799259,Curry
310414,2306.684536,735,633,1.498820929,0.733119474,Curry
108748.5,1477.408285,556,312,1.59516683,0.626083242,Curry
85092.5,1147.844796,378,296,1.314898493,0.811586489,Curry
119316,1372.479352,452,355,1.34483221,0.795970387,Curry
93682,1421.99407,554,280,1.655814351,0.582197649,Curry
175697,1991.072277,764,365,1.587164266,0.556929419,Curry
146818,1736.739239,664,314,1.420098353,0.611673879,Curry
145015.5,2396.760655,733,325,1.64275543,0.317230514,Curry
149236.5,1918.216501,714,426,2.038134103,0.509670707,Curry
136210,1936.792186,603,536,2.372865428,0.456302458,Curry
158423.5,1674.049983,455,545,1.565266517,0.710383108,Curry
130236,2029.155539,743,304,1.73432845,0.397475384,Curry
136239,1782.660153,412,638,1.929374115,0.538733767,Curry
178913,1714.920038,476,589,1.567040964,0.764476275,Curry
105008,1431.650925,316,502,1.510665854,0.64381038,Curry
416835.5,2491.98518,860,732,1.510236052,0.843497213,Drumstick
610814,3008.820743,959,919,1.44286313,0.847864043,Drumstick
354514.5,2263.260221,672,733,1.389438232,0.869710846,Drumstick
367594.5,2310.799325,734,705,1.407719648,0.865076282,Drumstick
437185.5,2568.872477,856,760,1.488063991,0.832512038,Drumstick
502812,2802.168948,949,802,1.513683047,0.804686779,Drumstick
404466,2429.634893,768,762,1.446885523,0.861013284,Drumstick
517852,2726.272413,813,833,1.307765539,0.87554208,Drumstick
551848,2868.820745,962,834,1.453856859,0.84260205,Drumstick
437424,2575.27747,664,847,1.285727349,0.828828001,Drumstick
479125,2663.718148,825,840,1.446386642,0.848559221,Drumstick
342749.5,2237.721115,684,698,1.392947327,0.86015115,Drumstick
328228,2184.802289,696,613,1.299852542,0.864094431,Drumstick
241301,1880.542406,620,548,1.408033949,0.857437993,Drumstick
632583,3027.188278,977,919,1.419359989,0.867458116,Drumstick
495904.5,2815.284606,764,904,1.392719768,0.786254786,Drumstick
581580.5,2935.441019,933,871,1.397300976,0.848150619,Drumstick
324063.5,2149.069319,694,617,1.321339799,0.88173714,Drumstick
438785.5,2553.107982,809,779,1.436262137,0.845909232,Drumstick
224274.5,1889.956615,651,516,1.497789539,0.789016511,Drumstick
514772,2758.026811,869,860,1.451788365,0.850408932,Drumstick
461768,2624.002428,853,784,1.448242407,0.842762558,Drumstick
498131.5,2674.813607,849,835,1.423148305,0.874916934,Drumstick
345252.5,2338.539438,805,659,1.536542096,0.79333625,Drumstick
553748,2855.565914,969,830,1.452411566,0.85337056,Drumstick
390282,2435.811517,803,712,1.464930486,0.826610708,Drumstick
437711,2574.321188,879,717,1.439861004,0.829988094,Drumstick
479832.5,2671.181144,932,767,1.489778204,0.84507031,Drumstick
390645,2379.713977,732,678,1.270452713,0.866847321,Drumstick
378251,2336.35567,720,741,1.410491975,0.870787195,Drumstick
641050.5,3084.40148,1032,901,1.45048167,0.846759936,Drumstick
645165,3117.555815,982,944,1.436854138,0.83416543,Drumstick
595013.5,2973.573057,959,920,1.482789886,0.8456282,Drumstick
631343,3068.869518,1002,924,1.46647385,0.842400055,Drumstick
478337,2616.840954,821,771,1.323315989,0.877787079,Drumstick
479668.5,2631.970898,740,868,1.339091477,0.870139527,Drumstick
546184,2843.423775,915,873,1.462501648,0.848917833,Drumstick
690050,3173.590297,966,987,1.381699877,0.86097136,Drumstick
535391,2821.507044,904,873,1.474047939,0.845120532,Drumstick
539606,2778.438936,860,829,1.321223263,0.878385021,Drumstick
668357.5,3204.685753,997,1007,1.50215865,0.817801289,Drumstick
606977,3065.129403,1023,896,1.510119823,0.811866218,Drumstick
741383,3301.295919,1069,989,1.426038903,0.854837523,Drumstick
663448,3190.536477,938,978,1.382721781,0.819010227,Drumstick
689607.5,3195.749676,976,964,1.36434711,0.848528303,Drumstick
636825.5,3019.215624,927,905,1.3173703,0.877893935,Drumstick
461064.5,2630.42169,817,807,1.429992984,0.83737655,Drumstick
694070.5,3206.29384,1008,963,1.39856686,0.848412012,Drumstick
438858.5,2565.735399,824,780,1.464526721,0.837742688,Drumstick
469719,2637.870391,826,763,1.341734101,0.848283629,Drumstick
468852.5,2618.647083,829,808,1.428662532,0.859195821,Drumstick
672380.5,3268.058328,1019,1002,1.518541957,0.791125486,Drumstick
474129,2704.369958,926,762,1.488227887,0.814655845,Drumstick
622617,3123.413673,1033,926,1.536350598,0.801995302,Drumstick
584166,2998.016709,978,911,1.525179487,0.816729124,Drumstick
724895.5,3367.441025,1063,928,1.360836148,0.80331388,Drumstick
619575.5,3058.362816,833,983,1.321612943,0.832388536,Drumstick
747130,3405.237047,1063,1057,1.503876166,0.809676137,Drumstick
510009,2745.683665,912,816,1.45917425,0.850132666,Drumstick
690952.5,3181.382147,963,970,1.351916376,0.857879672,Drumstick
628260.5,3059.372047,984,939,1.470689308,0.843499891,Drumstick
621866,3002.213538,920,864,1.278217494,0.867008826,Drumstick
607318.5,3015.191244,920,862,1.305805767,0.839453508,Drumstick
563102,2865.703872,865,836,1.284207834,0.861656787,Drumstick
540136.5,2908.636976,942,861,1.501587099,0.802295486,Drumstick
594701.5,3039.18114,983,892,1.474413634,0.809087939,Drumstick
549052,2817.728258,873,814,1.294270852,0.869010707,Drumstick
617829,3063.105013,1042,866,1.460553001,0.827474047,Drumstick
637058,3032.522196,964,861,1.302870382,0.870524225,Drumstick
516234.5,2800.647085,848,858,1.409405997,0.827065904,Drumstick
572156.5,2941.828763,744,1010,1.31334696,0.830787436,Drumstick
646029,3124.134452,946,988,1.446758582,0.831768454,Drumstick
491233.5,2693.122266,894,817,1.486865208,0.851110011,Drumstick
558544,2930.512091,940,856,1.44060271,0.817297593,Drumstick
515539,2874.737491,956,826,1.531709531,0.783925881,Drumstick
573962.5,2947.725295,945,891,1.466986084,0.830078884,Drumstick
501349.5,2704.906972,857,800,1.367509093,0.861084524,Drumstick
81483,1142.597103,427,273,1.430617429,0.78431521,Drumstick
82015.5,1145.182889,429,273,1.427986173,0.785879754,Drumstick
76872,1112.312832,416,264,1.428660631,0.780771856,Drumstick
74582.5,1088.070192,406,261,1.420789059,0.79164956,Drumstick
64897.5,1022.129066,383,244,1.439993836,0.780596059,Drumstick
90463,1169.283394,424,288,1.349855742,0.831459857,Drumstick
84294.5,1126.898619,408,279,1.35040839,0.834140887,Drumstick
78065,1090.170698,397,267,1.357830013,0.82542424,Drumstick
75979,1072.856991,392,263,1.356901249,0.829506447,Drumstick
74138,1042.489455,356,268,1.286897408,0.857249793,Drumstick
63308.5,965.4772646,330,247,1.287504837,0.853469067,Drumstick
57005.5,918.5067009,319,231,1.292664743,0.849106109,Drumstick
51823,877.7787809,304,221,1.29641279,0.84520539,Drumstick
44105.5,809.595015,282,203,1.297933364,0.845603872,Drumstick
42914,799.3523737,279,200,1.300274969,0.843980326,Drumstick
52276.5,874.5067012,304,224,1.302612072,0.858993908,Drumstick
43271.5,796.9087232,279,202,1.302427695,0.856238305,Drumstick
43558.5,800.0802969,279,203,1.300251386,0.855097485,Drumstick
259150.5,2281.682449,918,401,1.420479605,0.625534852,Guava
128312,1469.190027,469,423,1.546129746,0.747001021,Guava
284789.5,2267.731222,840,468,1.380387971,0.695906156,Guava
261194.5,2415.731222,886,431,1.461998626,0.562440606,Guava
355247,2583.228693,1052,455,1.347400541,0.668982214,Guava
550218,3202.806461,1174,676,1.44238102,0.674036269,Guava
442910.5,3011.308988,1074,661,1.602838497,0.613783486,Guava
308570,2266.968807,788,584,1.491369867,0.754522987,Guava
258542,2108.317009,749,505,1.462992473,0.730918818,Guava
463648.5,2918.279552,1100,643,1.525509087,0.68413993,Guava
192811,2067.571842,755,433,1.695520484,0.566787747,Guava
331807.5,2362.584039,913,499,1.373046119,0.747001598,Guava
454130,3347.6004,1165,680,1.744434413,0.509240381,Guava
642869.5,3361.558777,1237,739,1.421972889,0.714909827,Guava
449542.5,2832.431795,1054,611,1.432554208,0.70414435,Guava
413189,2945.448164,857,948,1.966257572,0.598488551,Guava
190480.5,1930.216503,693,495,1.800893005,0.64246332,Guava
326844.5,2732.147521,1023,509,1.593133738,0.550228086,Guava
191017,2049.817445,867,299,1.357120047,0.571283281,Guava
276002,2411.87039,806,687,2.006224593,0.596230463,Guava
376921,2566.89983,950,589,1.484528588,0.718856752,Guava
324206.5,2491.34348,899,624,1.730304605,0.656393643,Guava
307663,2396.792186,571,890,1.651774832,0.673014427,Guava
576971,3534.272415,1416,597,1.465155094,0.580448652,Guava
316282,2661.179923,1095,393,1.360605409,0.561223521,Guava
325011,2331.571842,895,499,1.374122722,0.751294692,Guava
521142.5,3172.019667,1241,648,1.543086584,0.650870538,Guava
328808,2572.507916,1015,512,1.580496825,0.62436536,Guava
340063.5,2564.348534,980,548,1.579234467,0.649853976,Guava
526949.5,2976.387197,1056,754,1.511006273,0.747480737,Guava
141109.5,1500.579858,530,349,1.31082599,0.787495157,Guava
404511.5,2746.466284,1099,528,1.434500626,0.673894936,Guava
373149.5,2499.838865,936,539,1.352015747,0.75035831,Guava
65703,1036.06305,356,251,1.359998782,0.769170631,Guava
122539.5,1543.942337,477,436,1.697183357,0.645987056,Guava
529707.5,3220.068439,1248,715,1.684552324,0.641971549,Guava
363260,2446.164767,728,756,1.515080108,0.762879649,Guava
255538,2583.218592,1023,462,1.849533142,0.481219303,Guava
371782.5,2948.716062,1231,512,1.695270756,0.537319865,Guava
212741.5,1841.907846,631,480,1.423699654,0.788000123,Guava
109550,1648.479354,691,245,1.545367412,0.506588377,Guava
127679,1408.420476,471,378,1.394418816,0.808843828,Guava
392815,2628.89983,859,685,1.497944325,0.714249345,Guava
357251.5,2702.289658,982,572,1.572292908,0.614780561,Guava
320895.5,2558.11303,804,750,1.87911641,0.616217505,Guava
330402.5,2558.476388,1053,429,1.367232391,0.634293648,Guava
294316,2505.797238,945,495,1.589363134,0.589022499,Guava
548310.5,3156.338426,1182,687,1.48097474,0.691622799,Guava
56362,1075.234624,450,176,1.405202087,0.612618035,Guava
457590,2910.591173,1131,580,1.433554055,0.678772085,Guava
691216,3521.173994,1338,694,1.343389042,0.700565385,Guava
406505.5,2865.22573,1048,646,1.665433801,0.622240973,Guava
452330,3176.144556,1252,595,1.646894966,0.563462135,Guava
72166,1378.454967,501,246,1.707812543,0.477262523,Guava
544881.5,3089.583159,1084,815,1.621380062,0.717318693,Guava
538908,3212.179051,1335,579,1.434317175,0.656334153,Guava
200509.5,1828.996159,670,432,1.443522626,0.75321547,Guava
153515,1561.90071,599,350,1.365664593,0.790776649,Guava
324528.5,2600.691675,990,550,1.677818743,0.602955098,Guava
36897.5,835.452879,323,172,1.505684667,0.664297909,Guava
271670.5,2158.677398,815,448,1.343981036,0.732616773,Guava
209107.5,1825.706838,593,509,1.443453726,0.788346946,Guava
93523,1236.489456,453,260,1.259369353,0.768683323,Guava
185930,1714.528121,493,532,1.410616899,0.794822418,Guava
168154.5,1753.574807,656,376,1.466841506,0.687178816,Guava
194252.5,1913.079422,774,382,1.522080797,0.66697642,Guava
499635.5,2876.515049,1083,631,1.367743085,0.758804419,Guava
649334.5,3604.980131,1194,749,1.377265493,0.627874133,Guava
293780.5,2382.299765,917,477,1.488897323,0.650489085,Guava
431752.5,2716.515052,999,637,1.473906926,0.735225385,Guava
390403,2543.100842,914,609,1.425772855,0.758570321,Guava
312593,2446.199258,939,490,1.471913958,0.656455743,Guava
323492.5,2513.270322,994,498,1.530211674,0.643569827,Guava
383933,2696.272414,1105,523,1.505249614,0.663647969,Guava
408409.5,3052.608418,1134,482,1.338333217,0.550761412,Guava
113679.5,1419.859077,470,402,1.662041089,0.70860063,Guava
269759.5,2279.388075,873,482,1.559856094,0.652454256,Guava
404686.5,2936.078547,1147,613,1.737421436,0.589920164,Guava
292330,2278.341395,850,516,1.500359183,0.70769422,Guava
234560,2280.670256,877,375,1.402093281,0.566681219,Guava
224288.5,2531.765712,1056,388,1.826790049,0.439713544,Guava
95564,1407.79306,554,290,1.681177012,0.605935704,Guava
75009.5,1170.187941,454,235,1.422353169,0.688358846,Guava
310556,2630.233746,1070,414,1.426409408,0.564106491,Guava
26286,731.3523725,252,174,1.668112303,0.617562645,Guava
146687.5,1575.349412,577,355,1.39640392,0.742761151,Guava
329345.5,2423.069316,922,512,1.43333976,0.704903914,Guava
125690.5,1594.403231,621,306,1.511856505,0.621320934,Guava
352925.5,2676.113031,916,649,1.684446151,0.619275641,Guava
352925.5,2676.113031,916,649,1.684446151,0.619275641,Guava
179545,1935.675309,812,306,1.383898187,0.602168674,Guava
305234.5,2287.21145,804,548,1.443454131,0.733214171,Guava
201626,1953.973866,702,485,1.688621507,0.66361913,Guava
25089.5,633.1686083,222,164,1.451124973,0.78643552,Guava
99953,1209.484404,328,396,1.299490761,0.858628209,Guava
106171,1308.337218,323,467,1.420736359,0.779428676,Guava
114494,1570.788006,561,319,1.563042605,0.583119332,Guava
75256.5,1057.962546,334,281,1.247121511,0.844915533,Guava
66135.5,983.2173796,343,252,1.306953149,0.859697002,Guava
239533.5,2441.848971,992,421,1.743522305,0.504822294,Guava
207621.5,1985.03065,796,354,1.357200483,0.662136844,Guava
201429,1890.469251,726,387,1.394843841,0.708259853,Guava
471430,2801.98814,1033,641,1.404562713,0.754561243,Guava
249393.5,2130.971773,822,403,1.328286423,0.690143815,Guava
381681.5,2757.91202,1064,611,1.703263061,0.630594472,Guava
237220.5,2019.530208,705,527,1.566201066,0.730905742,Guava
166179.5,1724.060089,665,350,1.400593936,0.702558537,Guava
91739.5,1222.070192,431,297,1.395331346,0.771922909,Guava
147992,1571.190027,602,339,1.378979945,0.75333939,Guava
145740,1567.734185,625,312,1.337999177,0.745150114,Guava
24401,609.8721465,218,143,1.277570591,0.824403621,Guava
37906,775.5533839,279,181,1.332216536,0.791943918,Guava
174705,1815.841833,723,361,1.493964111,0.665823569,Guava
81993.5,1168.38895,438,248,1.324787941,0.754769613,Guava
214646,2003.807341,786,412,1.508679407,0.671770204,Guava
258562.5,2406.535263,1025,367,1.454870679,0.561036275,Guava
123663,1469.023507,576,295,1.374056913,0.720098907,Guava
147059,1655.87632,617,346,1.451675858,0.67397794,Guava
175306.5,1829.599193,703,366,1.467703708,0.658106171,Guava
181057,1930.63577,761,385,1.618192061,0.610414002,Guava
404405,2831.041969,1002,602,1.491583932,0.634064977,Guava
271396,2173.464197,836,444,1.367684122,0.721952003,Guava
90934,1372.312832,531,246,1.436492401,0.606778118,Guava
477953,2935.478474,1175,544,1.337369992,0.697007187,Guava
107848.5,1267.751428,419,348,1.352007677,0.843248848,Guava
288606,2209.713977,850,488,1.437253557,0.742750742,Guava
423705.5,2952.064265,1202,494,1.401416786,0.610973467,Guava
529705.5,3158.691678,1252,571,1.349602751,0.667159806,Guava
423593,3014.311083,1098,743,1.925938342,0.58584469,Guava
481593,2786.840952,1058,629,1.381834869,0.779229996,Guava
519073.5,3102.657189,1201,637,1.473851006,0.677596471,Guava
436887,2999.031861,1081,749,1.853268694,0.610403235,Guava
353465,2441.395215,943,528,1.408637347,0.745212451,Guava
478272,2743.929267,852,801,1.426911883,0.798250127,Guava
484280,3146.438936,1255,600,1.554885603,0.614706467,Guava
325580.5,2531.093697,965,545,1.615345514,0.63863366,Guava
88566,1172.999123,423,283,1.351636068,0.8088752,Guava
313450,2463.762745,919,540,1.583219014,0.648903879,Guava
288946,2318.400268,908,478,1.502093817,0.675537892,Guava
118741.5,1450.403233,514,342,1.480425967,0.70930803,Guava
475703.5,2753.225731,879,795,1.468992765,0.78861053,Guava
293242,2086.351501,730,510,1.269599853,0.846566502,Guava
384462.5,2737.093705,1127,497,1.456888513,0.64488833,Guava
257862,2219.856113,796,475,1.46628817,0.657578432,Guava
106601.5,1397.658065,489,372,1.706430022,0.685758675,Guava
389240,2686.140381,1017,506,1.322068647,0.677906685,Guava
515540.5,2928.53944,1020,729,1.442330913,0.755388725,Guava
422307.5,2680.716064,929,681,1.498076638,0.738477087,Guava
175424.5,1778.486492,683,352,1.370481318,0.696945743,Guava
212393.5,1923.682451,744,405,1.418687483,0.721247498,Guava
109163,1275.626541,426,324,1.264384453,0.843020689,Guava
64413,964.8326043,300,282,1.313399469,0.869519745,Guava
251677,2080.174869,784,454,1.414257163,0.730892831,Guava
91429.5,1236.437722,451,288,1.420635572,0.751539334,Guava
261029,2283.263183,929,421,1.498335434,0.629197047,Guava
337247.5,3039.063389,1098,788,2.565546075,0.458858822,Guava
112321,1721.003298,609,469,2.542899369,0.476548844,Guava
189444,1941.94948,735,370,1.435516564,0.631269583,Guava
79103.5,1209.325024,471,240,1.429013887,0.679703466,Guava
53859.5,1050.354462,358,276,1.834551008,0.613480004,Guava
31842.5,861.3595136,257,277,2.235659889,0.53932197,Guava
127967,1661.782958,562,421,1.848929802,0.582316708,Guava
266464.5,2295.069314,840,529,1.66761426,0.635707901,Guava
169626.5,3026.245061,715,463,1.951611334,0.232753048,Guava
78791.5,1719.883459,478,308,1.868526427,0.334727345,Guava
696976,3774.810646,1401,746,1.499543743,0.614663388,Guava
189049,2281.419601,738,556,2.170484901,0.456429716,Guava
374489.5,2733.828762,1061,546,1.546921876,0.629661142,Guava
147233,1578.729133,627,334,1.422357759,0.742334729,Guava
427340,2947.041964,1171,547,1.498893153,0.618316406,Guava
147156.5,1726.143345,698,325,1.541556098,0.620634048,Guava
215574.5,2220.216501,911,393,1.660785483,0.549561878,Guava
234614.5,2302.515055,817,604,2.10331416,0.556108786,Guava
440194,2657.75264,927,677,1.425687311,0.78311378,Guava
358138,2561.30185,781,767,1.672615025,0.686023103,Guava
407340,2635.835903,909,693,1.54646487,0.736767032,Guava
256922,2445.125225,884,603,2.07476199,0.540018883,Guava
29374.5,800.0214199,316,170,1.828797086,0.576736074,Guava
119463,1734.518019,645,414,2.235252756,0.498982884,Guava
307083,2847.277462,1083,419,1.477701468,0.475999019,Guava
52606,1096.832601,457,171,1.48551496,0.549495884,Guava
133989.5,1847.706835,750,374,2.093447621,0.49319027,Guava
417211.5,2758.372923,1095,537,1.409393078,0.689064971,Guava
108405,1394.337213,560,272,1.405101241,0.700686163,Guava
217296,2432.522189,655,854,2.574230543,0.461474784,Guava
345568.5,2537.083592,777,783,1.760551092,0.674643684,Guava
110642,1437.391039,518,345,1.615209414,0.67294569,Guava
80923,1289.366657,513,251,1.591179269,0.611686602,Guava
155692.5,1597.8002,548,423,1.488857845,0.766359621,Guava
113729.5,1370.177838,477,357,1.497316,0.761253174,Guava
315404.5,2295.176963,866,544,1.493650217,0.752394127,Guava
192669,1952.17487,591,586,1.797518023,0.635307923,Guava
84471,1285.307778,372,408,1.796782328,0.642544526,Guava
270401.5,2037.28043,725,486,1.303062298,0.818685943,Guava
72555,1089.910811,360,311,1.543105231,0.767529877,Guava
92273.5,1281.432671,380,415,1.709049727,0.706147252,Guava
241269,2369.419598,626,801,2.078286062,0.540041874,Guava
96825.5,1493.373796,384,516,2.046403065,0.545585173,Guava
38042,860.4894561,265,266,1.852952,0.645627617,Guava
377923,2885.904881,1170,538,1.66557738,0.570228818,Guava
326619,2624.802287,1099,426,1.433394873,0.595741861,Guava
173236,2048.861162,796,428,1.966612021,0.518588583,Guava
67648,1256.974737,513,215,1.630425142,0.538036485,Guava
111618.5,1469.207274,491,323,1.420848694,0.649800298,Guava
110180.5,1542.452002,506,421,1.933427421,0.581957521,Guava
138719.5,1700.996157,585,350,1.47600013,0.602477335,Guava
146308.5,1895.422565,423,710,2.052717375,0.511761168,Guava
140187.5,1736.108856,518,497,1.836440481,0.584474072,Guava
31543.5,794.22243,233,244,1.802336456,0.628398946,Guava
315568,2226.365775,819,549,1.424830781,0.800036474,Guava
100629,1334.361604,491,313,1.527223763,0.710208634,Guava
107774,1594.479352,285,640,1.692430456,0.532704134,Guava
178132.5,1770.770764,680,377,1.439153439,0.713885138,Guava
69989,1193.910811,421,304,1.828630213,0.617015228,Guava
59495,1154.454965,398,244,1.632271619,0.560965744,Guava
1021193.5,4046.827885,1415,949,1.314966263,0.783589194,Guava
998613.5,3957.774058,1385,965,1.338380665,0.801134255,Guava
1062361,4098.810639,1458,990,1.35869069,0.794632409,Guava
997282.5,4055.82283,1424,969,1.383615976,0.761851122,Guava
1202412,4259.33041,1482,1017,1.253475514,0.832876299,Guava
1122719,4193.46244,1440,1063,1.363404378,0.802297468,Guava
30,22.48528123,7,7,1.633333333,0.745649054,Guava
893283,3804.418726,1416,865,1.371166808,0.775572339,Guava
1071473.5,4037.504077,1373,1073,1.374956077,0.825972048,Guava
933307,3858.550756,1333,977,1.395404727,0.787745539,Guava
965806.5,3883.79845,1295,998,1.3381666,0.804612212,Guava
1016777.5,4192.651263,1462,960,1.380360993,0.726872622,Guava
1061317.5,4137.538561,1406,995,1.318144665,0.779060312,Guava
1083238.5,4037.406536,1344,1001,1.24196472,0.83508174,Guava
1075027,4091.874567,1372,991,1.264760792,0.806834781,Guava
1169107,4799.618856,1393,1090,1.2987434,0.637750229,Guava
1064293.5,3983.039001,1236,1057,1.227529812,0.843028304,Guava
986905,3904.44311,1369,950,1.317806678,0.813517715,Guava
1072341,4010.041087,1345,1028,1.289384627,0.838002145,Guava
1061515,4032.585244,1339,1050,1.324474925,0.820292775,Guava
1097787.5,4162.567999,1368,1068,1.330880521,0.796169366,Guava
996591.5,3876.293834,1158,1088,1.26421307,0.833477081,Guava
1058592,4027.413674,1342,1032,1.308288746,0.820136218,Guava
985069.5,3954.092827,1159,1054,1.240101333,0.791740781,Guava
1238134.5,4421.420811,1518,1037,1.271401451,0.795891721,Guava
1076002,4112.644118,1370,993,1.264319211,0.799430443,Guava
1057334.5,4067.964968,1403,1010,1.340190829,0.802911833,Guava
1099399.5,4106.970025,1396,1042,1.323115028,0.819072477,Guava
1138592.5,4323.93048,1442,1038,1.31460202,0.765280729,Guava
1083721.5,4239.112154,1419,969,1.268786307,0.757840376,Guava
986965.5,4171.229901,1536,879,1.367974868,0.712826082,Guava
1057441,3997.697944,1332,1041,1.311290181,0.831468988,Guava
1195363.5,4210.852275,1396,1121,1.309154914,0.847168586,Guava
965116.5,3755.039008,1144,1052,1.246987281,0.860123273,Guava
1084044.5,4180.852264,1367,1046,1.319025188,0.779340654,Guava
1240309,4492.173118,1571,1059,1.341350422,0.772372477,Guava
1133646.5,4254.273629,1461,1072,1.381552362,0.787112259,Guava
955932,3985.982215,1386,951,1.378849123,0.756077216,Guava
1080346.5,4144.758911,1414,1057,1.383443182,0.79026798,Guava
1102098,4118.952778,1433,1013,1.317150562,0.81631251,Guava
1036239.5,4066.224853,1379,1035,1.377350506,0.787566484,Guava
934400,3897.247149,1251,993,1.329455265,0.773084201,Guava
986919.5,3968.141595,1432,942,1.366822725,0.787620974,Guava
996695,3842.286694,1113,1063,1.187042174,0.848384275,Guava
940752,3834.644116,1360,936,1.353130262,0.803960822,Guava
962465.5,3937.514181,1384,935,1.344505336,0.78010089,Guava
1099174,4262.315254,1463,1044,1.389563436,0.760300322,Guava
940679,3905.212659,1310,955,1.329943583,0.775107494,Guava
996853,3952.727379,1434,940,1.352215422,0.801765308,Guava
874918,3608.536478,1209,955,1.319660814,0.844335435,Guava
1146513.5,4432.190362,1423,1065,1.32182918,0.733419119,Guava
963815.5,3958.71014,1447,927,1.391727981,0.77285205,Guava
998539,3968.952778,1402,982,1.378778395,0.796568324,Guava
1065451,4188.550756,1534,964,1.387934311,0.763160318,Guava
884488,3853.673553,1440,863,1.405016235,0.748431339,Guava
1017708,4268.776145,1558,924,1.414543268,0.701820889,Guava
930949,3920.869519,1434,916,1.410973104,0.760976025,Guava
1018690.5,4090.509126,1398,990,1.35862659,0.765063333,Guava
960198.5,3949.396433,1442,913,1.371118576,0.773587472,Guava
1009904.5,3981.372043,1390,948,1.304796642,0.800616703,Guava
661766.5,3545.077668,1129,1041,1.775987452,0.661703046,Indian_Beech
721688.5,3681.268575,1152,1095,1.74790093,0.669213421,Indian_Beech
721086.5,3669.954865,1149,1097,1.747991399,0.672784198,Indian_Beech
875136,3991.545698,1334,1029,1.568540204,0.690244893,Indian_Beech
866341.5,3921.528455,1366,999,1.575168683,0.707926617,Indian_Beech
858276.5,3882.097002,1271,1056,1.563803739,0.715656005,Indian_Beech
870736,3914.800532,1303,1017,1.521874598,0.713965271,Indian_Beech
874257.5,3947.268571,1317,1059,1.595300012,0.705108382,Indian_Beech
791363,3870.114243,1275,1047,1.6868681,0.663954066,Indian_Beech
880715,4184.104143,1438,966,1.577250302,0.632179321,Indian_Beech
653198,3379.295921,999,1090,1.667044296,0.71879039,Indian_Beech
848303.5,3885.587333,1293,1041,1.586711596,0.706070023,Indian_Beech
806907,3749.829973,1268,1027,1.613861325,0.721124407,Indian_Beech
722466,3616.398519,1149,1084,1.723978706,0.69418418,Indian_Beech
811649,3793.771094,1268,1052,1.643488749,0.708656664,Indian_Beech
779201.5,3706.474638,1163,1093,1.631361079,0.712750579,Indian_Beech
836511.5,3957.185312,1393,1005,1.673575318,0.671288184,Indian_Beech
795657,3823.119294,1202,1121,1.693496067,0.684069225,Indian_Beech
890393.5,4052.665541,1379,1027,1.590569787,0.681255964,Indian_Beech
912335.5,3997.518352,1374,1071,1.612952691,0.717436562,Indian_Beech
905913,4102.221887,1459,997,1.60569834,0.676484828,Indian_Beech
834232,3960.932566,1355,1028,1.669727366,0.66819283,Indian_Beech
909365,4003.393456,1388,1020,1.556866605,0.713003315,Indian_Beech
801998,3773.736609,1262,1067,1.678999199,0.707684982,Indian_Beech
950741.5,4121.77824,1401,1055,1.554633936,0.7032392,Indian_Beech
767899,3631.084807,1150,1082,1.620395391,0.731882194,Indian_Beech
853690.5,3914.890936,1302,1090,1.662405755,0.699956381,Indian_Beech
830169,3806.800535,1252,1018,1.535272938,0.71987341,Indian_Beech
874562.5,3812.381273,1226,1091,1.529411563,0.756150181,Indian_Beech
783501.5,3573.102054,1171,1040,1.554355671,0.7711855,Indian_Beech
820063,3881.344699,1328,1019,1.650156147,0.684057571,Indian_Beech
836430,3943.109196,1466,915,1.603708619,0.676023599,Indian_Beech
773896,3804.197502,1320,1015,1.731240373,0.671995483,Indian_Beech
846312,3903.687836,1303,1072,1.650474057,0.697895182,Indian_Beech
852161,3857.878744,1373,972,1.566084343,0.71950592,Indian_Beech
842781,4009.854358,1472,946,1.652282147,0.658669271,Indian_Beech
740510.5,3758.817782,1318,960,1.708659094,0.658625497,Indian_Beech
885760,3851.202557,1246,1077,1.515017612,0.750469775,Indian_Beech
791553,3917.476726,1322,1075,1.795394623,0.64815222,Indian_Beech
887400,3853.060418,1231,1102,1.52869281,0.751134397,Indian_Beech
707416.5,3603.587333,1157,1076,1.759828899,0.684565402,Indian_Beech
799987.5,3851.445197,1304,1038,1.691966437,0.677712693,Indian_Beech
811384,3951.168066,1480,870,1.586918155,0.653108442,Indian_Beech
865830,4130.672681,1469,1005,1.705121098,0.637677258,Indian_Beech
967549,4093.511212,1350,1105,1.54178238,0.72558929,Indian_Beech
746292,3706.776153,1221,1031,1.686807577,0.682536576,Indian_Beech
800813,3995.001551,1504,850,1.596377681,0.630531916,Indian_Beech
773893,3640.540657,1157,1090,1.629592205,0.733768411,Indian_Beech
822515.5,3769.861497,1268,1095,1.688065453,0.727282547,Indian_Beech
779865,3555.153783,1089,1053,1.470404493,0.77537628,Indian_Beech
855825,3982.741658,1318,1077,1.658617124,0.678001351,Indian_Beech
660826,3386.609632,1016,1069,1.643555187,0.724046915,Indian_Beech
726510.5,3719.837111,1193,1071,1.758684837,0.659787242,Indian_Beech
806006.5,3652.984299,1184,1100,1.615867862,0.759019261,Indian_Beech
760490,3757.084803,1308,967,1.663185578,0.677019809,Indian_Beech
679824,3439.271538,1003,1089,1.606690849,0.722226509,Indian_Beech
870620.5,3881.008682,1243,1082,1.544790181,0.726355993,Indian_Beech
933255,3966.481776,1337,1070,1.532903654,0.745416948,Indian_Beech
872132,3938.790437,1368,1059,1.661115519,0.706425449,Indian_Beech
804067,3730.256377,1190,1115,1.650173431,0.726147321,Indian_Beech
760778,3780.422906,1216,1071,1.711847609,0.668939802,Indian_Beech
1042174.5,4088.013741,1392,1077,1.438515335,0.78365627,Jackfruit
1032118.5,4053.587331,1353,1077,1.411834978,0.789333179,Jackfruit
940405.5,6729.492211,1343,1020,1.45666949,0.260951883,Jackfruit
844144,7196.719689,1268,989,1.485590136,0.204812862,Jackfruit
1049866,4316.506164,1565,1015,1.513026424,0.708074582,Jackfruit
970265,3985.427963,1390,1025,1.468413269,0.767627107,Jackfruit
872463,3844.030988,1381,932,1.475239638,0.741964492,Jackfruit
969749.5,4028.84217,1403,990,1.432297722,0.750773474,Jackfruit
901103,3941.91323,1421,965,1.521762773,0.728735924,Jackfruit
1004107.5,4016.925428,1355,1079,1.456064216,0.781992407,Jackfruit
917426,8236.949267,1305,1037,1.475088999,0.169921419,Jackfruit
838896,3770.183229,1360,925,1.499589937,0.741639877,Jackfruit
963590.5,4319.871603,1329,1033,1.424730734,0.648874484,Jackfruit
740493.5,3629.028898,1343,853,1.547048016,0.706561976,Jackfruit
929603,4057.486828,1386,1005,1.498413839,0.709566565,Jackfruit
840641.5,3808.793398,1381,920,1.511369591,0.728191925,Jackfruit
895834,4005.604573,1303,954,1.38760306,0.701618864,Jackfruit
797412,3833.697944,1383,889,1.541846624,0.681799765,Jackfruit
1024462.5,4157.067561,1435,1041,1.458164647,0.744957959,Jackfruit
860467,4009.5356,1386,957,1.541490842,0.672598564,Jackfruit
890336.5,5436.797574,1257,974,1.375118284,0.378510312,Jackfruit
852017.5,3765.646207,1320,975,1.510532354,0.755056325,Jackfruit
737631.5,3588.425869,1344,828,1.508655745,0.719848926,Jackfruit
853135,3719.354799,1299,928,1.41299091,0.77498341,Jackfruit
836846,3795.344697,1338,944,1.509324296,0.730050594,Jackfruit
792272,3683.580195,1335,887,1.494619272,0.733742902,Jackfruit
977049,3989.687837,1377,1045,1.472766463,0.771344479,Jackfruit
817646,3691.746714,1325,932,1.510311308,0.753895909,Jackfruit
737322.5,3582.366993,1353,842,1.545085088,0.721983382,Jackfruit
733025.5,3661.763959,1323,886,1.599095802,0.686986583,Jackfruit
854889,3970.443107,1116,1043,1.361566238,0.681461992,Jackfruit
882555.5,3700.16598,1209,1024,1.402762772,0.81004562,Jackfruit
993291.5,4141.32745,1391,1065,1.491420192,0.727792274,Jackfruit
949867.5,5529.106222,1291,995,1.352341248,0.390447841,Jackfruit
939217.5,3944.700032,1384,987,1.45441072,0.75848688,Jackfruit
908183,5683.834147,1348,923,1.369992612,0.353264859,Jackfruit
1020774,4088.575142,1411,1033,1.427899809,0.767353531,Jackfruit
876284.5,4066.75891,1329,963,1.460515392,0.665821999,Jackfruit
960258.5,3954.984305,1353,1039,1.463946427,0.771451265,Jackfruit
822244.5,5674.0423,1400,894,1.522174974,0.320941371,Jackfruit
22.5,20.72792184,8,7,2.488888889,0.658083281,Jackfruit
849746.5,3820.072621,1415,902,1.502012659,0.731738676,Jackfruit
1005627,4000.089856,1401,1022,1.42381022,0.789782115,Jackfruit
1021020,4116.030986,1378,1061,1.431958238,0.757332932,Jackfruit
976728,3969.604576,1396,986,1.409252115,0.778913098,Jackfruit
1031034,4098.70717,1400,1053,1.429826756,0.771239151,Jackfruit
981086,4591.608746,1469,983,1.471865871,0.58477284,Jackfruit
900084,3794.148731,1264,1022,1.435208269,0.785713478,Jackfruit
1103661,4157.580195,1441,1051,1.372242926,0.8023508,Jackfruit
1025538.5,3998.641163,1401,1052,1.437149361,0.806003575,Jackfruit
1088030,4246.481774,1533,1013,1.427285093,0.758214709,Jackfruit
832565,3956.315255,1384,938,1.559268045,0.668415069,Jackfruit
965046,3981.937624,1404,1021,1.485404841,0.764837149,Jackfruit
1034252,4040.942674,1398,1047,1.415231491,0.795922633,Jackfruit
926267,3853.17817,1362,986,1.4498325,0.783985217,Jackfruit
877177.5,3865.077664,1394,910,1.446161125,0.737871774,Jackfruit
262674,2062.625662,726,541,1.495260285,0.775864924,Jackfruit
693505.5,3247.499898,1171,801,1.352506938,0.826345148,Jackfruit
247333,2000.660156,746,464,1.399505929,0.776506835,Jackfruit
510475.5,2991.534386,1064,684,1.425682525,0.716797973,Jackfruit
333769,2288.566788,842,555,1.400100069,0.800808509,Jackfruit
205234.5,1918.902796,710,424,1.466809917,0.700413133,Jackfruit
217529,1906.743414,612,567,1.595207995,0.751869586,Jackfruit
187997.5,1685.398182,490,526,1.370975678,0.831681222,Jackfruit
743467.5,3354.234957,1199,856,1.380482671,0.830395317,Jackfruit
657018.5,3189.80855,1125,841,1.440027944,0.81144339,Jackfruit
545261,4144.727376,1083,826,1.640605141,0.398861723,Jackfruit
289442,2459.370828,835,595,1.716492423,0.601344551,Jackfruit
688868.5,3465.146646,1234,868,1.55488602,0.720946359,Jackfruit
338449.5,2734.358636,450,1088,1.446596907,0.568843486,Jackfruit
337187,2639.703871,777,791,1.822748208,0.608093369,Jackfruit
281095,2132.19926,797,502,1.423340863,0.776975649,Jackfruit
340832,2563.395216,572,940,1.577551404,0.651807102,Jackfruit
848842,3735.521316,1293,973,1.482123882,0.764423951,Jackfruit
242924.5,2348.13324,397,926,1.513317924,0.553650516,Jackfruit
334821,2917.797234,1180,506,1.783281216,0.494210919,Jackfruit
593851.5,3595.936406,1341,683,1.54230982,0.577116799,Jackfruit
606230,3616.262308,1352,700,1.561123666,0.582542263,Jackfruit
616716.5,3571.254292,878,1155,1.64433739,0.60765053,Jackfruit
691711,3831.791309,1387,772,1.547993309,0.592012464,Jackfruit
190615.5,1825.020546,591,506,1.568844087,0.719171653,Jackfruit
433183,2856.806464,791,915,1.670806564,0.66699047,Jackfruit
558737,3313.943547,853,1118,1.706803022,0.639332944,Jackfruit
779968.5,3512.082718,993,1178,1.499745182,0.794616275,Jackfruit
345060,2576.698822,698,835,1.689068568,0.653096211,Jackfruit
554891.5,3582.769011,1314,870,2.060186541,0.543225712,jamun
509820.5,3756.411585,1549,624,1.895914346,0.454026097,jamun
703025.5,3885.160925,1543,820,1.799735571,0.585278967,jamun
519424,3699.399392,1468,586,1.65615759,0.476946246,jamun
355720,2905.596229,1148,534,1.723355448,0.529477636,jamun
289643,2955.821622,1244,453,1.945608905,0.416597307,jamun
707713.5,3749.406535,1415,803,1.605515509,0.632619071,jamun
335405,2537.953655,621,910,1.684858604,0.654352885,jamun
692316,3675.090737,1422,698,1.433674796,0.644136784,jamun
771384.5,3892.578103,1377,897,1.601236478,0.639743823,jamun
655452,3241.517147,1055,861,1.385845188,0.78388817,jamun
686523,3337.517142,1093,827,1.316650717,0.7744938,jamun
829511.5,3999.063385,1564,769,1.449908772,0.651802017,jamun
1021108.5,6269.845462,1396,1021,1.395851665,0.326413477,jamun
610447.5,3321.499899,1246,729,1.487980539,0.695327965,jamun
758693,3947.531422,1470,822,1.592660009,0.611821522,jamun
619417.5,3740.779117,1505,694,1.686213257,0.556248951,jamun
662536.5,3656.082723,1010,1125,1.714999853,0.622855991,jamun
839864.5,3839.514174,1395,891,1.479935156,0.715923368,jamun
337002.5,2622.657189,905,610,1.638118412,0.615686927,jamun
441940.5,3068.563822,1215,610,1.67703571,0.589798068,jamun
862517.5,3930.62687,1424,916,1.512298591,0.701542752,jamun
328381.5,2578.348531,983,528,1.580551889,0.620733665,jamun
452497,2764.899827,907,701,1.405107658,0.74381814,jamun
493463,3092.546578,954,759,1.467356215,0.648383508,jamun
621559,3257.281648,1073,826,1.425927386,0.736175904,jamun
544412,3059.43388,1107,714,1.451837946,0.730895705,jamun
312181.5,2620.456181,1007,582,1.877350195,0.571298683,jamun
650776.5,3299.298885,1077,849,1.405049199,0.75127408,jamun
106300,1816.562612,776,255,1.861523989,0.404801754,jamun
406827.5,2866.515056,1035,588,1.495916574,0.62217379,jamun
577845,3123.37501,1061,801,1.470742154,0.744342748,jamun
615910,3239.517139,984,933,1.490594405,0.737507694,jamun
520645.5,3255.499897,1176,710,1.603701559,0.617328903,jamun
453833,3199.413674,1104,771,1.875544528,0.55714103,jamun
656606,3309.967942,1101,796,1.334736509,0.753125124,jamun
468019,2894.286694,1025,723,1.583429305,0.702085902,jamun
499454.5,3024.372917,1095,654,1.433824302,0.686175352,jamun
685718,4017.084812,1399,867,1.768851044,0.533990354,jamun
671734,3475.105018,1239,846,1.56043017,0.698990588,jamun
645093.5,3597.229903,1247,839,1.621831564,0.62646403,jamun
501155.5,3349.004511,1055,946,1.991457741,0.561501473,jamun
333461.5,2640.147521,829,689,1.712884396,0.601172595,jamun
335513.5,2713.402356,1058,538,1.696515938,0.572652905,jamun
467146,3270.654222,1168,746,1.865215586,0.548773629,jamun
545474,3336.678611,973,913,1.628581747,0.615680167,jamun
422092.5,2943.107979,1042,680,1.678684175,0.612357593,jamun
400994.5,2905.568881,900,770,1.728203255,0.596878491,jamun
409417,2906.355679,1089,640,1.702323059,0.609085431,jamun
550717.5,3486.06844,1113,931,1.881550886,0.56946485,jamun
432092.5,3157.901916,944,787,1.719372588,0.544489261,jamun
530909,3420.22782,1406,617,1.633993773,0.57032168,jamun
389683.5,2825.96079,1027,654,1.723598767,0.613182311,jamun
559021,3355.03186,1272,712,1.620089406,0.624086358,jamun
355685.5,2934.397302,1044,574,1.684791761,0.519084661,jamun
610348,3511.163891,1025,969,1.627309338,0.622135791,jamun
508015,3554.35985,1025,737,1.487013179,0.505316653,jamun
553698,3690.688715,1503,591,1.604255388,0.510820109,jamun
564081,3543.271539,1331,790,1.864076259,0.564602067,jamun
538727,3235.576014,1000,857,1.59078717,0.646659097,jamun
582106,3589.105011,1379,743,1.760155367,0.567857818,jamun
596959,3502.522194,1274,730,1.557929439,0.61149453,jamun
545253,3294.87962,1256,716,1.649318757,0.631144532,jamun
459971.5,3382.612597,1353,620,1.823721687,0.505168502,jamun
543222.5,3603.867432,1192,946,2.075819761,0.525593517,jamun
331148,2585.846007,956,565,1.631113581,0.622338522,jamun
510444.5,3333.759784,1226,680,1.633243183,0.577151444,jamun
527495,3302.179049,1181,697,1.560501995,0.607892767,jamun
463879,2875.787134,877,806,1.523806855,0.70485714,jamun
549710.5,3330.446074,1083,825,1.625355528,0.622786349,jamun
720975,3863.982212,1308,913,1.656373661,0.606819926,jamun
769294.5,3975.396433,1478,811,1.558126309,0.611704399,jamun
855229,3917.517144,1517,762,1.351630967,0.700277982,jamun
710006.5,3740.754732,1528,690,1.484944152,0.637607946,jamun
890149.5,4016.744624,1549,832,1.447810733,0.693305067,jamun
505705.5,3262.612599,1291,635,1.621071948,0.597003013,jamun
348536.5,2754.005385,1053,544,1.643535182,0.577468846,jamun
313826.5,2893.995282,1127,548,1.96795363,0.470873056,jamun
501008,3044.605458,1121,676,1.512542714,0.679191874,jamun
51764.5,1752.795148,539,203,2.113745907,0.211728618,jamun
254297.5,3396.21057,1189,427,1.996492297,0.277052923,jamun
321739,3080.767799,1336,385,1.598687135,0.425986307,jamun
734722.5,3403.073495,1205,814,1.335021045,0.797242692,jamun
511652,3180.286693,1123,740,1.624189879,0.635699685,jamun
497458,3228.512095,1280,604,1.554141254,0.599737836,jamun
953004,4058.08986,1412,983,1.456442995,0.727212388,jamun
753375.5,3870.484741,1402,896,1.667418173,0.631961524,jamun
574796,3326.997372,1280,723,1.610032081,0.65255735,jamun
713010,3641.933444,1387,814,1.583453248,0.675525076,jamun
838382,4037.909055,1527,821,1.495341026,0.646158026,jamun
841246,4006.668507,1489,866,1.532814421,0.658515575,jamun
863392.5,3957.146646,1385,888,1.424473805,0.692873332,jamun
604846,3389.232869,1298,691,1.482886553,0.661685866,jamun
402452.5,2821.686631,1054,573,1.500654114,0.635194798,jamun
967047,4752.412796,1262,1031,1.345458907,0.538058049,jamun
641997.5,3380.837991,1049,818,1.336581529,0.705820846,jamun
844036.5,4025.593261,1489,826,1.457181058,0.654502496,jamun
614001.5,3552.293828,1386,729,1.645588814,0.611450822,jamun
787575,4063.496931,1534,807,1.571835063,0.599379539,jamun
678019.5,3649.573047,1225,803,1.450806356,0.639687593,jamun
689256.5,3783.583159,1495,719,1.559513766,0.605040111,jamun
297839.5,2595.44695,1065,416,1.48751257,0.555607175,jamun
900116.5,3968.332501,1445,888,1.425548804,0.718277858,jamun
873704,5112.118431,1432,935,1.532464084,0.42011905,jamun
238594.5,2640.96167,1153,358,1.730023115,0.429878868,jamun
579295,3650.14456,1465,687,1.737379056,0.546373359,jamun
1032910,4133.756819,1542,907,1.354032781,0.7595957,jamun
961071,4127.37918,1600,859,1.430071243,0.708951619,jamun
971341,4174.325361,1561,922,1.481706219,0.700501374,jamun
934178.5,4151.881711,1510,915,1.478999998,0.681004197,jamun
490215.5,3072.681575,1083,682,1.506696545,0.652471867,jamun
407289.5,3086.539439,1220,549,1.644481382,0.537241331,jamun
361753,2997.61051,1154,561,1.789602298,0.505908062,jamun
524196.5,3140.009565,1190,681,1.545966064,0.668100872,jamun
719128,3816.820745,1442,743,1.489868285,0.62031536,jamun
731009,3925.320308,1526,797,1.663757902,0.59618684,jamun
603100,3339.433881,1244,717,1.478938816,0.679600194,jamun
574063.5,3717.215627,1507,636,1.669592301,0.522076674,jamun
872703.5,4281.20969,1297,999,1.48470013,0.598333863,Jasmine
802062.5,3648.710129,1001,1087,1.356611237,0.757075777,Jasmine
681936,3239.242977,857,1037,1.303214671,0.816707286,Jasmine
692926.5,3421.774064,942,1030,1.40023509,0.743694166,Jasmine
703612,3513.011652,988,1041,1.46175449,0.716446757,Jasmine
766967.5,3465.156753,907,1110,1.312663183,0.802677435,Jasmine
999879,4189.760998,1445,1062,1.534775708,0.715778768,Jasmine
885739,3831.91323,1291,1032,1.504181254,0.758026344,Jasmine
660687.5,3238.435965,908,1025,1.408684136,0.791653847,Jasmine
893972.5,3901.337556,1211,1089,1.475189673,0.738085998,Jasmine
776791,3503.507035,1021,1057,1.389301627,0.795258027,Jasmine
786519,3671.992319,990,1069,1.3455619,0.733019544,Jasmine
705876.5,3352.94564,1000,1016,1.439345268,0.789015551,Jasmine
968889,3923.545705,1281,1085,1.43451417,0.79090889,Jasmine
752562.5,3440.661362,1014,1049,1.413418819,0.798856139,Jasmine
782153,3420.997367,963,1071,1.318633311,0.839839118,Jasmine
833587.5,3659.136538,1117,1078,1.444510624,0.782354936,Jasmine
791737,3967.403566,1141,1040,1.498780529,0.632088729,Jasmine
758653.5,3452.328325,952,1081,1.356498059,0.799887936,Jasmine
827784.5,3602.366985,1166,1049,1.477599544,0.801588073,Jasmine
790307.5,3578.827883,1112,1037,1.459108005,0.775397404,Jasmine
698729,3381.992321,899,1046,1.345806457,0.76766793,Jasmine
851804,3697.864461,1151,1079,1.457998554,0.782794132,Jasmine
789800.5,3675.195421,1165,984,1.451455146,0.734795342,Jasmine
787140,3546.193326,1010,1118,1.434535153,0.78656937,Jasmine
800514.5,3568.470462,1011,1086,1.371550422,0.789977741,Jasmine
871165.5,3637.22991,1101,1054,1.332070657,0.827501948,Jasmine
859019,3706.231994,1174,1092,1.492409365,0.785864068,Jasmine
895633,3721.462442,1191,1080,1.436168609,0.812667085,Jasmine
908515.5,3787.244188,1280,1034,1.456794078,0.795967966,Jasmine
766883,3436.335465,954,1072,1.333564572,0.816108434,Jasmine
542079.5,2901.333381,774,992,1.416412168,0.809240441,Jasmine
639341,3151.801413,834,1039,1.355342454,0.808769432,Jasmine
703247,3278.453211,877,1095,1.365544396,0.822204354,Jasmine
707825,3421.73243,969,1090,1.492190866,0.7597027,Jasmine
847336,3692.761867,1198,987,1.395462957,0.780841555,Jasmine
807829,3742.217717,1176,1019,1.48341295,0.724888488,Jasmine
854125.5,4276.395554,1225,1072,1.537478977,0.586915817,Jasmine
689059,3411.766921,969,1003,1.410484443,0.743888021,Jasmine
789303.5,3473.274498,978,1069,1.324562732,0.822196602,Jasmine
742020,3401.957834,1020,1060,1.457103582,0.805689349,Jasmine
727395.5,3336.494849,915,1068,1.343450709,0.821106626,Jasmine
942726,3831.923341,1211,1088,1.397615002,0.806792262,Jasmine
882953.5,3728.533511,1229,1036,1.442028374,0.79812625,Jasmine
881290,3957.379186,1225,1061,1.474798307,0.70715298,Jasmine
808268.5,3575.715187,1103,1060,1.446524268,0.794400813,Jasmine
788748,3463.791312,1027,1061,1.381489398,0.826122971,Jasmine
820762.5,3707.906101,1114,1045,1.418351837,0.750187657,Jasmine
690130.5,3246.779116,904,1057,1.384561326,0.822688824,Jasmine
1006447,4008.030987,1399,1029,1.430349537,0.787297065,Jasmine
663978.5,3555.631922,995,960,1.438600798,0.65997926,Jasmine
834890.5,3593.9162,1111,1041,1.385272679,0.812275755,Jasmine
669762,3419.683663,901,1065,1.432695495,0.719711597,Jasmine
857831.5,3804.16598,1158,1050,1.417411228,0.744891363,Jasmine
778662,3705.864462,1098,1002,1.412931413,0.712491655,Jasmine
891686,3886.443105,1212,1084,1.473397586,0.741851849,Jasmine
880689,3699.521315,1227,1042,1.451742897,0.808614208,Jasmine
913813.5,3944.474639,1139,1112,1.38602461,0.73805563,Jasmine
845948.5,3638.107105,1131,1089,1.455950333,0.803161399,Jasmine
782496,3443.708048,967,1081,1.335887979,0.829161902,Jasmine
792138.5,3667.303063,1151,1021,1.483542335,0.740145978,Jasmine
861821,3721.947725,1226,1052,1.496542786,0.781783316,Jasmine
621015.5,3141.534384,805,1038,1.345521972,0.790730825,Jasmine
878248,3668.575143,1190,1089,1.475562711,0.820034634,Jasmine
883009.5,3792.377091,1142,1084,1.401941882,0.771528923,Jasmine
937970.5,3856.783295,1356,1026,1.483262,0.792407485,Jasmine
923239.5,3941.292964,1345,1013,1.475765497,0.746873078,Jasmine
898063.5,3768.616777,1296,1013,1.461865447,0.794608041,Jasmine
942837,3904.256384,1353,1048,1.503912129,0.777266273,Jasmine
886260,3758.079758,1289,1032,1.500968113,0.788567777,Jasmine
858056.5,3664.440152,1280,1010,1.506660692,0.80299064,Jasmine
426174,3220.889724,908,664,1.414708546,0.516232216,Jasmine
716477,4243.639062,1167,863,1.405657125,0.499959979,Jasmine
473579,4591.878738,1001,725,1.53242648,0.282241895,Jasmine
177457.5,2833.225726,649,434,1.587230745,0.277806159,Jasmine
307819.5,2710.799325,676,667,1.464793491,0.526394393,Jasmine
561440,2990.051196,1137,726,1.470258621,0.789143468,Jasmine
229539.5,1919.613473,739,457,1.471306681,0.782779992,Jasmine
241782,1921.596225,651,552,1.486264486,0.822828936,Jasmine
458004.5,2633.676532,890,741,1.43992035,0.829764292,Jasmine
1372,252.3086563,106,33,2.549562682,0.270831811,Jasmine
445267,3119.350619,1117,614,1.540284818,0.575045207,Jasmine
142233.5,1685.457054,662,341,1.587122584,0.62918213,Jasmine
129720,1890.743413,647,391,1.950177305,0.455986108,Jasmine
277926,3029.766925,959,579,1.997873535,0.38047016,Jasmine
690476.5,3279.774065,1019,1006,1.484647197,0.806623576,Karanda
846094,3677.202558,1174,1021,1.41669129,0.786309227,Karanda
771480,3438.575137,1125,1028,1.499066729,0.819931362,Karanda
682842,3218.252203,950,1003,1.395417974,0.82849509,Karanda
628366.5,3104.435972,902,995,1.428290655,0.81932739,Karanda
722956,3294.619733,973,1039,1.398352044,0.836972406,Karanda
756026,3402.761873,1026,1056,1.433093571,0.820509246,Karanda
586399.5,3090.636983,865,1008,1.486904406,0.771449428,Karanda
688573,3283.933444,1000,1004,1.458087959,0.802363493,Karanda
713746.5,3358.886765,986,1045,1.44360778,0.794992679,Karanda
716880,3291.271538,991,1037,1.433527229,0.831627611,Karanda
747941,3344.928391,994,1078,1.432642414,0.840046942,Karanda
759747,3414.016708,1014,1071,1.429415319,0.819120082,Karanda
780660,3480.977162,1087,1078,1.50101965,0.809598031,Karanda
687335,3237.742536,874,1074,1.365674671,0.823936423,Karanda
641442.5,3237.607541,896,1068,1.491837538,0.76898734,Karanda
711184.5,3281.999452,1007,1030,1.458426048,0.829688629,Karanda
650591.5,3231.843043,872,1067,1.430120129,0.78274036,Karanda
753367,3361.438064,1074,1031,1.469793607,0.837849915,Karanda
747659,3374.006603,1088,1018,1.481402618,0.825318487,Karanda
647135.5,3206.446072,847,1065,1.393919821,0.790964894,Karanda
731830.5,3366.592386,1093,999,1.492021718,0.811408019,Karanda
805081,3475.722331,1089,1076,1.455461003,0.837450783,Karanda
744934,3467.545699,1141,1016,1.556186186,0.7785442,Karanda
727739,3461.094917,1087,1031,1.539971061,0.763411143,Karanda
732199.5,3331.47969,1038,1043,1.478605216,0.829019893,Karanda
771288,3458.491879,1090,1062,1.500840153,0.810313208,Karanda
739594.5,3392.04823,1143,988,1.526896157,0.807754711,Karanda
745834,3360.467495,1049,1040,1.462738357,0.829951365,Karanda
680355.5,3281.406534,961,1030,1.454871755,0.794009479,Karanda
645463,3113.031864,842,1037,1.352756084,0.83697808,Karanda
705971,3234.761866,944,1046,1.398675016,0.847836474,Karanda
674659.5,3169.406536,943,1016,1.420105994,0.843992536,Karanda
674414.5,3259.22991,1015,992,1.492969087,0.797823398,Karanda
627440.5,3143.455306,975,985,1.530623222,0.797935583,Karanda
696267.5,3257.455306,1001,1025,1.473607486,0.824572898,Karanda
649518,3151.163892,936,1006,1.449715019,0.821975877,Karanda
589357.5,3114.411584,849,1047,1.508257721,0.763548567,Karanda
722329.5,3296.377094,1010,1016,1.420625905,0.835355701,Karanda
694977.5,3234.318216,1006,997,1.44318629,0.834862809,Karanda
804564,3486.692887,1096,1074,1.463033394,0.831654743,Karanda
810028.5,3448.567998,1089,1056,1.419683382,0.85591882,Karanda
727699,3325.105014,982,1052,1.419630919,0.827086459,Karanda
627684.5,3145.83294,900,1033,1.48115813,0.797039706,Karanda
684246.5,3273.489793,1009,994,1.465767088,0.802417638,Karanda
696340.5,3280.626874,1001,1025,1.473453002,0.813051102,Karanda
809309,3449.496927,1088,1056,1.419640706,0.854698042,Karanda
649976,3150.820742,936,1006,1.44869349,0.822734659,Karanda
588169,3116.997371,849,1046,1.509861961,0.760745029,Karanda
723267.5,3294.862375,1010,1016,1.418783507,0.83720971,Karanda
694973.5,3233.489789,1006,997,1.443194597,0.835285844,Karanda
683462,3272.418727,1010,993,1.467426133,0.802022401,Karanda
626531,3139.105024,899,1031,1.479366544,0.798988882,Karanda
727672.5,3326.519228,982,1052,1.419682618,0.826353271,Karanda
804328.5,3483.964969,1096,1075,1.464824385,0.832713801,Karanda
632589.5,3138.328323,843,1058,1.409909586,0.80711439,Karanda
760129.5,3394.415771,1100,1048,1.516583687,0.829024525,Karanda
700134,3319.697947,1039,1014,1.504777657,0.798351035,Karanda
739565,3416.065473,1056,1048,1.496403967,0.796404751,Karanda
713782,3328.585246,1052,1004,1.479734709,0.809573135,Karanda
716953,3316.300976,1031,1022,1.46966677,0.819205148,Karanda
778922,3510.526368,1072,1064,1.464341744,0.794253899,Karanda
670792,3248.384233,980,1047,1.529624682,0.79884579,Karanda
678388,3259.021754,908,1083,1.449559839,0.802626514,Karanda
698066.5,3221.891812,911,1076,1.404215787,0.84505457,Karanda
666164.5,3178.3771,937,1021,1.43609724,0.828667876,Karanda
716521.5,3336.117211,1044,1001,1.458496361,0.809014842,Karanda
690226.5,3203.264394,905,1071,1.404256429,0.845309832,Karanda
713166,3271.153787,1014,1028,1.461640067,0.837526524,Karanda
606966.5,3028.803501,951,938,1.469665954,0.831442823,Karanda
664799.5,3235.725291,914,1048,1.440843442,0.797916161,Karanda
542919,3003.850182,850,971,1.520208355,0.756115895,Karanda
649138.5,3207.950686,937,1017,1.467990267,0.792668983,Karanda
683692,3212.644123,1024,977,1.463302189,0.832425015,Karanda
678677,3369.448161,1168,842,1.449078133,0.751199754,Lemon
815717.5,4193.753841,1260,940,1.451973263,0.582832516,Lemon
661444,3284.300972,1121,883,1.496487987,0.770578784,Lemon
616242,3743.521314,1201,828,1.613697216,0.55258684,Lemon
781649.5,3614.484738,1208,939,1.451177286,0.751846406,Lemon
693476.5,3963.930475,1157,925,1.543275079,0.554612375,Lemon
831406.5,3648.401479,1199,961,1.385891258,0.784906695,Lemon
537108.5,3416.245059,1187,719,1.588976901,0.578327516,Lemon
661830.5,3327.063388,1142,828,1.428728353,0.751336506,Lemon
721645,3936.658396,1147,967,1.536973165,0.585164552,Lemon
781124.5,3566.744628,1242,911,1.448504048,0.771589115,Lemon
708459,4014.634008,1412,826,1.646266051,0.552373287,Lemon
760694.5,3488.176084,1160,917,1.398353741,0.785639553,Lemon
717130.5,4084.21475,1215,947,1.604456929,0.540245202,Lemon
819860,3645.555806,1239,954,1.441716878,0.775214809,Lemon
612104.5,3511.916197,1133,840,1.554832549,0.623658934,Lemon
469499.5,2903.759781,936,770,1.535081507,0.699718936,Lemon
947697,4236.908177,1410,1040,1.547330001,0.663408858,Lemon
670427,3254.39434,1115,856,1.423630015,0.795464877,Lemon
911245.5,4676.395542,1399,1076,1.651941217,0.523627908,Lemon
517712.5,3152.636978,969,811,1.517944805,0.654561692,Lemon
837333,4169.760993,1267,1023,1.547939709,0.605181644,Lemon
402051,2802.463318,960,710,1.695307312,0.643296424,Lemon
685920,4286.280757,1257,943,1.728118439,0.469161214,Lemon
607018.5,3224.092824,1023,881,1.484737286,0.733832121,Lemon
909591.5,4507.11633,1410,1062,1.646255489,0.562676429,Lemon
484088.5,3150.43597,933,819,1.578486165,0.612905213,Lemon
775357,4406.447281,1291,952,1.585117565,0.501804347,Lemon
476262,3020.286697,1036,746,1.622753862,0.656084014,Lemon
764093,4192.457385,1299,969,1.647353136,0.546284366,Lemon
488541,2879.031858,887,821,1.490615936,0.740658378,Lemon
702348.5,3964.47463,1169,916,1.52460495,0.561553628,Lemon
313142,2556.924213,825,609,1.60446379,0.601887707,Lemon
877945,4740.755934,1350,1013,1.557671608,0.490887507,Lemon
392724.5,2800.102928,895,726,1.654518626,0.629433521,Lemon
683971.5,4090.214744,1370,838,1.678520231,0.513754513,Lemon
517332,3227.624786,987,835,1.593067895,0.624040998,Lemon
852785.5,4693.317335,1353,1034,1.640508662,0.486507827,Lemon
588258.5,3264.435967,995,871,1.473238381,0.693684143,Lemon
855134.5,4263.729464,1331,984,1.531576612,0.591105514,Lemon
547198,3224.14456,971,811,1.439115275,0.661493154,Lemon
756070,4139.393459,1245,981,1.615386141,0.554496044,Lemon
393088.5,2766.161799,985,665,1.666355032,0.645572532,Lemon
895852.5,4424.890926,1325,1035,1.530804457,0.574964769,Lemon
471597,3095.482651,1024,775,1.682792723,0.618477848,Lemon
518882,3800.325352,1259,719,1.74456042,0.451478332,Lemon
657757.5,3424.636984,1083,902,1.485146121,0.704768667,Lemon
588482,3859.746712,1244,849,1.794712498,0.496392757,Lemon
526735,3022.286692,908,854,1.472148234,0.724654049,Lemon
668858.5,3888.911144,1115,968,1.613674641,0.555761009,Lemon
367537,2965.517144,882,687,1.648634015,0.525182265,Lemon
767932,4482.305142,1437,888,1.661678378,0.480319028,Lemon
939757.5,4806.135658,1433,1027,1.566032727,0.511250345,Lemon
927409,4633.844244,1381,1038,1.545680493,0.542748093,Lemon
650649.5,3817.62182,1316,821,1.660549958,0.561010715,Lemon
786748.5,4066.204645,1333,952,1.61298814,0.597953377,Lemon
838480.5,4552.405645,1307,1006,1.568124721,0.508418008,Lemon
161112,1769.15554,699,353,1.531524654,0.646853183,Lemon
203598,1972.341391,624,576,1.765361153,0.657686904,Lemon
118701,1635.640819,634,328,1.751897625,0.55755583,Lemon
250667,2266.483528,921,434,1.594601603,0.613199643,Lemon
187411.5,1965.824587,698,399,1.486045413,0.609419822,Lemon
222605.5,2007.623579,756,412,1.399210711,0.694034691,Lemon
212222.5,1924.912899,748,389,1.371070457,0.719745776,Lemon
346593.5,2487.779996,936,544,1.469110067,0.703730437,Lemon
196910.5,2044.986055,738,465,1.742771462,0.591695188,Lemon
307632,2340.507916,909,482,1.424227649,0.705701669,Lemon
421140.5,2885.107983,1134,584,1.572529833,0.635788587,Lemon
234529,2066.268235,761,407,1.320634122,0.690292281,Lemon
273494,2218.223646,837,507,1.551620877,0.698468791,Lemon
216572.5,2201.790096,879,405,1.643768253,0.5613857,Lemon
253282.5,2111.731218,834,439,1.445524266,0.713736271,Lemon
343457,2579.301855,1015,526,1.55445951,0.648750783,Lemon
595705.5,3522.529333,1265,735,1.5607964,0.603298489,Lemon
198445.5,1988.902795,700,472,1.664940752,0.63041132,Lemon
346362.5,2610.549542,995,553,1.588610199,0.638670491,Lemon
224635.5,2035.505828,722,486,1.562050522,0.681308103,Lemon
165985,1874.150486,630,453,1.719372232,0.593840464,Lemon
266146,2737.263184,1000,366,1.375185049,0.446371744,Lemon
179784,2020.743414,790,424,1.863124638,0.55327183,Lemon
367437.5,2912.314043,1126,530,1.624167375,0.544398516,Lemon
487829.5,2848.823709,1021,701,1.467153995,0.75534746,Lemon
107082.5,1372.0357,528,295,1.454579413,0.714821394,Lemon
295855.5,2431.187066,843,557,1.587095727,0.62900306,Lemon
263843,2425.052072,956,445,1.612398282,0.563784723,Lemon
137793.5,1708.628626,654,351,1.665927638,0.593120916,Lemon
141021.5,1834.854023,713,347,1.754420425,0.526371246,Lemon
106491,1360.219465,536,295,1.484820313,0.723277239,Lemon
160033.5,1909.103805,728,401,1.824168065,0.55177457,Lemon
119813,1446.479354,532,321,1.425321125,0.719596974,Lemon
174058,1913.037791,712,373,1.525790254,0.597663528,Lemon
176837,1744.954528,630,419,1.492730594,0.729818342,Lemon
157185,1946.351498,649,375,1.548334765,0.521408871,Lemon
188785,1869.464195,703,421,1.56772519,0.678801893,Lemon
180765,1820.95453,705,368,1.435233591,0.685055894,Lemon
249386,2335.914986,944,446,1.688242323,0.574338418,Lemon
216365.5,2077.055035,826,370,1.412517245,0.630234058,Lemon
175165.5,1829.991108,708,379,1.531876996,0.657295226,Lemon
144766.5,1660.025597,650,337,1.51312631,0.660158727,Lemon
132897,1487.675311,547,352,1.448821268,0.754585977,Lemon
230629.5,2116.927181,684,589,1.74685372,0.646714924,Lemon
136670,1623.356549,623,348,1.586332041,0.651711258,Lemon
221273.5,2493.377972,914,434,1.792695465,0.447263062,Lemon
65526.5,1192.437719,425,294,1.906862109,0.579102481,Lemon
140366,1587.415429,487,462,1.602909536,0.699987998,Lemon
115115,1470.337216,575,273,1.363636364,0.669125964,Lemon
148214.5,1595.775816,563,376,1.428254321,0.731403104,Lemon
165682.5,1896.961672,607,547,2.004007665,0.578587959,Lemon
120852,1618.576897,579,411,1.96909443,0.579691632,Lemon
216234,1887.096664,700,424,1.372587105,0.763036921,Lemon
178323,1929.606333,661,482,1.786656797,0.601838262,Lemon
157442,1811.003299,500,622,1.975330598,0.603242567,Lemon
243239.5,2260.192118,809,435,1.446783931,0.598347187,Lemon
322863.5,2991.250118,1019,588,1.855805937,0.453443684,Lemon
294142.5,3065.617647,1106,546,2.053004921,0.393306993,Lemon
317606.5,2385.49572,907,507,1.447857648,0.701361565,Lemon
87744,1407.935194,516,265,1.558397155,0.556239675,Lemon
210488,2060.777905,834,384,1.521492912,0.622837606,Lemon
237495,2055.724084,814,401,1.374403672,0.70621134,Lemon
197712,2107.523068,710,527,1.892500202,0.559368775,Lemon
155621,2289.311957,879,356,2.01080831,0.373136826,Lemon
208935,1933.807341,778,379,1.411261876,0.702093015,Lemon
209274.5,2036.843919,769,475,1.745434824,0.633885293,Lemon
125199,1691.391039,649,325,1.684717929,0.549949325,Lemon
120779.5,1564.11896,614,295,1.499675028,0.620388202,Lemon
150808.5,1920.417513,541,465,1.668108893,0.513859475,Lemon
491646.5,3441.146651,949,830,1.602106391,0.521742786,Lemon
62146,1164.337216,359,284,1.640588292,0.576057037,Lemon
323118,3444.026806,527,1069,1.743520943,0.34232449,Lemon
370978.5,2634.255169,879,675,1.599351445,0.671804523,Lemon
66783,1131.484405,370,303,1.678720632,0.655508977,Lemon
59735.5,1057.785922,340,287,1.633534498,0.670883023,Lemon
234498,2110.400266,569,607,1.472861176,0.661636325,Lemon
55024.5,1011.643785,275,318,1.589292043,0.675632813,Lemon
38750.5,828.7909715,224,250,1.445142643,0.708919874,Lemon
129609,1420.763623,347,483,1.293127792,0.806865908,Lemon
158036.5,1711.34941,332,634,1.331894847,0.678093979,Lemon
52099.5,994.7564819,319,261,1.598076757,0.661621888,Lemon
286273.5,2411.779989,702,685,1.679757295,0.618465726,Lemon
65715,1104.312831,353,303,1.627619265,0.677158197,Lemon
32174,809.0681028,180,283,1.583265991,0.617653294,Lemon
379930,3354.051191,860,770,1.742952649,0.424398733,Lemon
17782.5,558.3401794,193,144,1.562884859,0.716811423,Lemon
131509,1584.410373,540,396,1.626048407,0.658309292,Lemon
194561.5,1960.098752,689,466,1.650244267,0.636371711,Lemon
27550.5,731.3351281,264,170,1.629008548,0.647301302,Lemon
255463.5,2272.005386,769,562,1.691740699,0.621899215,Lemon
821867.5,3898.85227,1082,1133,1.491610266,0.679419663,Lemon
387812.5,2872.764833,850,699,1.532054795,0.590515791,Lemon
36941,776.406198,268,213,1.545274898,0.770088299,Lemon
183474.5,2124.192114,374,827,1.685781948,0.510973047,Lemon
159864,1602.528125,615,364,1.400315268,0.782256569,Lemon
231099,1975.228697,610,578,1.525666489,0.744343083,Lemon
270000,2200.767798,783,533,1.5457,0.70052749,Lemon
48718,922.7737255,324,239,1.589474116,0.718966864,Lemon
202165,2098.60128,665,492,1.618381025,0.576840796,Lemon
45046.5,883.9625468,319,210,1.487129966,0.724441278,Lemon
145088.5,2160.819534,335,785,1.812514431,0.390486353,Lemon
216082,2000.625669,602,605,1.685517535,0.678417093,Lemon
31750,752.2051876,242,224,1.707338583,0.705149083,Lemon
165689.5,1847.481436,571,485,1.671409474,0.610020858,Lemon
46512,934.9747382,331,232,1.651014792,0.668613474,Lemon
337422.5,2369.838865,667,695,1.373841401,0.754998811,Lemon
74649,1150.856988,257,433,1.490723251,0.708257431,Lemon
75769,1109.401143,324,321,1.372645805,0.773613788,Lemon
186729,1742.895655,669,396,1.418761949,0.77246509,Lemon
248928.5,1988.618527,769,442,1.365444294,0.79100918,Lemon
182833,1715.297674,620,423,1.434423764,0.780882072,Lemon
185448.5,1713.398182,650,390,1.366956325,0.793810036,Lemon
193323,1749.782956,660,402,1.372418181,0.793459978,Lemon
185937.5,1752.084472,680,376,1.375085714,0.761143898,Lemon
198982,1797.581946,662,428,1.423927792,0.773831244,Lemon
356796,2688.615556,874,674,1.651016267,0.620258075,Lemon
486882.5,3177.642029,1156,711,1.688119824,0.605932277,Lemon
71935,1206.881372,451,271,1.699047751,0.620613107,Lemon
204042,2473.454091,492,960,2.314817538,0.419103925,Lemon
147308.5,1787.363691,660,400,1.792157275,0.579444452,Lemon
317762,3112.227815,758,663,1.58154216,0.412257974,Lemon
125700,1500.469246,494,403,1.583786794,0.701602204,Lemon
106926,1945.900705,244,640,1.460449283,0.35485574,Lemon
549186,3211.708048,1007,872,1.598919128,0.669047884,Lemon
264904.5,2175.814481,665,622,1.561430629,0.703162132,Lemon
51122,1022.749342,176,416,1.43218184,0.614156825,Lemon
211514.5,2300.192116,372,904,1.589905184,0.502367792,Lemon
397066.5,2771.284605,845,733,1.559902434,0.649696988,Lemon
532472.5,3134.563825,957,867,1.558238219,0.681008939,Lemon
71850.5,1131.099631,369,304,1.561241745,0.705728957,Lemon
47993,909.86204,294,247,1.51309566,0.728511932,Lemon
331172,3475.358973,1214,1036,3.797736524,0.344559426,Mango
318912.5,3356.959922,1087,1040,3.54479677,0.355622388,Mango
400729,3522.071404,1533,397,1.518734606,0.405942315,Mango
432189,3548.071405,1537,433,1.539884171,0.431418605,Mango
377484.5,3465.593259,1494,462,1.82849362,0.39496063,Mango
445585,3478.816568,1520,468,1.596463077,0.462676421,Mango
397601.5,3452.249235,1162,990,2.893298944,0.419231198,Mango
351279,3495.962004,1238,1010,3.559506831,0.361184117,Mango
419493,3576.2522,1481,626,2.2100631,0.41217183,Mango
456477,3947.927515,1400,1083,3.321525509,0.368036103,Mango
407552.5,3432.255168,1491,492,1.799944792,0.434744694,Mango
370178.5,3511.79427,1507,475,1.933729268,0.377192391,Mango
365695,3501.693766,1494,533,2.177503111,0.374776681,Mango
419829,3619.198383,1506,626,2.245571411,0.402770376,Mango
308000.5,3050.074368,1346,345,1.507692358,0.416045116,Mango
355512,3574.276592,1474,683,2.831808772,0.349693705,Mango
440407.5,3535.049106,1490,508,1.718680994,0.442867355,Mango
293346.5,3383.670596,1154,987,3.882773444,0.321969416,Mango
413726,3500.473419,1435,506,1.755050444,0.424296168,Mango
377118.5,3437.495721,1524,379,1.531603462,0.401054478,Mango
347722,3411.594475,1150,1030,3.406456882,0.375428491,Mango
409914.5,3512.917071,1539,429,1.610655393,0.417414326,Mango
386305.5,3706.107103,1429,854,3.1590697,0.35343115,Mango
448227.5,3548.872482,1484,581,1.923585679,0.447226545,Mango
335762,3444.400268,1547,387,1.783075512,0.355642929,Mango
407674.5,3575.995281,1534,449,1.689499834,0.40061715,Mango
494506.5,3857.372041,1530,713,2.206017514,0.41763685,Mango
335989,3202.944425,1437,350,1.496924006,0.411562804,Mango
395787.5,3383.779992,1494,418,1.577846698,0.43437788,Mango
373818,3354.792185,1471,398,1.566157863,0.417386913,Mango
416049.5,3470.407407,1522,437,1.598641508,0.434104157,Mango
376786,3375.169818,1505,363,1.449934446,0.415636199,Mango
350540,3259.027683,1450,369,1.526359331,0.41473563,Mango
403308,3358.968807,1478,423,1.550165134,0.449194841,Mango
462838.5,3495.485617,1511,493,1.609466369,0.476019016,Mango
363417.5,3345.461228,1460,388,1.558758178,0.408040902,Mango
430901.5,3397.637854,1429,448,1.485703809,0.469065722,Mango
386080,3357.277471,1464,396,1.501616245,0.430440073,Mango
397138,3552.355673,1512,454,1.728487327,0.395474444,Mango
395840.5,3436.265277,1507,373,1.420044184,0.421266305,Mango
333302,3454.767795,1537,362,1.669338918,0.350921566,Mango
372488,3408.282518,1523,385,1.574158094,0.40294983,Mango
447952.5,3479.686628,1530,444,1.516500075,0.464902156,Mango
426591.5,3486.65719,1508,420,1.484699062,0.440964434,Mango
397854.5,3328.868305,1472,418,1.546535228,0.451170723,Mango
430283,3380.189153,1469,444,1.515830279,0.473240652,Mango
359470.5,3379.838864,1504,401,1.677756589,0.395440484,Mango
352892,3281.998245,1454,357,1.470925949,0.411694427,Mango
496857.5,3612.563825,1509,530,1.609656692,0.478421465,Mango
376691.5,3433.377968,1509,425,1.702520498,0.401561856,Mango
483706,3540.120176,1514,498,1.558740227,0.485015176,Mango
388252.5,3450.515054,1492,449,1.725444138,0.409785203,Mango
352150.5,3429.3292,1544,352,1.543340134,0.376287523,Mango
386277.5,3436.147525,1495,415,1.606163962,0.411117225,Mango
446316.5,3448.573927,1504,450,1.51641268,0.471599923,Mango
495486,3552.237927,1509,519,1.580611763,0.493443188,Mango
428325.5,3323.083593,1374,536,1.719402651,0.487417662,Mango
382389.5,3439.711009,1494,483,1.887086335,0.406136395,Mango
402100.5,3422.054159,1488,441,1.631950221,0.431489985,Mango
319014.5,3246.015492,1450,344,1.563565292,0.380468854,Mango
381573,3345.194206,1478,398,1.541628994,0.428494083,Mango
461537.5,3834.086897,1409,973,2.970413022,0.394541739,Mango
375238,3507.596228,1534,357,1.459441741,0.383263523,Mango
385960.5,3543.402355,1538,433,1.725445998,0.386288505,Mango
434682,3650.9486,1504,521,1.802660336,0.409798235,Mango
403698,3597.478479,1564,394,1.526428172,0.391985546,Mango
313354,3464.012525,1260,648,2.605615374,0.328160421,Mango
320459.5,3331.676517,1357,430,1.820854117,0.362791714,Mango
357878,3860.664332,1558,387,1.684780847,0.301731589,Mango
368262,3572.840956,1485,442,1.782345178,0.362526204,Mango
371234.5,3290.549543,1425,404,1.550771817,0.430845266,Mango
449307,3580.806465,1454,509,1.647172201,0.440343258,Mango
453396,3612.830848,1515,553,1.847821772,0.436508084,Mango
338077.5,2971.319095,1178,460,1.602827754,0.481202134,Mango
383526,3663.953657,1571,450,1.843290937,0.3590085,Mango
428476.5,3654.303938,1521,454,1.61160297,0.403206514,Mango
335451.5,3543.769884,1419,539,2.280034521,0.335666945,Mango
269722.5,3075.412463,1318,326,1.593000213,0.358360637,Mango
198014,2745.537351,1127,421,2.396128557,0.330104199,Mango
301406,3253.645,1407,417,1.946606902,0.35778442,Mango
429242.5,3606.029771,1551,435,1.571803817,0.414814533,Mango
316334,3139.135332,1286,430,1.748089045,0.403399782,Mango
454417.5,3409.946516,1470,426,1.378071927,0.491099823,Mango
351870.5,4738.700034,1378,528,2.067760724,0.196912953,Mango
409192,4120.355674,1537,422,1.585109191,0.3028779,Mango
342136.5,3299.284601,1301,487,1.85185445,0.394975095,Mango
364213.5,3453.946513,1355,500,1.860172673,0.383649545,Mango
361319.5,3260.078543,1260,554,1.93191898,0.427213667,Mango
430810.5,3323.922127,1319,520,1.592068903,0.489998175,Mango
468834,4028.585243,1473,643,2.02020118,0.363014396,Mango
283448,3030.743413,1241,353,1.545514521,0.387779567,Mango
392842.5,3886.941459,1502,652,2.492866734,0.326747543,Mango
366483,3581.894776,1449,529,2.091559499,0.358953383,Mango
281003,3409.953652,1337,486,2.312366772,0.303685369,Mango
275227,3094.081506,1273,388,1.794605907,0.361274576,Mango
438741,3672.248029,1466,449,1.500279208,0.408840652,Mango
273905,3018.674433,1182,470,2.028221464,0.377726341,Mango
257996,3028.698821,1181,471,2.156045055,0.353435899,Mango
515581.5,3411.735399,1400,576,1.564059222,0.556617052,Mango
283594,2667.85611,1113,413,1.620869976,0.500705195,Mango
306587.5,3530.137419,1342,639,2.797041628,0.309158424,Mango
199156,2959.003296,1282,362,2.33025367,0.285832996,Mango
460225,3546.840954,1463,567,1.802424901,0.459723433,Mango
449080.5,3376.32415,1423,429,1.359370981,0.495046269,Mango
319256,3000.365779,1272,388,1.545894204,0.445656787,Mango
444892.5,3421.887639,1223,567,1.558670915,0.477456114,Mango
349948.5,3282.799325,1330,394,1.497420335,0.408061225,Mango
452344,3722.168946,1313,673,1.953488938,0.410285846,Mango
373827,3621.718149,1335,597,2.131988861,0.358138682,Mango
477233.5,4108.602486,1568,648,2.129070989,0.355265092,Mango
334108.5,3191.897742,1333,394,1.571950429,0.412096997,Mango
349010,3011.003298,1278,382,1.398802327,0.483754783,Mango
367172,3043.110945,1259,455,1.560154369,0.49824603,Mango
401103.5,3564.421687,1447,480,1.731622885,0.396723714,Mango
475838.5,3998.338428,1501,595,1.876886801,0.374033361,Mango
257710.5,2935.235835,1206,413,1.932703557,0.375885849,Mango
281641,2664.566792,1117,412,1.634009253,0.498485488,Mango
305857,3321.502859,1239,384,1.55555047,0.348384663,Mango
349813.5,3431.250116,1438,400,1.644304751,0.37337194,Mango
180852.5,3451.950685,1158,758,4.853480046,0.190723942,Mango
285501,3321.291743,1350,394,1.86304076,0.325239621,Mango
361985,3353.904884,1332,551,2.027520477,0.404388647,Mango
158605,2517.71398,1047,353,2.330260711,0.314422746,Mango
183010.5,2318.770762,984,288,1.548501315,0.427730521,Mango
344141.5,3120.80943,1335,401,1.555566533,0.444030101,Mango
394023.5,3486.123137,1413,385,1.380641002,0.407423938,Mango
259098,2880.650049,1206,352,1.638422527,0.392367404,Mango
283292,2804.116,1227,373,1.615545091,0.4527435,Mango
489587,3695.433879,1545,561,1.770359507,0.4505146,Mango
332368,3310.365777,1426,371,1.591747701,0.38113348,Mango
335843.5,3922.813604,1432,532,2.26838989,0.27425305,Mango
290265.5,2981.814481,1300,356,1.594402366,0.410245707,Mango
414266.5,3385.441019,1337,696,2.24626418,0.454212598,Mango
469229,3765.6004,1545,553,1.820827357,0.415839985,Mango
230183,2871.87039,1169,518,2.630698184,0.350714271,Mango
280968,2947.287571,1297,362,1.671058626,0.406463637,Mango
223293.5,2627.637855,1116,356,1.779254658,0.406401147,Mango
141660.5,2323.187066,969,361,2.469347489,0.329830089,Mango
145671,2162.209365,884,340,2.063279582,0.391550225,Mango
211182.5,2488.064261,1016,482,2.318904265,0.428691236,Mango
118725.5,2003.741324,840,295,2.087167458,0.371595599,Mango
140217.5,2199.020544,935,299,1.993795354,0.364379143,Mango
205638,2876.321186,1171,497,2.830152987,0.312347817,Mango
478997,4133.316128,1510,569,1.793727309,0.352326583,Mango
378009,4060.575146,1600,697,2.950194308,0.288095782,Mango
516063,3716.806466,1517,542,1.593243461,0.469432,Mango
452365,3994.036914,1474,425,1.384833044,0.356348316,Mango
314848,4207.693766,1313,525,2.189389801,0.223471711,Mango
419833.5,4046.362812,1525,404,1.467486515,0.322223575,Mango
388761,3424.512096,1285,589,1.946864526,0.416576863,Mango
416771,3573.610506,1418,449,1.527654275,0.410102979,Mango
453373,3951.267357,1554,444,1.521872718,0.364915813,Mango
273597.5,3500.848094,1421,500,2.596880454,0.280527509,Mango
455554.5,3264.02977,1398,505,1.549737737,0.537331106,Mango
413299.5,3839.156746,1489,505,1.819370698,0.352373351,Mango
306916.5,3640.362812,1283,660,2.758991452,0.291032013,Mango
415665,4199.438054,1336,668,2.147036676,0.296190389,Mango
336949,3366.311078,1296,693,2.665471629,0.373650479,Mango
333291.5,3384.750555,1409,412,1.741742589,0.3655786,Mango
328763.5,3408.647083,1348,468,1.918899148,0.355573496,Mango
183718,2719.630716,1191,317,2.055035435,0.312134446,Mango
445516,3651.551632,1542,497,1.720194112,0.419873319,Mango
382499,3272.47342,1321,489,1.688812258,0.448836237,Mango
478093,3633.208485,1521,541,1.721131663,0.455136441,Mango
220136,2279.096663,942,362,1.549060581,0.532568462,Mango
378969.5,4627.455297,1351,541,1.928627502,0.222397376,Mango
500700,3785.360724,1551,514,1.592198922,0.43910958,Mango
257645,2585.925091,1097,322,1.371010499,0.484172036,Mango
261891,3043.537349,1293,357,1.76256916,0.355281969,Mango
216480,2521.890601,1070,338,1.67063932,0.427735363,Mango
193766,2363.121048,993,339,1.737286211,0.436029127,Mango
329299.5,2918.608417,1173,481,1.713373388,0.485790787,Mango
636332.5,3827.735395,1586,583,1.453073668,0.54577062,Mango
432234.5,3557.402355,1526,456,1.609903883,0.42920356,Mango
361630,3225.159713,1352,449,1.678643918,0.436889757,Mango
653815.5,3998.99023,1575,637,1.534492529,0.513764852,Mango
229837.5,2833.721118,1153,405,2.031718062,0.359680207,Mango
319676.5,3536.05416,1528,381,1.821116034,0.321279311,Mango
274236,3084.199256,1369,374,1.86702694,0.362284267,Mango
521394.5,3766.078543,1521,604,1.761974858,0.461952757,Mango
388959.5,3812.494841,1413,728,2.644655806,0.33627588,Mango
399371,3197.454088,1335,425,1.420671506,0.490882733,Mango
475261,5269.7711,1529,599,1.927090588,0.215059454,Mango
400267.5,3795.936404,1393,424,1.475593197,0.349077886,Mango
311796.5,3892.220676,1357,450,1.95848895,0.258634341,Mango
470498,5483.005718,1355,808,2.326981199,0.196666436,Mango
416867.5,3894.362811,1365,521,1.705973721,0.34541014,Mango
488674.5,4258.695852,1487,663,2.017459475,0.338591688,Mango
396892.5,3513.495718,1509,362,1.376337421,0.404020963,Mango
434101,3791.232872,1471,500,1.694306164,0.379524422,Mango
405137.5,3361.970895,1393,467,1.605704236,0.450426993,Mango
373462.5,3682.137421,1333,502,1.791789002,0.346144056,Mango
556776.5,5302.488914,1532,622,1.711465911,0.24884632,Mango
150371.5,2328.368743,997,278,1.843208321,0.348555448,Mango
348937.5,3331.66224,1408,383,1.545445818,0.395035,Mango
339964,2938.660152,1254,388,1.431186832,0.494702456,Mango
86956.5,1870.015491,740,417,3.548670887,0.312479482,Mango
86956.5,1870.015491,740,417,3.548670887,0.312479482,Mango
453479.5,4133.018793,1558,764,2.624841917,0.333605163,Mango
497850.5,3573.558771,1433,669,1.925632293,0.489899452,Mango
465032,3563.443984,1512,532,1.729739029,0.460206587,Mango
494734,3833.26736,1416,619,1.771667199,0.423100364,Mango
387761,3707.433881,1460,577,2.172523797,0.354508915,Mango
374239,3137.914987,1358,399,1.447850171,0.477613464,Mango
325297.5,3139.343478,1175,596,2.152798592,0.414775332,Mango
229598.5,2680.476388,1108,341,1.645603085,0.401564155,Mango
317012,3169.14961,1278,570,2.297894086,0.396643263,Mango
313722,3577.850187,1436,632,2.892854183,0.307971505,Mango
94025.5,1802.23671,782,221,1.838033299,0.363774165,Mango
356509,3092.81657,1191,543,1.814015915,0.468351629,Mango
505010,2891.041965,1055,684,1.4289222,0.759278409,Mango
257408.5,2408.480561,727,788,2.225551992,0.557630419,Mango
371342,2661.929264,966,616,1.60244734,0.658553276,Mango
527002.5,3326.858201,1328,576,1.451469395,0.598348158,Mango
202362.5,2101.339307,864,354,1.511426277,0.575900601,Mango
346948,2715.596226,1091,474,1.490523076,0.591212843,Mango
301870.5,2495.672346,980,451,1.464137768,0.609053446,Mango
202750,2625.395211,478,1076,2.536759556,0.369642032,Mango
245851,2293.488581,895,426,1.550817365,0.587338783,Mango
297293.5,2585.554593,1058,418,1.487567,0.558840476,Mango
683171.5,3351.333377,1225,754,1.352003121,0.764371245,Mango
445147.5,2793.132365,948,778,1.656853066,0.717019172,Mango
223262,1960.576892,711,475,1.512684649,0.729889163,Mango
228864.5,2148.711888,877,377,1.444649563,0.622919496,Mango
134114.5,1910.147525,577,649,2.792188764,0.461904059,Mango
378156.5,2684.618522,1100,454,1.320617258,0.659350393,Mango
345344,2577.679484,983,502,1.428911462,0.653136492,Mango
266814,2324.081507,848,502,1.595478498,0.620748627,Mango
296495,2436.140382,923,459,1.42888413,0.627801886,Mango
324434,2598.639946,931,617,1.770551175,0.603731735,Mango
364486,3661.943547,1149,553,1.743268603,0.341560331,Mango
270402,2522.733312,968,496,1.775608169,0.533921094,Mango
293189.5,2552.240889,982,503,1.684732912,0.56560723,Mango
297598,2585.904882,1023,469,1.612198335,0.559261316,Mango
248748,2309.110944,939,419,1.581685079,0.586245959,Mango
480220,3189.031864,1218,630,1.597892633,0.593379298,Mango
475897,2869.159716,1056,645,1.43123407,0.726462803,Mango
199471.5,1873.197167,722,395,1.429728056,0.714370863,Mango
119292.5,1494.378848,586,292,1.434390259,0.671276712,Mango
178152.5,2354.657188,612,838,2.878747141,0.403781493,Mango
254469.5,2764.667295,1173,380,1.751644107,0.41836934,Mango
182498.5,2264.701785,903,432,2.137529898,0.447143702,Mango
143793.5,2704.60842,469,1131,3.688894143,0.24702467,Mango
499514,3208.889723,1230,669,1.647341216,0.609604191,Mango
373834,3853.423773,1102,536,1.580038199,0.316369871,Mango
236948.5,2016.049983,783,427,1.411028135,0.732590424,Mango
171716.5,2767.981,709,397,1.639172706,0.281640873,Mango
79917,1732.655978,232,757,2.197579989,0.334521745,Mango
179086.5,2110.334252,798,339,1.510566123,0.50532434,Mango
523081.5,3072.42169,1144,681,1.489374027,0.696333966,Mango
399951,2746.757694,1045,550,1.437051039,0.666156012,Mango
321066.5,2555.118087,931,561,1.626737763,0.617992074,Mango
567319,3257.919159,878,931,1.440843688,0.671670981,Mint
657871,3602.179053,1006,908,1.388491057,0.637118203,Mint
623878.5,3308.196292,863,972,1.344550261,0.716353426,Mint
658495,3574.345572,1066,890,1.440770241,0.647693098,Mint
544668.5,3159.083595,815,926,1.385595091,0.685835383,Mint
644719,3675.340516,1111,855,1.473362814,0.599770594,Mint
713171.5,3765.940583,1064,1055,1.573983256,0.631912456,Mint
709220.5,3647.808552,1011,959,1.367062853,0.669772127,Mint
679655,3579.11512,1049,904,1.395260831,0.666725469,Mint
774680,3952.384234,1119,1020,1.473356741,0.623180552,Mint
781008.5,3710.210572,1052,1027,1.38334474,0.712965487,Mint
715446.5,3652.102929,1030,926,1.333125538,0.674063808,Mint
774145.5,4022.661363,1074,991,1.374850077,0.601181364,Mint
689739,3468.84513,1060,971,1.492245618,0.720318925,Mint
746690.5,4070.117206,1170,932,1.4603641,0.566417495,Mint
717575.5,3895.56294,1054,997,1.464428482,0.594205976,Mint
800783,3944.845129,1089,1043,1.418395495,0.646643316,Mint
712996,3753.021757,1015,1048,1.491901778,0.636113764,Mint
634637,3737.105011,1042,871,1.430080503,0.571037526,Mint
836518,5556.603696,1190,1024,1.456705056,0.340460167,Mint
544998,3316.629838,996,773,1.412680414,0.622602364,Mint
530929.5,3044.657185,797,909,1.3645371,0.719730522,Mint
717458.5,3600.151699,1021,975,1.387501856,0.695608768,Mint
681914,3703.742536,1010,933,1.381889798,0.624680418,Mint
497455.5,3103.54449,852,875,1.49862651,0.64900516,Mint
561224,3269.492757,876,914,1.426638918,0.659759025,Mint
802470.5,3808.342603,1081,1055,1.421179969,0.695291496,Mint
518761.5,3241.30899,880,858,1.455466529,0.620492782,Mint
592836,3612.678607,963,913,1.48307289,0.570802383,Mint
600808,3289.433884,959,920,1.468489101,0.697755466,Mint
878567,4541.805592,1257,1041,1.489399215,0.535214252,Mint
796452.5,3903.122262,1171,1017,1.495264313,0.656969841,Mint
833156.5,4139.347653,1126,1020,1.378516521,0.611044226,Mint
745580,3861.212659,1033,1028,1.424292497,0.628429655,Mint
717187,3711.791308,981,1030,1.408879414,0.654146726,Mint
628320.5,3614.435968,1072,937,1.598649097,0.604379914,Mint
663977.5,3613.112157,990,1004,1.496978437,0.639146391,Mint
756428.5,3773.499894,1074,1007,1.429768974,0.66755809,Mint
584670.5,3266.931361,936,956,1.530462029,0.68840026,Mint
672830.5,3476.612591,961,1010,1.442577291,0.699524511,Mint
670191,3594.820743,932,1007,1.400382876,0.651709388,Mint
814961,4095.673558,1026,1016,1.279099245,0.610514554,Mint
754406.5,3905.774065,1080,989,1.415841459,0.621442643,Mint
795447.5,4297.102051,1178,1018,1.507584096,0.541339914,Mint
838146.5,4204.200472,1146,1057,1.445238989,0.595885704,Mint
763388,3937.389291,1142,950,1.421164598,0.618783153,Mint
698311.5,3712.200472,1140,910,1.485583439,0.636789971,Mint
741883.5,4187.337549,1211,912,1.488686566,0.531703639,Mint
849511,3986.384241,1158,1052,1.434020278,0.671769924,Mint
722563.5,3846.352709,1039,1038,1.492577469,0.613744581,Mint
723532.5,3774.578106,1074,1013,1.503680899,0.638162198,Mint
640487,3599.683658,1054,890,1.464604278,0.621142879,Mint
833918.5,4112.876659,1174,994,1.399364566,0.619501128,Mint
775605.5,4075.053282,1179,969,1.472979498,0.586927098,Mint
766213.5,4113.420807,1180,970,1.493839511,0.569053872,Mint
649506.5,3501.250115,1041,919,1.472932142,0.665805063,Mint
727936.5,4571.043177,1180,918,1.488096833,0.437796931,Mint
725119,3860.041086,1126,964,1.496946019,0.61155468,Mint
755160,3847.330409,1105,977,1.429610943,0.641106045,Mint
728495.5,3855.656312,1164,958,1.530705406,0.615800601,Mint
849325.5,4463.244184,1272,948,1.419780755,0.535775354,Mint
823459.5,3997.739577,1177,1011,1.445058318,0.647475156,Mint
791009.5,3939.430915,1080,1034,1.411765598,0.640508041,Mint
875407,4345.521317,1304,1016,1.513426326,0.582553894,Mint
579928,3471.19838,952,861,1.413403043,0.604818509,Mint
430355.5,3068.681571,858,681,1.357710079,0.574293064,Mint
484739.5,3098.504947,895,756,1.395842509,0.634474083,Mint
505537,3081.14961,862,848,1.445939664,0.669171194,Mint
566356.5,3509.524276,940,860,1.42736951,0.577834212,Mint
659987.5,3939.999458,1015,935,1.4379439,0.534260726,Mint
680671.5,3615.607541,998,916,1.343038455,0.654311968,Mint
685785.5,3893.254293,1076,879,1.379154269,0.568555179,Mint
514908,3244.713098,910,799,1.412077497,0.614591995,Mint
576444,3559.482651,970,785,1.320943578,0.571732955,Mint
529290.5,3398.813603,946,772,1.379794272,0.575770312,Mint
674984,3783.056247,991,970,1.424137461,0.592676552,Mint
513886.5,3242.730348,888,781,1.349574274,0.614123054,Mint
667845.5,3790.092821,936,1008,1.412733933,0.584233123,Mint
547191.5,3368.730348,934,832,1.420139019,0.605921982,Mint
596989,3832.110068,1080,797,1.441835612,0.510858053,Mint
470335.5,3073.260218,785,820,1.368597522,0.625776075,Mint
476707.5,3068.681572,780,844,1.380972609,0.636148047,Mint
633668,3636.536472,1009,889,1.415569352,0.602137596,Mint
497277,3159.066348,837,795,1.338117387,0.626167817,Mint
505020,3270.855239,859,794,1.350532652,0.593192695,Mint
609592,3667.850183,1004,820,1.350542658,0.569411123,Mint
528695,3232.120171,896,843,1.42866492,0.635975035,Mint
549056,3354.570961,906,844,1.392688542,0.613129962,Mint
607405,3550.252201,947,850,1.325227813,0.605577619,Mint
598953,3624.536472,1012,879,1.485171624,0.572924851,Mint
533360.5,3385.700907,887,808,1.343736553,0.584700592,Mint
654457.5,3905.136537,981,942,1.412012239,0.539285654,Mint
604026,3642.453213,957,859,1.360972872,0.572107358,Mint
471157.5,3056.054159,777,827,1.363830566,0.633948356,Mint
601625,3694.820744,997,846,1.40197299,0.553794951,Mint
547958,3570.311082,924,913,1.539555951,0.540188109,Mint
608781,3525.590298,990,816,1.326979653,0.615470539,Mint
45426.5,1008.246817,385,194,1.644194468,0.561546108,Mint
38503,820.666083,232,245,1.476248604,0.718408502,Mint
53259,1246.298552,557,130,1.359582418,0.430882337,Mint
66566,1028.063051,341,261,1.337033921,0.791448798,Mint
62631,976.2884476,303,285,1.378790056,0.825739213,Mint
594864,3196.154663,1142,686,1.316959843,0.73176558,Mint
372036.5,2479.329201,901,543,1.315040325,0.760548691,Mint
437723.5,3174.559647,1352,428,1.321966949,0.545811578,Mint
397389.5,2623.353584,965,547,1.328306359,0.725625592,Mint
391371,2608.081508,960,541,1.327027296,0.723029781,Mint
379463.5,2618.039875,940,538,1.332723701,0.695708578,Mint
113654.5,1367.46716,515,293,1.327664105,0.763770164,Mint
262123,4295.070518,853,478,1.555506384,0.178555979,Mint
75490.5,1248.555472,443,245,1.437730575,0.608536288,Mint
98597,2035.322059,518,289,1.518322058,0.299093714,Mint
309803,5455.667626,951,524,1.608518962,0.13079757,Mint
363539.5,6845.585572,1030,577,1.634787967,0.097485554,Mint
451802.5,2781.981004,968,619,1.326225508,0.733584545,Mint
318131.5,2324.250992,833,506,1.324917526,0.740031979,Mint
237090.5,1995.256044,720,437,1.327088179,0.748387882,Mint
220195.5,1908.912896,674,437,1.337620433,0.759357138,Mint
318242,2297.665203,831,503,1.313443857,0.757519584,Mint
656383.5,3424.799325,1188,729,1.319429876,0.703229792,Mint
519257.5,3276.078538,1003,692,1.336670149,0.607972636,Mint
338338,2506.851056,820,560,1.357222659,0.676555734,Mint
424781.5,2897.142468,906,627,1.337304002,0.635968717,Mint
537011.5,3404.931355,1014,703,1.327424087,0.582072027,Mint
174097.5,1696.829641,573,433,1.425115237,0.759846583,Mint
191151.5,1802.510878,620,453,1.46930576,0.739318861,Mint
550688,3197.492758,1194,668,1.448355512,0.676856085,Mint
332733.5,2473.981001,948,514,1.46445128,0.683146224,Mint
402355,2737.502864,1041,568,1.469567919,0.674699056,Mint
164853,1690.645874,643,349,1.361255179,0.724772024,Mint
395891,2704.56679,1008,537,1.36728544,0.680127086,Mint
362443.5,2538.927178,946,527,1.375502665,0.706561047,Mint
387024,2773.904884,1100,541,1.537630741,0.632069204,Mint
220664.5,2037.481439,756,398,1.363554174,0.667967007,Mint
272351.5,2253.544491,688,705,1.78093383,0.673918475,Mint
228730.5,1979.197168,667,452,1.318075202,0.733763022,Mint
337106.5,2473.755607,821,561,1.366277423,0.692250706,Mint
205198.5,1836.04998,575,502,1.406686696,0.764918293,Mint
114340,1495.106766,281,577,1.418025188,0.642781898,Mint
244197.5,2603.093698,596,599,1.461947809,0.452867835,Mint
118647,1616.27834,466,345,1.35502794,0.570734755,Mint
136080.5,1633.089522,517,346,1.314530737,0.641188576,Mint
169469.5,1850.368742,547,440,1.420196555,0.621992066,Mint
188910,2579.336339,780,439,1.812609179,0.356819729,Mint
128484,2029.121048,497,384,1.485383394,0.392141676,Mint
185124,2113.713974,598,536,1.731423262,0.520691098,Mint
732514,4763.094907,1452,894,1.772099919,0.405739531,Neem
733536.5,4530.048229,1420,886,1.715143009,0.44918572,Neem
814063,4557.178176,1519,896,1.671890259,0.492578965,Neem
535268.5,4101.156748,1336,732,1.827030733,0.399916031,Neem
733572,4790.668504,1427,903,1.756584221,0.401661651,Neem
791148,5090.623906,1503,966,1.835178753,0.383641494,Neem
693221.5,4334.082714,1322,875,1.668658574,0.463753817,Neem
660954.5,4596.165984,1382,814,1.702005206,0.393178733,Neem
506485.5,4366.318223,1385,701,1.916905815,0.33384595,Neem
612876,4373.909055,1354,922,2.036934062,0.402571459,Neem
696038,4830.75177,1470,882,1.862743126,0.3748119,Neem
659158,4598.595349,1483,792,1.781873238,0.391695877,Neem
709020,4911.781202,1524,852,1.831327748,0.369309368,Neem
683274,4933.947721,1483,913,1.981604744,0.352708294,Neem
800397.5,4422.141593,1354,987,1.669667884,0.514339998,Neem
588458,4691.972108,1410,849,2.034282821,0.335903471,Neem
656589.5,4823.881706,1448,827,1.823812291,0.354576949,Neem
744155,5272.457389,1555,951,1.987227123,0.336393125,Neem
584420,4105.95783,1341,809,1.856317374,0.435618148,Neem
642745,5183.275711,1361,1060,2.244529323,0.300635284,Neem
552448,4471.403569,1283,933,2.166790359,0.347227035,Neem
711046,4452.359846,1346,905,1.713152173,0.450740982,Neem
437667,3918.335462,1199,741,2.029988553,0.358220501,Neem
639821.5,4972.626872,1491,846,1.971465479,0.325159875,Neem
620048,4889.369081,1342,908,1.965228498,0.325933899,Neem
656575.5,4346.342601,1359,908,1.8794061,0.436763788,Neem
628146,4825.050316,1470,956,2.237250576,0.339052358,Neem
338143,3057.655101,520,1106,1.700818884,0.454499357,Neem
497723,3786.321182,1453,684,1.996797415,0.436277356,Neem
935.5,212.492421,63,51,3.434526991,0.260355506,Neem
540290.5,4495.337547,1417,630,1.652277802,0.335979346,Neem
513308,3832.193326,1496,611,1.780716451,0.439231094,Neem
483770.5,3682.671471,1433,615,1.82172125,0.448253089,Neem
541204,3779.683659,1455,655,1.760934879,0.476058096,Neem
292054.5,2727.922128,474,1047,1.699265034,0.493184966,Neem
452140,3350.130274,1266,577,1.615610209,0.506243433,Neem
430246,3544.026803,1276,577,1.711234968,0.430459909,Neem
519971.5,3887.573053,1398,639,1.718021084,0.432346829,Neem
432581,3568.639946,1413,566,1.848805195,0.426846613,Neem
276672,2614.767801,447,991,1.601090822,0.508520912,Neem
266408,2612.767799,458,962,1.653839224,0.490405685,Neem
261799.5,2742.18201,456,1008,1.755725278,0.437508124,Neem
593296,4248.761868,1472,727,1.803726976,0.413006135,Neem
465972.5,3494.137415,1186,715,1.819828423,0.479612165,Neem
512746.5,4005.465402,1472,672,1.92918723,0.401611924,Neem
323999,3014.400268,498,1105,1.698431168,0.448076012,Neem
302892,2932.802288,475,1085,1.701514071,0.442519175,Neem
305561,2953.655098,487,1087,1.732449495,0.440137351,Neem
332900,3511.433877,533,1101,1.762790628,0.339277196,Neem
365993.5,3404.147523,561,1130,1.732079941,0.396886651,Neem
354085.5,3325.652135,555,1111,1.741401441,0.402313278,Neem
359436,3046.733309,547,1132,1.722710023,0.486589301,Neem
324774,3264.105893,534,1078,1.772469471,0.383056326,Neem
327919,3301.762745,526,1104,1.770876344,0.377993837,Neem
291518,4288.751763,494,1065,1.804725609,0.199165183,Neem
336718.5,3171.544489,564,1119,1.87431341,0.420663883,Neem
328776.5,3702.303936,513,1159,1.808423047,0.301416133,Neem
401351,4067.728256,1442,476,1.710203787,0.304810799,Neem
345530,3931.301852,1418,464,1.904181981,0.280945993,Neem
469568.5,4528.405657,1306,984,2.736776423,0.287751881,Neem
25851.5,1021.761536,191,395,2.918399319,0.311169135,Neem
18791,939.3178854,303,262,4.224682029,0.267629864,Neem
33878,1032.288446,357,187,1.970570872,0.399508014,Neem
80895.5,2604.598313,468,889,5.143079652,0.14984861,Neem
38713,1330.243851,354,436,3.986877793,0.27491863,Neem
217206,2818.615559,1020,509,2.390265462,0.343565852,Neem
139101.5,2292.84392,428,833,2.563049284,0.332500799,Neem
143179,2169.606332,772,388,2.092038637,0.382232235,Neem
92466.5,1689.800202,646,293,2.046989991,0.406933617,Neem
84884.5,1696.937282,619,410,2.989827354,0.370430447,Neem
96491.5,1732.638732,701,292,2.121347476,0.4039084,Neem
137750.5,1986.545366,745,381,2.060573283,0.438637819,Neem
113882.5,1898.770765,323,749,2.124356244,0.396937184,Neem
112085.5,1801.633684,659,333,1.957853603,0.43393663,Neem
114463.5,1770.22661,681,358,2.129919145,0.459006839,Neem
115303,1923.959581,778,342,2.30762426,0.391434034,Neem
94549.5,1698.71189,415,563,2.471139456,0.411746245,Neem
61034,1454.396091,566,282,2.615132549,0.362590399,Neem
239207,2466.459141,812,592,2.009573298,0.494123942,Neem
142246.5,2260.476387,632,571,2.536948185,0.349825532,Neem
175912,4173.438058,943,566,3.034119332,0.126916295,Neem
152065.5,2624.705957,710,894,4.174122335,0.277382619,Neem
41293.5,1167.241764,411,225,2.239456573,0.380863998,Neem
26643,1063.033612,206,406,3.139135983,0.296277721,Neem
335610.5,3517.827009,1247,1040,3.864241435,0.340797536,Oleander
346613,3678.717272,1467,807,3.415535482,0.321856207,Oleander
261717,3237.417856,1106,1018,4.302005601,0.313793745,Oleander
340962.5,3573.93048,1418,809,3.364481431,0.335447284,Oleander
355501.5,3603.778236,1375,895,3.461659093,0.343981579,Oleander
314343.5,3501.48386,1184,1082,4.075439766,0.322188541,Oleander
375389.5,3684.935528,1456,788,3.056366787,0.347401906,Oleander
391886,3625.73243,1500,694,2.656384765,0.374608917,Oleander
330230.5,3518.186184,1471,605,2.694950951,0.335265919,Oleander
431040,3776.80054,1497,836,2.903424276,0.379733873,Oleander
347136.5,3550.588208,1483,611,2.610249858,0.346026637,Oleander
391799.5,3811.057457,1446,957,3.531964691,0.33898677,Oleander
345160,3399.967932,1412,633,2.58951211,0.375215424,Oleander
296198.5,3321.469577,1233,896,3.729823075,0.337389965,Oleander
296028.5,3396.63106,1165,1041,4.0967846,0.322438309,Oleander
290599,3285.665204,1481,285,1.452465425,0.338265232,Oleander
341159,3445.216833,1200,1033,3.633496405,0.361188219,Oleander
301433.5,3347.623574,1516,294,1.478614686,0.338008907,Oleander
342587.5,3363.848969,1515,331,1.463757434,0.380459471,Oleander
294194,3270.991438,1089,1041,3.853406256,0.345529284,Oleander
328519.5,3367.790095,1510,332,1.525997696,0.363982905,Oleander
420267,3648.658401,1397,873,2.901919494,0.396705977,Oleander
290402.5,3354.04998,1508,295,1.531873865,0.324392762,Oleander
462989.5,3607.215623,1520,579,1.900863842,0.447133078,Oleander
374102,3727.379182,1513,767,3.102017632,0.338370695,Oleander
356556.5,3653.073493,1535,608,2.617481381,0.335754161,Oleander
266675.5,3190.405668,1028,1059,4.082309773,0.329231337,Oleander
247298,3130.967063,1001,1046,4.233944472,0.317010371,Oleander
388209,3646.790432,1384,931,3.319098733,0.366820713,Oleander
398904.5,3757.920366,1413,952,3.372175546,0.354963464,Oleander
366478.5,3631.857324,1492,727,2.95974798,0.349140964,Oleander
442019,3623.874572,1457,706,2.327144308,0.422965054,Oleander
339240,3713.109195,1465,878,3.79162245,0.309201418,Oleander
454619,3847.511212,1488,903,2.955582587,0.385920331,Oleander
384315.5,3315.926301,1333,657,2.278807386,0.439225985,Oleander
381227.5,3647.538564,1475,767,2.967584972,0.360076104,Oleander
423758,3679.330406,1490,734,2.58085983,0.39336,Oleander
366715.5,3525.690804,1439,688,2.699727718,0.370723985,Oleander
364626,3577.93344,1481,677,2.749768256,0.357925782,Oleander
365833,3654.613811,1319,1033,3.724450774,0.344199124,Oleander
316024,3319.537352,1458,433,1.997677392,0.360391725,Oleander
332578.5,3300.121384,1149,995,3.43754933,0.383746304,Oleander
366481.5,3574.033948,1465,683,2.730274243,0.360532628,Oleander
391417.5,3716.107102,1452,828,3.071543812,0.356183386,Oleander
418366.5,3624.151692,1487,684,2.431141117,0.400270913,Oleander
373018,3448.840952,1484,526,2.092617514,0.394088099,Oleander
320766,3503.517139,1492,582,2.707094892,0.328389831,Oleander
396470.5,3764.488914,1380,997,3.470270802,0.351567481,Oleander
335598,3516.104141,1194,1054,3.749950834,0.341118889,Oleander
324308,3553.472542,1458,705,3.169487031,0.322746542,Oleander
294864,3456.069647,1288,968,4.228335775,0.310217751,Oleander
392021,3614.713098,1507,642,2.467964726,0.3770262,Oleander
356855.5,3429.201343,1478,498,2.062582754,0.381343447,Oleander
323844,3628.987265,1467,740,3.352169563,0.309011634,Oleander
345853,3500.276581,1447,672,2.811552885,0.354728993,Oleander
352838,3394.282514,1489,412,1.738667604,0.384848007,Oleander
346952,3562.6584,1392,822,3.297931702,0.343503284,Oleander
308914.5,3488.298006,1330,876,3.771529015,0.319022268,Oleander
416654,3624.231996,1368,879,2.886020535,0.398614818,Oleander
430077,3719.192454,1408,931,3.047937927,0.390713824,Oleander
342258.5,3526.499019,1382,829,3.347405543,0.345841075,Oleander
413274.5,3803.895988,1490,880,3.172709664,0.358914667,Oleander
481421,3434.761872,917,1010,1.923825508,0.512792457,Peepal
613873.5,3849.964973,1138,1030,1.909416191,0.520445423,Peepal
546678,3427.163895,965,1000,1.765207307,0.584886656,Peepal
518731,3734.855233,1021,1063,2.092265548,0.467309405,Peepal
539949.5,3412.009561,966,996,1.781899974,0.582830846,Peepal
437128,3095.090737,904,932,1.927417141,0.573418524,Peepal
593971.5,3681.205524,998,1068,1.794469937,0.550801788,Peepal
548525,3544.428827,1033,1027,1.934079577,0.548673228,Peepal
581284,3602.654228,959,1074,1.771880871,0.562798679,Peepal
568533.5,3847.749677,1143,1041,2.092863481,0.482561093,Peepal
563055.5,3810.009562,1166,1020,2.112260692,0.487426277,Peepal
605338.5,3854.744624,1121,1090,2.01852352,0.511937493,Peepal
553974,3436.286698,988,1058,1.886918881,0.589549756,Peepal
550577,3929.992316,1055,1043,1.998566958,0.447965457,Peepal
548530.5,3258.99023,855,1023,1.594560375,0.648999747,Peepal
543158,3829.531421,974,1078,1.93308761,0.465419709,Peepal
554314.5,3523.288782,1048,989,1.869826606,0.561137924,Peepal
638630,3658.242098,1015,1074,1.706950817,0.599672721,Peepal
572450,3393.281646,1005,1001,1.757367456,0.624751932,Peepal
618649,3698.325358,1046,1032,1.744886034,0.568386754,Peepal
633025,3664.408618,1159,1011,1.85103116,0.592410755,Peepal
554612,3916.938492,1060,1042,1.991518395,0.454261178,Peepal
618142.5,3838.058339,1021,1115,1.841670812,0.527321313,Peepal
616229.5,3838.435973,1051,1079,1.840270549,0.52558595,Peepal
529037.5,3239.524278,1007,934,1.777828604,0.633481364,Peepal
537777,3714.796358,1028,1070,2.045383123,0.489713488,Peepal
504866.5,3434.504948,954,1011,1.910394134,0.537846226,Peepal
552905.5,3429.014611,916,1054,1.74616458,0.590911039,Peepal
487798.5,3312.387195,945,946,1.832662462,0.55868644,Peepal
624124,4093.5457,1101,1079,1.903434253,0.468038373,Peepal
499603,3312.629839,936,935,1.751710858,0.572122572,Peepal
591764,3950.300975,1061,1049,1.880798764,0.476538544,Peepal
497581,3383.777025,967,994,1.931741767,0.546097487,Peepal
629029,4026.869518,1115,1054,1.868292241,0.487467221,Peepal
629595.5,4006.342607,1061,1111,1.872267194,0.492918715,Peepal
478379.5,3296.504948,924,965,1.863917664,0.553190815,Peepal
598504,3912.904006,1061,1062,1.882664109,0.49122282,Peepal
555112,3557.967936,971,1067,1.866392728,0.55104418,Peepal
538159,3861.379183,1002,1026,1.910312751,0.45356086,Peepal
578947,3555.16389,1031,1056,1.880545197,0.575611444,Peepal
603004,3803.188276,1030,1068,1.824266506,0.523883121,Peepal
561998,3860.359849,1111,1020,2.01641287,0.473902559,Peepal
612937.5,4009.989355,1002,1131,1.848903028,0.479004526,Peepal
638954.5,3812.568001,1047,1110,1.818861906,0.552388464,Peepal
602648.5,3735.975069,1034,1110,1.904493249,0.542582778,Peepal
573072.5,3665.80855,1001,1094,1.910917031,0.535895207,Peepal
616033,3877.874567,1057,1079,1.851366729,0.514785525,Peepal
585073.5,3707.548669,1027,1082,1.899272485,0.534867944,Peepal
451560,3383.458263,943,969,2.023578262,0.495682608,Peepal
512434.5,3498.862376,947,998,1.844344985,0.52601061,Peepal
653490.5,3680.685747,1068,1077,1.760141884,0.606166126,Peepal
542236.5,3733.950689,1017,1049,1.96746807,0.488721512,Peepal
472710,3325.718152,891,1021,1.924458971,0.537073559,Peepal
495892,3352.453216,987,961,1.912728981,0.554461652,Peepal
510340.5,3597.642027,994,1039,2.023680268,0.495488983,Peepal
589402,3681.93344,1089,1029,1.901216827,0.546348308,Peepal
511808.5,3698.293839,1027,1041,2.0888809,0.470234544,Peepal
474404.5,3328.848095,938,994,1.965352352,0.537985671,Peepal
517359.5,3457.700902,1005,1005,1.952269167,0.543785278,Peepal
635027.5,3889.548668,1081,1113,1.894647082,0.527477546,Peepal
572351.5,3712.058332,1017,1081,1.920807406,0.52196707,Peepal
528715,3586.359849,1003,1037,1.967243222,0.516563562,Peepal
757803.5,3982.994403,1463,779,1.503921531,0.600270608,Pomegranate
682832,3573.354795,1209,898,1.589969421,0.672003371,Pomegranate
687869,3628.820741,1415,748,1.538694141,0.656424182,Pomegranate
793851,3981.119295,1412,844,1.501198588,0.629417013,Pomegranate
737826,3998.089856,1447,773,1.515982088,0.580041034,Pomegranate
609566,3778.893908,1350,897,1.986577335,0.536415354,Pomegranate
751134.5,3775.739574,1424,848,1.607637514,0.662099882,Pomegranate
682215,3772.619738,1448,702,1.489993624,0.602344658,Pomegranate
656578,3671.639066,1374,831,1.739007399,0.612034955,Pomegranate
719803,3623.874567,1403,763,1.487197191,0.688774725,Pomegranate
770316,3770.242101,1318,892,1.526199638,0.680989327,Pomegranate
627458.5,3622.72024,1369,674,1.470545064,0.60079357,Pomegranate
569441.5,3480.592387,1144,1022,2.05318369,0.590680518,Pomegranate
578801,3444.2421,1060,992,1.816721118,0.613128911,Pomegranate
775626,3803.555806,1453,774,1.449953973,0.67372496,Pomegranate
731038,3918.977161,1231,954,1.606447271,0.598142073,Pomegranate
658373.5,3796.592385,1452,793,1.748910003,0.573976698,Pomegranate
800779,4132.717273,1500,821,1.537877492,0.589184277,Pomegranate
644215.5,3568.259343,1338,721,1.497477164,0.635811254,Pomegranate
598780.5,3390.872482,1325,652,1.442765755,0.654417037,Pomegranate
790489.5,4164.332493,1373,823,1.429467438,0.572816045,Pomegranate
680851,3680.394339,1381,732,1.484747764,0.631645252,Pomegranate
821892,3814.52637,1444,822,1.444189748,0.70981206,Pomegranate
732977.5,3932.959915,1250,1003,1.710489067,0.595472167,Pomegranate
675984.5,3719.028896,1384,761,1.558059393,0.614168441,Pomegranate
676510,3552.737486,1406,700,1.454819589,0.673531401,Pomegranate
691322,3832.467495,1432,729,1.51004597,0.591470762,Pomegranate
729048,3829.379188,1419,862,1.677774303,0.624754282,Pomegranate
761062,3802.325363,1409,882,1.632899816,0.661502286,Pomegranate
831165.5,3725.631925,1303,900,1.410910342,0.752484363,Pomegranate
684911.5,3610.578107,1421,738,1.531143805,0.660223279,Pomegranate
668583.5,3591.028895,1356,741,1.502872865,0.651519951,Pomegranate
702457,3694.242099,1438,791,1.61925641,0.646813242,Pomegranate
780242.5,3903.798453,1451,846,1.573287792,0.643375756,Pomegranate
692077,3748.560854,1438,709,1.473162668,0.618920901,Pomegranate
650915,3686.467495,1376,840,1.775715723,0.601884731,Pomegranate
763534,3893.580189,1424,842,1.570340024,0.632907144,Pomegranate
635112.5,3538.64708,1391,643,1.408274912,0.637361787,Pomegranate
743714.5,3642.661367,1436,764,1.475168227,0.704333773,Pomegranate
713225.5,3626.720235,1440,722,1.457715687,0.681410177,Pomegranate
735978,3779.614684,1348,784,1.435955966,0.647410355,Pomegranate
692140,3675.281642,1457,703,1.479861011,0.643906134,Pomegranate
701324,3669.16389,1405,738,1.478474999,0.654627648,Pomegranate
753839,3791.69794,1462,779,1.510797398,0.658902266,Pomegranate
682292,3509.3649,1388,725,1.474881722,0.696182476,Pomegranate
672189.5,3521.690803,1356,754,1.521035363,0.681081591,Pomegranate
745708.5,3627.430912,1361,831,1.516666365,0.712165053,Pomegranate
717697,3664.35985,1437,740,1.481655908,0.671668162,Pomegranate
628138,3617.222773,1428,658,1.495887846,0.603273737,Pomegranate
679393,3659.129399,1375,807,1.633259395,0.63763977,Pomegranate
655955.5,3542.886761,1366,770,1.60349292,0.656704056,Pomegranate
701505.5,3750.862373,1390,708,1.402868545,0.626583113,Pomegranate
769502,3670.668502,1355,876,1.542530104,0.717677427,Pomegranate
855613.5,3795.05328,1386,887,1.436842687,0.746537688,Pomegranate
807171,3834.942671,1232,1012,1.544634284,0.689695928,Pomegranate
786251,3838.349748,1449,824,1.518568498,0.670628468,Pomegranate
819663.5,3922.048232,1454,907,1.608926102,0.669606406,Pomegranate
682316,3862.384233,1436,799,1.681572761,0.574757263,Pomegranate
636260,3403.933444,1344,703,1.484977839,0.690052868,Pomegranate
806571,3847.673556,1467,808,1.469599081,0.684630164,Pomegranate
831164.5,3910.744623,1486,815,1.457100249,0.682932744,Pomegranate
597872,3565.801412,1344,654,1.470174218,0.5908861,Pomegranate
655786,3630.134457,1414,694,1.49639669,0.625354937,Pomegranate
764554,4190.339632,1354,929,1.64522846,0.547166601,Pomegranate
757722.5,3757.656312,1392,814,1.495386504,0.674350892,Pomegranate
507671,3321.992316,1269,639,1.597276583,0.578089355,Pomegranate
595734.5,3423.264402,1294,723,1.57043448,0.638824741,Pomegranate
731435.5,3669.514181,1443,752,1.483570322,0.682603889,Pomegranate
519751.5,3629.808549,1374,603,1.594073322,0.495721982,Pomegranate
696088,3711.173994,1312,734,1.383457264,0.63511355,Pomegranate
761700,3768.904008,1460,756,1.449074439,0.673850674,Pomegranate
805995,3973.153785,1469,819,1.492702808,0.641610498,Pomegranate
645028.5,3701.715187,1396,747,1.616691355,0.59153816,Pomegranate
660449.5,3830.308112,1520,689,1.585707916,0.565694634,Pomegranate
490862.5,3344.612595,1250,647,1.647610074,0.551414367,Pomegranate
551572.5,3266.848096,1265,633,1.451749317,0.649463259,Pomegranate
737336,3707.163898,1462,745,1.477196285,0.674204626,Pomegranate
784227.5,4127.185318,1371,830,1.451020272,0.578554121,Pomegranate
916196,4253.251327,1499,936,1.531401578,0.636438089,Pomegranate
121554,2020.885548,790,435,2.827138556,0.374020738,Pomegranate
73601.5,1509.907846,411,545,3.043348301,0.405691254,Pomegranate
112048.5,1675.917949,695,247,1.532059778,0.501314662,Pomegranate
164383,2042.184977,844,328,1.684067087,0.495309448,Pomegranate
72483.5,1373.030647,500,311,2.14531583,0.483157313,Pomegranate
143072.5,2253.225732,749,655,3.428995789,0.354125031,Pomegranate
179065,2381.772847,921,383,1.969915952,0.396661355,Pomegranate
157615,2059.949481,854,338,1.831373917,0.466760688,Pomegranate
114418,1677.851935,700,260,1.590658812,0.510736563,Pomegranate
77366.5,1305.751431,470,290,1.761744424,0.570219143,Pomegranate
145562,1952.434754,773,350,1.858658166,0.479849248,Pomegranate
84223,1428.798111,590,238,1.66724054,0.518440399,Pomegranate
46869,933.1168736,238,336,1.706202394,0.676430943,Pomegranate
101035.5,1421.716941,420,453,1.883100494,0.628141637,Pomegranate
104451,1424.028559,255,561,1.369589568,0.647269388,Pomegranate
84611,1371.768674,554,247,1.617260167,0.565034453,Pomegranate
106941.5,1465.290533,395,485,1.791399971,0.625905327,Pomegranate
75995.5,1195.692556,315,425,1.761617464,0.667972664,Pomegranate
74637.5,1307.668171,493,237,1.565446324,0.548493951,Pomegranate
68525,1308.915865,529,199,1.536242247,0.502614999,Pomegranate
43022,913.9209145,333,193,1.493863605,0.647266646,Pomegranate
58604,1122.454968,374,295,1.882635998,0.584519858,Pomegranate
20316.5,603.0264739,190,158,1.477616715,0.702079026,Pomegranate
46230.5,1014.472212,348,265,1.994786991,0.564492458,Pomegranate
98827,1612.989019,626,251,1.58990964,0.477334313,Pomegranate
137645.5,1928.770763,805,300,1.754507049,0.464954712,Pomegranate
43527.5,972.2813067,404,153,1.420067773,0.578615037,Pomegranate
40854.5,989.0752441,382,194,1.813949504,0.524796705,Pomegranate
70564,1119.567666,417,271,1.601482342,0.707444478,Pomegranate
80636.5,1312.177835,476,282,1.664655584,0.588513105,Pomegranate
53099,1077.317883,404,227,1.727113505,0.574921392,Pomegranate
19140,616.2396744,156,223,1.817554859,0.633362705,Pomegranate
170569,2034.375881,717,467,1.963070663,0.517901979,Pomegranate
25884.5,751.7371491,303,152,1.779288764,0.575595804,Pomegranate
111442,1560.788008,586,329,1.729994078,0.57487169,Pomegranate
59843.5,1274.756484,469,273,2.139530609,0.462777665,Pomegranate
78642.5,1244.697606,488,251,1.557529326,0.637880707,Pomegranate
50626.5,1012.790972,398,193,1.517268624,0.620223368,Pomegranate
85777.5,1504.486493,568,318,2.105727026,0.476218938,Pomegranate
39761,975.5188941,197,369,1.828248786,0.525044111,Pomegranate
53560.5,974.5310872,257,335,1.607434583,0.708701075,Pomegranate
95530.5,1693.706834,465,533,2.594407022,0.418480701,Pomegranate
96856.5,1390.177836,387,409,1.634201112,0.629793125,Pomegranate
79986.5,1214.354461,421,294,1.54743613,0.681609465,Pomegranate
73205,1525.141259,632,203,1.752557885,0.395485412,Pomegranate
49526,948.2295724,314,269,1.705488026,0.692175346,Pomegranate
38527.5,804.648838,266,229,1.581052495,0.747769791,Pomegranate
158422.5,2987.225727,758,355,1.698559232,0.223095415,Pomegranate
152899.5,1847.932229,622,469,1.907906828,0.56265716,Pomegranate
108738.5,1641.785921,680,243,1.51960897,0.506944187,Pomegranate
53798.5,1227.820411,514,164,1.566883835,0.448446185,Pomegranate
164575,1736.067228,649,392,1.545848397,0.686184099,Pomegranate
181257,2122.115998,794,417,1.826677039,0.505785545,Pomegranate
104822,1598.126101,602,303,1.740149969,0.515751164,Pomegranate
216179.5,2154.618523,856,386,1.528433547,0.585172076,Pomegranate
100889.5,1373.09963,540,257,1.375564355,0.672437204,Pomegranate
84360.5,1720.309868,617,304,2.223410245,0.358208303,Pomegranate
90720.5,1650.878409,402,541,2.397275147,0.41829736,Pomegranate
87526.5,1352.839744,497,273,1.55017052,0.600975433,Pomegranate
62200,1145.543279,259,375,1.561495177,0.595630935,Pomegranate
65444.5,1179.727044,421,271,1.743324496,0.590908106,Pomegranate
15608.5,511.9726498,133,176,1.499695679,0.748303042,Pomegranate
14074.5,562.2569207,201,132,1.885111372,0.559465383,Pomegranate
20695,632.1564168,206,172,1.712104373,0.650768006,Pomegranate
20213.5,693.4528799,271,141,1.890370297,0.528223198,Pomegranate
80027.5,1618.687504,641,273,2.186660835,0.38381601,Pomegranate
62990,1259.59205,475,231,1.741943166,0.498909358,Pomegranate
110001,1575.959584,583,361,1.913282607,0.556565582,Pomegranate
96219,1394.111822,552,260,1.491597294,0.62212189,Pomegranate
94463,1459.675313,522,356,1.967246435,0.557133242,Pomegranate
30972.5,784.7665864,307,158,1.566098959,0.631982596,Pomegranate
31292,815.2346253,332,156,1.655119519,0.591667823,Pomegranate
34670.5,861.1097335,325,181,1.696687386,0.587561015,Pomegranate
32567,853.6366453,351,155,1.670556084,0.561618645,Pomegranate
29874,887.8965304,355,140,1.663654014,0.476188083,Pomegranate
38319.5,913.9625442,343,194,1.736504913,0.576464944,Pomegranate
20795.5,659.3107444,231,169,1.877281143,0.601172249,Pomegranate
28596.5,852.281307,345,151,1.821726435,0.494716983,Pomegranate
55897,1214.680362,417,299,2.230584826,0.476073868,Pomegranate
68497.5,1066.47221,359,279,1.462257747,0.756807624,Pomegranate
20163,628.3818102,179,174,1.544710609,0.641678967,Pomegranate
164836.5,1981.907847,687,489,2.038037692,0.527346823,Pomegranate
197166,2634.438933,988,549,2.751042269,0.356997864,Pomegranate
165084.5,2063.162681,756,480,2.19814701,0.487359253,Pomegranate
146331,1904.091615,749,384,1.965516534,0.507189815,Pomegranate
224538,2302.31701,927,403,1.663776287,0.532315938,Pomegranate
143333,2014.317006,810,342,1.932702169,0.443915609,Pomegranate
73932,1194.253955,449,269,1.633676892,0.651401782,Pomegranate
77561.5,1359.207274,503,284,1.841790063,0.527575578,Pomegranate
61880.5,2641.946512,419,262,1.774032207,0.11140781,Pomegranate
78233,1223.141259,468,259,1.549371748,0.657122922,Pomegranate
70249.5,1434.94739,525,298,2.227062114,0.428727305,Pomegranate
50959.5,1083.560524,424,195,1.622464899,0.545417003,Pomegranate
108560.5,1523.113907,530,400,1.952828147,0.588053626,Pomegranate
52979,1112.798118,421,259,2.058155118,0.537626733,Pomegranate
304846.5,3032.716064,1236,431,1.74748931,0.416512053,Pomegranate
95429.5,1380.118962,481,360,1.814533242,0.629592385,Pomegranate
135931.5,1695.682451,588,440,1.903311594,0.594074515,Pomegranate
98986.5,1384.864127,429,406,1.759573275,0.648591871,Pomegranate
126323.5,1643.824587,597,391,1.847850954,0.587466451,Pomegranate
75271,1412.160595,528,285,1.99917631,0.474317745,Pomegranate
25075.5,770.9675977,306,150,1.830471975,0.530135899,Pomegranate
33071.5,858.423443,337,163,1.660976974,0.563975994,Pomegranate
21566,653.8965299,248,146,1.678939071,0.633813375,Pomegranate
18263,711.7543947,212,189,2.19394404,0.453024478,Pomegranate
64408,1292.229571,552,192,1.645509875,0.484696995,Pomegranate
46796.5,1139.01637,444,218,2.068359813,0.453276605,Pomegranate
22653.5,737.737149,236,215,2.23983049,0.523048389,Pomegranate
37279.5,982.4478258,389,188,1.96172159,0.485356613,Pomegranate
42932.5,925.7615356,335,213,1.662027601,0.629502962,Pomegranate
98357,1809.758569,687,292,2.039549803,0.377375633,Pomegranate
55717.5,1076.874233,346,276,1.713931889,0.603769979,Pomegranate
70932,1605.415424,657,256,2.37117239,0.34584158,Pomegranate
84084.5,1375.46716,551,249,1.631680036,0.558502805,Pomegranate
125159,1823.630722,710,374,2.121621298,0.472931399,Pomegranate
127436,1863.013403,695,321,1.75064346,0.461391975,Pomegranate
66451,1659.900705,574,279,2.409986306,0.303072943,Pomegranate
104714,1671.533174,680,272,1.76633497,0.470960641,Pomegranate
55099.5,1024.330076,381,234,1.61805461,0.659899308,Pomegranate
225830.5,2660.372916,795,501,1.763690024,0.400965886,Pomegranate
257.5,71.01219249,21,22,1.794174757,0.641684064,Pomegranate
198804,2278.684539,803,433,1.748953743,0.481134579,Pomegranate
110320,1575.214416,581,369,1.943337563,0.558707835,Pomegranate
209725,2269.939372,901,422,1.81295506,0.51148341,Pomegranate
97179.5,1303.325028,492,286,1.447959703,0.718917498,Pomegranate
239570.5,2515.745499,910,606,2.301869387,0.475674417,Pomegranate
75688.5,1451.540318,444,465,2.727759171,0.451420789,Pomegranate
196386,2312.327109,947,355,1.711858279,0.461553286,Pomegranate
128339.5,1863.39818,750,316,1.846664511,0.464471288,Pomegranate
162729.5,2069.589083,746,456,2.090438427,0.477428021,Pomegranate
84559.5,1237.383902,492,247,1.437141894,0.694006194,Pomegranate
100374.5,1347.75143,531,278,1.470672332,0.694406306,Pomegranate
116362,1502.420475,568,318,1.552259329,0.64779569,Pomegranate
133826,1572.989018,627,317,1.485204669,0.679671376,Pomegranate
172781.5,2011.04493,741,427,1.831255082,0.536863102,Pomegranate
260490,2755.998245,1132,433,1.881669162,0.430966037,Pomegranate
151671,1996.160592,840,300,1.66149099,0.478323215,Pomegranate
202605,2294.327111,968,334,1.59577503,0.483670221,Pomegranate
130355,1880.327112,759,320,1.863219669,0.463309005,Pomegranate
45751.5,984.104681,371,203,1.646131821,0.593652917,Pomegranate
81044.5,1299.467159,484,276,1.648279649,0.603118701,Pomegranate
92614,1358.077332,530,276,1.579458829,0.631011835,Pomegranate
102562.5,1787.893566,766,256,1.911965874,0.403195002,Pomegranate
113716,1674.184978,674,322,1.908508917,0.509829026,Pomegranate
114355,1542.018456,533,395,1.841065104,0.604346316,Pomegranate
51846,1168.974738,482,194,1.803572117,0.476776529,Pomegranate
144735,1867.724078,658,427,1.941244343,0.521384354,Pomegranate
49203,1017.744289,367,250,1.864723696,0.596930953,Pomegranate
38442.5,846.021419,317,188,1.55026338,0.674930059,Pomegranate
156197,1746.846883,722,310,1.432934051,0.643239749,Pomegranate
65480.5,1318.212327,525,230,1.844060445,0.473533942,Pomegranate
83137,1527.841835,593,324,2.311028784,0.447556035,Pomegranate
33730.5,816.1635565,278,214,1.763744979,0.636323915,Pomegranate
30061.5,798.0802947,191,283,1.798080601,0.593099196,Pomegranate
51304,953.5777701,327,235,1.497836426,0.709004276,Pomegranate
149040,2044.767801,730,498,2.43921095,0.447945018,Pomegranate
94504.5,1331.810305,286,489,1.479866038,0.669541669,Pomegranate
202598,2355.67949,874,538,2.320911361,0.458788598,Pomegranate
83914,1309.969687,511,258,1.571108516,0.61449987,Pomegranate
117874.5,1728.462106,738,267,1.671659265,0.495803972,Pomegranate
183441.5,2302.510876,979,343,1.830539981,0.434814558,Pomegranate
60181,1071.851936,384,291,1.856798657,0.658263343,Pomegranate
113836,1655.557562,648,347,1.975262659,0.521916372,Pomegranate
135152,1816.719026,627,496,2.301053629,0.514584632,Pomegranate
132263.5,1797.304815,605,508,2.323694746,0.514524903,Pomegranate
96212,1434.597104,594,252,1.555814244,0.587461226,Pomegranate
204459.5,2166.726172,777,522,1.983737611,0.547279398,Pomegranate
92712,1470.479349,597,280,1.803002848,0.538800455,Pomegranate
101569.5,1535.692554,628,283,1.749777246,0.541208516,Pomegranate
111217.5,1599.775814,651,301,1.761872008,0.546090648,Pomegranate
120059.5,1660.746377,677,312,1.759327667,0.54701567,Pomegranate
116439.5,1664.854024,567,448,2.181527746,0.527907553,Pomegranate
85723,1470.018456,519,358,2.167469641,0.498495969,Pomegranate
65479,1256.597102,509,219,1.702393134,0.521098466,Pomegranate
315212.5,2970.872476,979,792,2.459826308,0.448792174,Pomegranate
297663.5,2645.686628,933,642,2.012292404,0.534390395,Pomegranate
194778,2329.890599,960,389,1.917259649,0.450898415,Pomegranate
139763,2002.189156,703,576,2.897247483,0.438118779,Pomegranate
49172,979.6021543,326,268,1.776783535,0.643914602,Pomegranate
233845.5,2372.490667,882,573,2.161196174,0.522071344,Pomegranate
87894,1331.425528,539,257,1.576023392,0.623067838,Pomegranate
89981.5,1351.325026,547,260,1.580547112,0.61921783,Pomegranate
125837.5,1563.339304,537,424,1.809381146,0.647013664,Pomegranate
174773,2070.719032,867,372,1.845388018,0.51220269,Pomegranate
117197,1496.788009,592,316,1.596218333,0.657363775,Pomegranate
167751,2053.807338,828,376,1.855893557,0.499753195,Pomegranate
107127,1503.841834,572,340,1.815415348,0.595256962,Pomegranate
164775,1979.454091,691,544,2.281316947,0.528457805,Pomegranate
191865,2148.954527,372,880,1.706199672,0.522096968,Pomegranate
205576.5,2228.64291,902,401,1.759452077,0.520118565,Pomegranate
38280.5,807.5361407,305,184,1.466020559,0.737672392,Pomegranate
176611.5,2349.755608,902,499,2.54852034,0.40196057,Pomegranate
116462.5,1490.805253,555,326,1.553547279,0.65849752,Pomegranate
173769.5,1973.481447,809,343,1.596868265,0.560682912,Pomegranate
110656,1508.562613,585,308,1.628289474,0.611023834,Pomegranate
120243,1567.709801,627,265,1.381826801,0.614806315,Pomegranate
123240,1779.096666,733,310,1.843800714,0.489285631,Pomegranate
152570.5,1983.530208,631,550,2.274686129,0.487307164,Pomegranate
130388,1737.959583,663,303,1.540701598,0.542460529,Pomegranate
90976,1540.528124,607,293,1.954922177,0.481723064,Pomegranate
133419,1666.302732,662,326,1.617550724,0.603837016,Pomegranate
85708,1282.253956,483,288,1.62299902,0.655063091,Pomegranate
175191.5,1719.231657,451,530,1.364392679,0.744824745,Pomegranate
149850.5,1739.457056,536,488,1.745526375,0.622358518,Pomegranate
120480.5,1663.824587,527,483,2.112715336,0.546904567,Pomegranate
111464,1673.39104,689,265,1.638062513,0.500206821,Pomegranate
69773,1163.719904,448,215,1.380476689,0.647441205,Pomegranate
74317.5,1376.839744,529,268,1.907652975,0.492645101,Pomegranate
50590.5,1019.075242,367,232,1.683003726,0.612161954,Pomegranate
121609.5,1708.285482,705,308,1.785551293,0.523668519,Pomegranate
51766.5,938.6488369,357,205,1.413752137,0.73833316,Pomegranate
138799.5,1714.226609,597,396,1.70326262,0.593555456,Pomegranate
82448.5,1233.526034,483,254,1.487983408,0.680919831,Pomegranate
76588.5,1389.040753,574,224,1.678789897,0.498819534,Pomegranate
117504,1592.434758,532,472,2.136982571,0.582289847,Pomegranate
92641.5,1504.378846,586,268,1.695222983,0.514400055,Pomegranate
137391.5,1835.88346,682,363,1.801901864,0.512247103,Pomegranate
141195,1907.32206,782,341,1.888607954,0.487731852,Pomegranate
170920,2136.55251,903,327,1.727597707,0.470517311,Pomegranate
168440,1934.542403,746,449,1.988565661,0.565585921,Pomegranate
120633,1656.101716,666,319,1.761159882,0.552715925,Pomegranate
104727.5,1520.261096,581,292,1.619937457,0.569421992,Pomegranate
29380.5,704.4234421,248,177,1.494052177,0.744048844,Pomegranate
103398,1429.391038,558,287,1.548830732,0.635945492,Pomegranate
59284.5,1199.560524,497,192,1.609594413,0.51773401,Pomegranate
65033,1129.910811,363,324,1.808497224,0.640111051,Pomegranate
85451.5,1602.001211,429,345,1.732035131,0.418411753,Pomegranate
81701.5,1324.462107,391,417,1.995642675,0.585276139,Pomegranate
53376,1091.460019,424,207,1.644334532,0.563041265,Pomegranate
90184.5,1427.893564,466,369,1.906691283,0.55584038,Pomegranate
177845.5,1850.912896,713,393,1.575575429,0.652350173,Pomegranate
183052.5,1956.854021,711,447,1.736206826,0.600715268,Pomegranate
173078.5,2002.795147,767,381,1.688407283,0.542225485,Pomegranate
92709.5,1402.462108,487,370,1.943598013,0.592313772,Pomegranate
91239,1294.337216,474,297,1.542958603,0.684377154,Pomegranate
99802,1231.366655,444,305,1.356886636,0.827131062,Pomegranate
115873,1631.037787,583,426,2.143363855,0.547348673,Pomegranate
120392,1545.959583,601,309,1.542536049,0.633010949,Pomegranate
48549,977.1757492,350,220,1.586026489,0.638917512,Pomegranate
39453,955.3178837,228,336,1.941753479,0.543242927,Pomegranate
44792,919.7787796,353,194,1.528889087,0.665339867,Pomegranate
83429,1479.709799,601,240,1.728895228,0.478821676,Pomegranate
89372,1329.910814,508,288,1.637022781,0.634989152,Pomegranate
65976,1272.655978,502,245,1.864162726,0.511886648,Pomegranate
47035,933.8031659,358,199,1.514659296,0.677829285,Pomegranate
72884.5,1122.614348,432,234,1.386961562,0.726748034,Pomegranate
132325.5,1758.711887,722,335,1.827841195,0.53760588,Pomegranate
134189,1698.444862,641,340,1.624127164,0.584552975,Pomegranate
44575,900.0630509,302,229,1.551497476,0.691441351,Pomegranate
63667.5,1275.383898,518,214,1.741108101,0.491864866,Pomegranate
123361.5,2066.701787,813,379,2.497756593,0.362939198,Pomegranate
69633.5,1212.18794,469,233,1.569316493,0.595508783,Pomegranate
49260,1081.033614,430,198,1.728380024,0.529695002,Pomegranate
37689.5,846.5067015,266,229,1.616206105,0.660951266,Pomegranate
54977.5,977.1929946,370,204,1.372925288,0.723492713,Pomegranate
44488.5,997.1097326,415,159,1.483192286,0.562304704,Pomegranate
31830,846.8082166,322,154,1.557901351,0.557797259,Pomegranate
48305,962.5483325,303,273,1.712431425,0.655174308,Pomegranate
50219.5,993.0163698,362,223,1.607463236,0.639984466,Pomegranate
154199.5,2198.054159,804,595,3.10234469,0.401066189,Pomegranate
64825.5,1175.785921,436,253,1.701614334,0.589249508,Pomegranate
60898.5,1110.129067,434,213,1.517968423,0.620968416,Pomegranate
33705,799.2346251,285,208,1.758789497,0.663064252,Pomegranate
48728.5,1150.354461,424,256,2.227525986,0.462732011,Pomegranate
46059,882.5239464,338,180,1.320914479,0.743141256,Pomegranate
35071,730.7249557,254,186,1.347095891,0.825372765,Pomegranate
29486.5,748.7077125,296,161,1.616197243,0.661010679,Pomegranate
40416,1190.264062,483,172,2.055522565,0.358489592,Pomegranate
37397,904.950354,356,170,1.618311629,0.573848327,Pomegranate
48722.5,1006.246817,348,236,1.68562779,0.604686662,Pomegranate
21141,681.6122615,225,182,1.936994466,0.571821659,Pomegranate
404440,2710.414549,619,878,1.343788943,0.691819065,Pomegranate
407385,2729.929266,621,883,1.346006849,0.686929408,Pomegranate
226765,2056.625662,664,516,1.510920998,0.673713713,Pomegranate
233099.5,2075.554594,673,518,1.495558764,0.679959245,Pomegranate
245369,2078.743415,493,691,1.388370169,0.713555543,Pomegranate
250786.5,2238.52516,500,720,1.435483967,0.628912256,Pomegranate
82046.5,1258.72199,309,400,1.506462799,0.650744168,Pomegranate
124491.5,1466.261095,435,431,1.506006434,0.727657385,Pomegranate
123041.5,1451.432669,433,428,1.506191001,0.733952059,Pomegranate
198572.5,1825.221555,457,593,1.364745874,0.749027547,Pomegranate
111112,1761.062174,402,480,1.736626107,0.450216545,Pomegranate
108626.5,1707.363689,393,475,1.718503312,0.468267017,Pomegranate
226048,3405.173992,565,617,1.542172459,0.244980726,Pomegranate
222337,3312.747589,560,612,1.541443844,0.254592094,Pomegranate
167518.5,1778.309864,404,592,1.427710969,0.66566813,Pomegranate
164060,1789.238797,400,588,1.433621846,0.643985306,Pomegranate
115825,1478.822494,566,287,1.402477876,0.665549064,Pomegranate
131284,1642.008351,417,471,1.496046738,0.611886599,Pomegranate
129191,1728.635768,409,469,1.484786092,0.543294281,Pomegranate
194937.5,2046.500772,517,601,1.593931388,0.584899743,Pomegranate
191090,1877.003297,513,598,1.60539013,0.681581437,Pomegranate
160977,1768.410371,402,599,1.495853445,0.646855965,Pomegranate
64330,1037.685414,313,313,1.522913104,0.75074421,Pomegranate
72552,1166.940247,340,326,1.527731834,0.669517627,Pomegranate
233158,3219.202558,1196,848,4.349874334,0.282724586,Rasna
192148,2810.374137,913,945,4.490210671,0.305715496,Rasna
283368.5,3965.002762,1481,1125,5.879711401,0.226503255,Rasna
227114,4199.744952,1597,1192,8.381799449,0.161810961,Rasna
330718.5,3988.233204,1473,1139,5.073036434,0.26128066,Rasna
278890,3859.446414,1423,1117,5.699347413,0.235284206,Rasna
230327,4077.696186,1516,1156,7.608730197,0.174070423,Rasna
403539.5,4014.895119,1471,1113,4.057156734,0.314591878,Rasna
224634.5,3344.939704,1208,1000,5.377624541,0.252295633,Rasna
320837,4098.416977,1533,1145,5.470955657,0.240028067,Rasna
325540,3356.33964,1185,948,3.450820176,0.363146965,Rasna
471036.5,3437.798449,1222,900,2.334850909,0.5008453,Rasna
246091,3964.867754,1475,1162,6.96470005,0.196719849,Rasna
302086.5,3909.429168,1439,1149,5.473303176,0.248378777,Rasna
228837,3252.790432,1204,924,4.86152152,0.271784035,Rasna
304500,3813.824042,1379,1117,5.058597701,0.263072745,Rasna
260646.5,3840.208818,1405,1100,5.929486872,0.222101801,Rasna
259383,3996.21595,1482,1143,6.53059761,0.204104921,Rasna
329545,4205.495172,1572,1162,5.542988059,0.234147925,Rasna
368475.5,3789.532635,1390,1068,4.028816027,0.322438712,Rasna
472508,3293.423774,1160,817,2.005722654,0.547423954,Rasna
247125.5,3218.783291,1176,902,4.292361573,0.299739479,Rasna
418791.5,4072.576356,1447,1172,4.049470918,0.3172994,Rasna
468989.5,4058.326576,1473,1134,3.561661828,0.357831855,Rasna
462565.5,3091.534389,1023,786,1.738300846,0.608183927,Rasna
203075,3857.210912,1421,1147,8.026034716,0.17152189,Rasna
394945.5,3095.323271,1051,828,2.203412876,0.51800626,Rasna
206861,2988.967062,1051,927,4.709814803,0.290968668,Rasna
291983.5,4186.046461,1573,1193,6.427037829,0.209392,Rasna
355184,4398.999799,1593,1183,5.305754201,0.230651017,Rasna
321312,4028.735727,1530,1084,5.161711981,0.248770712,Rasna
465098.5,3471.538561,1275,880,2.412392214,0.484965468,Rasna
277723.5,4137.630163,1580,1119,6.366115939,0.203853961,Rasna
430684,2991.978042,983,799,1.823650287,0.604577246,Rasna
490095.5,3295.95069,1075,908,1.991652647,0.566929646,Rasna
303616,3899.706293,1426,1128,5.297902614,0.250882703,Rasna
328768,3826.770227,1403,1092,4.660052073,0.282120491,Rasna
343306,4013.304279,1494,1133,4.930592533,0.267847182,Rasna
233934.5,4037.713425,1532,1129,7.393642237,0.180315539,Rasna
291848.5,3904.718486,1436,1135,5.584609823,0.240540313,Rasna
330274,3424.353926,1119,1121,3.798055554,0.353937811,Rasna
403085,4116.593606,1502,1148,4.27774787,0.298903163,Rasna
480563.5,3287.656319,1077,967,2.167162092,0.558711773,Rasna
258352.5,3293.057463,1172,984,4.463854617,0.299380779,Rasna
239432,4012.323599,1497,1157,7.233907748,0.186896063,Rasna
382780.5,3506.204648,1196,1048,3.274482373,0.391277745,Rasna
263357,3751.539779,1394,1058,5.600200488,0.23514493,Rasna
299670.5,4109.22815,1553,1142,5.918253548,0.223014627,Rasna
331681.5,4264.448498,1599,1191,5.741679895,0.229195119,Rasna
251554.5,3674.953995,1368,1061,5.769914671,0.234065896,Rasna
233158,3219.202558,1196,848,4.349874334,0.282724586,Rasna
471036.5,3437.798449,1222,900,2.334850909,0.5008453,Rasna
418791.5,4072.576356,1447,1172,4.049470918,0.3172994,Rasna
430684,2991.978042,983,799,1.823650287,0.604577246,Rasna
239432,4012.323599,1497,1157,7.233907748,0.186896063,Rasna
263357,3751.539779,1394,1058,5.600200488,0.23514493,Rasna
299670.5,4109.22815,1553,1142,5.918253548,0.223014627,Rasna
331681.5,4264.448498,1599,1191,5.741679895,0.229195119,Rasna
251554.5,3674.953995,1368,1061,5.769914671,0.234065896,Rasna
192148,2810.374137,913,945,4.490210671,0.305715496,Rasna
283368.5,3965.002762,1481,1125,5.879711401,0.226503255,Rasna
227114,4199.744952,1597,1192,8.381799449,0.161810961,Rasna
330718.5,3988.233204,1473,1139,5.073036434,0.26128066,Rasna
278890,3859.446414,1423,1117,5.699347413,0.235284206,Rasna
230327,4077.696186,1516,1156,7.608730197,0.174070423,Rasna
403539.5,4014.895119,1471,1113,4.057156734,0.314591878,Rasna
224634.5,3344.939704,1208,1000,5.377624541,0.252295633,Rasna
320837,4098.416977,1533,1145,5.470955657,0.240028067,Rasna
325540,3356.33964,1185,948,3.450820176,0.363146965,Rasna
246091,3964.867754,1475,1162,6.96470005,0.196719849,Rasna
302086.5,3909.429168,1439,1149,5.473303176,0.248378777,Rasna
228837,3252.790432,1204,924,4.86152152,0.271784035,Rasna
304500,3813.824042,1379,1117,5.058597701,0.263072745,Rasna
260646.5,3840.208818,1405,1100,5.929486872,0.222101801,Rasna
259383,3996.21595,1482,1143,6.53059761,0.204104921,Rasna
329545,4205.495172,1572,1162,5.542988059,0.234147925,Rasna
368475.5,3789.532635,1390,1068,4.028816027,0.322438712,Rasna
472508,3293.423774,1160,817,2.005722654,0.547423954,Rasna
247125.5,3218.783291,1176,902,4.292361573,0.299739479,Rasna
468989.5,4058.326576,1473,1134,3.561661828,0.357831855,Rasna
462565.5,3091.534389,1023,786,1.738300846,0.608183927,Rasna
203075,3857.210912,1421,1147,8.026034716,0.17152189,Rasna
394945.5,3095.323271,1051,828,2.203412876,0.51800626,Rasna
206861,2988.967062,1051,927,4.709814803,0.290968668,Rasna
291983.5,4186.046461,1573,1193,6.427037829,0.209392,Rasna
355184,4398.999799,1593,1183,5.305754201,0.230651017,Rasna
321312,4028.735727,1530,1084,5.161711981,0.248770712,Rasna
465098.5,3471.538561,1275,880,2.412392214,0.484965468,Rasna
277723.5,4137.630163,1580,1119,6.366115939,0.203853961,Rasna
490095.5,3295.95069,1075,908,1.991652647,0.566929646,Rasna
303616,3899.706293,1426,1128,5.297902614,0.250882703,Rasna
328768,3826.770227,1403,1092,4.660052073,0.282120491,Rasna
343306,4013.304279,1494,1133,4.930592533,0.267847182,Rasna
233934.5,4037.713425,1532,1129,7.393642237,0.180315539,Rasna
291848.5,3904.718486,1436,1135,5.584609823,0.240540313,Rasna
330274,3424.353926,1119,1121,3.798055554,0.353937811,Rasna
403085,4116.593606,1502,1148,4.27774787,0.298903163,Rasna
480563.5,3287.656319,1077,967,2.167162092,0.558711773,Rasna
258352.5,3293.057463,1172,984,4.463854617,0.299380779,Rasna
382780.5,3506.204648,1196,1048,3.274482373,0.391277745,Rasna
233158,3219.202558,1196,848,4.349874334,0.282724586,Rasna
471036.5,3437.798449,1222,900,2.334850909,0.5008453,Rasna
418791.5,4072.576356,1447,1172,4.049470918,0.3172994,Rasna
430684,2991.978042,983,799,1.823650287,0.604577246,Rasna
239432,4012.323599,1497,1157,7.233907748,0.186896063,Rasna
263357,3751.539779,1394,1058,5.600200488,0.23514493,Rasna
299670.5,4109.22815,1553,1142,5.918253548,0.223014627,Rasna
331681.5,4264.448498,1599,1191,5.741679895,0.229195119,Rasna
251554.5,3674.953995,1368,1061,5.769914671,0.234065896,Rasna
192148,2810.374137,913,945,4.490210671,0.305715496,Rasna
283368.5,3965.002762,1481,1125,5.879711401,0.226503255,Rasna
227114,4199.744952,1597,1192,8.381799449,0.161810961,Rasna
330718.5,3988.233204,1473,1139,5.073036434,0.26128066,Rasna
278890,3859.446414,1423,1117,5.699347413,0.235284206,Rasna
230327,4077.696186,1516,1156,7.608730197,0.174070423,Rasna
403539.5,4014.895119,1471,1113,4.057156734,0.314591878,Rasna
224634.5,3344.939704,1208,1000,5.377624541,0.252295633,Rasna
320837,4098.416977,1533,1145,5.470955657,0.240028067,Rasna
325540,3356.33964,1185,948,3.450820176,0.363146965,Rasna
246091,3964.867754,1475,1162,6.96470005,0.196719849,Rasna
302086.5,3909.429168,1439,1149,5.473303176,0.248378777,Rasna
228837,3252.790432,1204,924,4.86152152,0.271784035,Rasna
304500,3813.824042,1379,1117,5.058597701,0.263072745,Rasna
260646.5,3840.208818,1405,1100,5.929486872,0.222101801,Rasna
259383,3996.21595,1482,1143,6.53059761,0.204104921,Rasna
329545,4205.495172,1572,1162,5.542988059,0.234147925,Rasna
368475.5,3789.532635,1390,1068,4.028816027,0.322438712,Rasna
472508,3293.423774,1160,817,2.005722654,0.547423954,Rasna
247125.5,3218.783291,1176,902,4.292361573,0.299739479,Rasna
468989.5,4058.326576,1473,1134,3.561661828,0.357831855,Rasna
462565.5,3091.534389,1023,786,1.738300846,0.608183927,Rasna
203075,3857.210912,1421,1147,8.026034716,0.17152189,Rasna
394945.5,3095.323271,1051,828,2.203412876,0.51800626,Rasna
206861,2988.967062,1051,927,4.709814803,0.290968668,Rasna
291983.5,4186.046461,1573,1193,6.427037829,0.209392,Rasna
355184,4398.999799,1593,1183,5.305754201,0.230651017,Rasna
321312,4028.735727,1530,1084,5.161711981,0.248770712,Rasna
465098.5,3471.538561,1275,880,2.412392214,0.484965468,Rasna
277723.5,4137.630163,1580,1119,6.366115939,0.203853961,Rasna
490095.5,3295.95069,1075,908,1.991652647,0.566929646,Rasna
303616,3899.706293,1426,1128,5.297902614,0.250882703,Rasna
328768,3826.770227,1403,1092,4.660052073,0.282120491,Rasna
343306,4013.304279,1494,1133,4.930592533,0.267847182,Rasna
233934.5,4037.713425,1532,1129,7.393642237,0.180315539,Rasna
291848.5,3904.718486,1436,1135,5.584609823,0.240540313,Rasna
330274,3424.353926,1119,1121,3.798055554,0.353937811,Rasna
403085,4116.593606,1502,1148,4.27774787,0.298903163,Rasna
480563.5,3287.656319,1077,967,2.167162092,0.558711773,Rasna
258352.5,3293.057463,1172,984,4.463854617,0.299380779,Rasna
382780.5,3506.204648,1196,1048,3.274482373,0.391277745,Rasna
729999.5,3831.004512,1496,722,1.479606493,0.625038976,Tulsi
897599.5,3903.788348,1446,891,1.435368447,0.740150333,Tulsi
591211.5,3226.872479,749,1103,1.397379787,0.713492038,Tulsi
1036639,4318.07558,1454,966,1.354921048,0.6986456,Tulsi
977101.5,4133.077671,1450,996,1.478045014,0.718790635,Tulsi
832132.5,3792.519228,1426,800,1.370935518,0.727020682,Tulsi
788085,3767.271538,1345,877,1.496748447,0.697796966,Tulsi
777830.5,3903.004511,1354,868,1.510961578,0.641647825,Tulsi
972686,4032.644118,1429,910,1.336906258,0.751627627,Tulsi
1122315,4316.030985,1529,1008,1.373261517,0.75710397,Tulsi
913082.5,3945.989357,1482,879,1.426681598,0.736899164,Tulsi
894492.5,3971.940589,1439,864,1.389945695,0.712493784,Tulsi
932598,4145.972107,1462,947,1.484577492,0.681791515,Tulsi
1076242.5,4421.930476,1507,942,1.319028007,0.691665608,Tulsi
531238.5,3204.529333,717,1091,1.472496816,0.650086135,Tulsi
908777,3907.271535,1361,922,1.380802991,0.748031702,Tulsi
496788,3172.34557,658,1047,1.38676055,0.620325996,Tulsi
533509.5,3091.652134,716,1023,1.372924006,0.7014081,Tulsi
508951,3063.031863,670,1079,1.420431436,0.681683539,Tulsi
401944,2720.057122,556,940,1.300280636,0.682683435,Tulsi
883821.5,3917.573049,1442,837,1.365608327,0.723669417,Tulsi
756172.5,3739.774065,1346,795,1.415113615,0.679422636,Tulsi
874806.5,4011.053283,1446,854,1.411608167,0.683289903,Tulsi
736385.5,3610.141588,1354,791,1.454420273,0.710013526,Tulsi
337350,2430.331293,559,896,1.484701349,0.717727556,Tulsi
435710,2800.380063,667,1026,1.570636432,0.6981897,Tulsi
426291.5,2775.652138,654,1022,1.567913036,0.69532279,Tulsi
413769.5,2853.367868,649,1031,1.617129827,0.638635132,Tulsi
647574.5,3260.647086,1027,861,1.365475324,0.765406263,Tulsi
1021733,4105.73243,1474,937,1.351760196,0.761668506,Tulsi
554682.5,3135.804376,699,1071,1.34965318,0.708853364,Tulsi
544226,3103.184099,721,1077,1.426828193,0.710189206,Tulsi
566902,3093.433879,719,1108,1.405272869,0.744451104,Tulsi
663210,3335.565913,1027,949,1.469554138,0.749069089,Tulsi
560664,3042.546576,708,1078,1.361285904,0.761093591,Tulsi
536855.5,2959.843043,714,1067,1.419074593,0.770069473,Tulsi
450671,3193.978034,887,791,1.556827486,0.55514397,Tulsi
578763.5,3561.534383,1007,860,1.496327947,0.57337231,Tulsi
615302.5,3657.926298,1012,891,1.465445045,0.577867995,Tulsi
640255.5,3619.416639,994,975,1.513692581,0.61416636,Tulsi
604282.5,3415.642032,917,940,1.426452032,0.650886378,Tulsi
490935,3078.865339,843,849,1.457844725,0.650807382,Tulsi
678677,3830.276586,1070,974,1.535605303,0.581316599,Tulsi
572033.5,3280.137417,959,913,1.530621895,0.66810889,Tulsi
606818.5,3414.210569,1061,881,1.540396346,0.654166156,Tulsi
525539,3498.262306,1036,851,1.677584347,0.53964738,Tulsi
641462,3491.433876,1042,975,1.583803873,0.661261374,Tulsi
575109.5,3263.652133,956,886,1.472790834,0.678504421,Tulsi
496222,3272.723204,936,839,1.582565868,0.582193466,Tulsi
388648.5,2667.981004,808,741,1.540538559,0.686122077,Tulsi
409166,2745.242972,730,784,1.398747697,0.682256726,Tulsi
439731,3077.301848,928,729,1.538467836,0.583521352,Tulsi
217473.5,2038.653009,732,425,1.430519121,0.657551212,Tulsi
223210,2049.439807,740,431,1.428878634,0.667810398,Tulsi
78232,1198.371705,430,260,1.429082728,0.684559504,Tulsi
67022.5,1142.614347,396,241,1.423939722,0.64510609,Tulsi
132716,1518.905757,567,324,1.384218934,0.722888792,Tulsi
143424.5,1502.143348,479,445,1.486182626,0.798749227,Tulsi
90549,1639.650923,517,233,1.330340479,0.423243919,Tulsi
81584.5,1259.584909,440,257,1.386047595,0.646193556,Tulsi
137340.5,1481.290537,476,389,1.348211198,0.786552999,Tulsi
77057.5,1073.016369,354,286,1.313876002,0.841031157,Tulsi
219748,1835.817444,595,471,1.275301709,0.819361985,Tulsi
109268,1570.420476,416,484,1.842662079,0.556763761,Tulsi
124345,1385.425528,437,365,1.282761671,0.814088873,Tulsi
86058,1242.479354,347,396,1.596737084,0.700523568,Tulsi
229610.5,2034.986053,629,532,1.457372376,0.696752818,Tulsi
140588,1445.851936,473,389,1.308767462,0.845104618,Tulsi
81796,1515.474298,370,350,1.583207003,0.447553317,Tulsi
532696,3245.835896,721,1021,1.381915764,0.635383865,Tulsi
73198,1119.116873,334,297,1.355200962,0.734443161,Tulsi
74963.5,1083.727045,340,296,1.342520026,0.80208408,Tulsi
34641.5,756.9675971,232,197,1.319342407,0.759717227,Tulsi
56390,963.5188929,293,249,1.293793226,0.763293368,Tulsi
134422.5,1440.177837,474,384,1.35405903,0.814422167,Tulsi
199676.5,1774.250995,602,467,1.407947355,0.797088796,Tulsi
158577,1586.07733,482,422,1.282682861,0.792138909,Tulsi
59636,1072.891478,419,212,1.489502985,0.651038661,Tulsi
21896.5,631.511755,180,202,1.660539356,0.689956464,Tulsi
96121,1531.342268,641,239,1.593814047,0.515090576,Tulsi
133645,2090.798113,923,223,1.540117475,0.384183209,Tulsi